date,open,close,high,low,volume,turnover,amp,change_ratio,change,turnover_ratio
2001-05-24,5.43,4.62,5.43,4.60,411569,1116130000.00,41.09,128.71,2.60,58.80
2001-05-25,4.58,4.62,4.70,4.51,44944,115719000.00,4.11,0.00,0.00,6.42
2001-05-28,4.60,4.51,4.60,4.45,36799,92582000.00,3.25,-2.38,-0.11,5.26
2001-05-29,4.48,4.54,4.60,4.47,13680,34709000.00,2.88,0.67,0.03,1.95
2001-05-30,4.54,4.53,4.56,4.48,13538,34124000.00,1.76,-0.22,-0.01,1.93
2001-05-31,4.53,4.48,4.57,4.47,16275,40853000.00,2.21,-1.10,-0.05,2.33
2001-06-01,4.48,4.62,4.63,4.48,13738,34902000.00,3.35,3.13,0.14,1.96
2001-06-04,4.62,4.62,4.66,4.57,9451,24376000.00,1.95,0.00,0.00,1.35
2001-06-05,4.62,4.64,4.67,4.58,9492,24560000.00,1.95,0.43,0.02,1.36
2001-06-06,4.62,4.64,4.67,4.60,8662,22446000.00,1.51,0.00,0.00,1.24
2001-06-07,4.64,4.57,4.64,4.56,7207,18436000.00,1.72,-1.51,-0.07,1.03
2001-06-08,4.56,4.62,4.64,4.51,7038,17884000.00,2.84,1.09,0.05,1.01
2001-06-11,4.62,4.67,4.71,4.57,10085,26167000.00,3.03,1.08,0.05,1.44
2001-06-12,4.69,4.72,4.72,4.64,10750,28187000.00,1.71,1.07,0.05,1.54
2001-06-13,4.72,4.73,4.77,4.69,17866,47235000.00,1.69,0.21,0.01,2.55
2001-06-14,4.72,4.66,4.77,4.66,15854,41692000.00,2.33,-1.48,-0.07,2.26
2001-06-15,4.66,4.72,4.72,4.62,8600,22391000.00,2.15,1.29,0.06,1.23
2001-06-18,4.72,4.71,4.77,4.68,13703,36081000.00,1.91,-0.21,-0.01,1.96
2001-06-19,4.71,4.67,4.74,4.66,4367,11423000.00,1.70,-0.85,-0.04,0.62
2001-06-20,4.67,4.60,4.67,4.57,4969,12830000.00,2.14,-1.50,-0.07,0.71
2001-06-21,4.59,4.67,4.67,4.59,2560,6613000.00,1.74,1.52,0.07,0.37
2001-06-22,4.67,4.70,4.72,4.67,4903,12843000.00,1.07,0.64,0.03,0.70
2001-06-26,4.74,4.82,4.85,4.74,19672,52702000.00,2.34,2.55,0.12,2.81
2001-06-27,4.83,4.79,4.84,4.76,7311,19518000.00,1.66,-0.62,-0.03,1.04
2001-06-28,4.79,4.76,4.83,4.75,5469,14565000.00,1.67,-0.63,-0.03,0.78
2001-06-29,4.73,4.73,4.79,4.72,3481,9198000.00,1.47,-0.63,-0.03,0.50
2001-07-02,4.73,4.75,4.82,4.73,4594,12194000.00,1.90,0.42,0.02,0.66
2001-07-03,4.75,4.73,4.76,4.68,3231,8498000.00,1.68,-0.42,-0.02,0.46
2001-07-04,4.74,4.69,4.74,4.69,3236,8499000.00,1.06,-0.85,-0.04,0.46
2001-07-05,4.69,4.62,4.71,4.62,4993,12931000.00,1.92,-1.49,-0.07,0.71
2001-07-06,4.62,4.59,4.66,4.58,3946,10156000.00,1.73,-0.65,-0.03,0.56
2001-07-09,4.60,4.59,4.61,4.57,1677,4295000.00,0.87,0.00,0.00,0.24
2001-07-10,4.60,4.63,4.64,4.60,1237,3190000.00,0.87,0.87,0.04,0.18
2001-07-11,4.63,4.60,4.66,4.60,1760,4544000.00,1.30,-0.65,-0.03,0.25
2001-07-12,4.60,4.58,4.62,4.57,1863,4760000.00,1.09,-0.43,-0.02,0.27
2001-07-13,4.64,4.58,4.64,4.57,1525,3910196.00,1.53,0.00,0.00,0.22
2001-07-16,4.59,4.55,4.63,4.52,6507,16565000.00,2.40,-0.66,-0.03,0.93
2001-07-17,4.51,4.45,4.53,4.41,6176,15426000.00,2.64,-2.20,-0.10,0.88
2001-07-18,4.45,4.48,4.52,4.45,2632,6598000.00,1.57,0.67,0.03,0.38
2001-07-19,4.47,4.59,4.60,4.47,5276,13325000.00,2.90,2.46,0.11,0.75
2001-07-20,4.59,4.68,4.69,4.57,14326,37153000.00,2.61,1.96,0.09,2.05
2001-07-23,4.70,4.68,4.77,4.66,7320,19254000.00,2.35,0.00,0.00,1.05
2001-07-24,4.66,4.70,4.73,4.62,10222,26678000.00,2.35,0.43,0.02,1.46
2001-07-25,4.70,4.68,4.75,4.67,7548,19767000.00,1.70,-0.43,-0.02,1.08
2001-07-26,4.68,4.58,4.68,4.57,4462,11464000.00,2.35,-2.14,-0.10,0.64
2001-07-27,4.55,4.50,4.60,4.49,3574,9085000.00,2.40,-1.75,-0.08,0.51
2001-07-30,4.47,4.02,4.47,4.02,10233,24502000.00,10.00,-10.67,-0.48,1.46
2001-07-31,3.95,3.89,4.14,3.89,11152,25042000.00,6.22,-3.23,-0.13,1.59
2001-08-01,3.92,4.12,4.13,3.92,7378,16852000.00,5.40,5.91,0.23,1.05
2001-08-02,4.12,4.13,4.13,4.01,5580,12801000.00,2.91,0.24,0.01,0.80
2001-08-03,4.15,4.13,4.16,4.10,1965,4577000.00,1.45,0.00,0.00,0.28
2001-08-06,4.09,3.94,4.09,3.86,4085,9104000.00,5.57,-4.60,-0.19,0.58
2001-08-07,3.89,3.99,4.03,3.87,3427,7644000.00,4.06,1.27,0.05,0.49
2001-08-08,3.99,3.96,4.00,3.93,1793,4011000.00,1.75,-0.75,-0.03,0.26
2001-08-09,3.96,4.03,4.03,3.94,1574,3558000.00,2.27,1.77,0.07,0.22
2001-08-10,4.03,4.10,4.15,4.03,3514,8108000.00,2.98,1.74,0.07,0.50
2001-08-14,4.08,4.06,4.08,4.02,2115,4831000.00,1.46,-0.98,-0.04,0.30
2001-08-15,4.06,4.16,4.18,4.04,3818,8899000.00,3.45,2.46,0.10,0.55
2001-08-16,4.16,4.12,4.18,4.12,3443,8028000.00,1.44,-0.96,-0.04,0.49
2001-08-17,4.13,4.11,4.13,4.08,2303,5319000.00,1.21,-0.24,-0.01,0.33
2001-08-20,4.11,4.13,4.17,4.08,1432,3324000.00,2.19,0.49,0.02,0.20
2001-08-21,4.13,4.13,4.14,4.11,1660,3858000.00,0.73,0.00,0.00,0.24
2001-08-22,4.10,4.01,4.10,3.99,3048,6918000.00,2.66,-2.91,-0.12,0.44
2001-08-23,3.94,4.03,4.05,3.93,2032,4555000.00,2.99,0.50,0.02,0.29
2001-08-24,4.01,3.96,4.05,3.95,1371,3094000.00,2.48,-1.74,-0.07,0.20
2001-08-27,3.91,3.53,3.93,3.53,19925,41341000.00,10.10,-10.86,-0.43,2.85
2001-08-28,3.47,3.39,3.47,3.19,21616,41291000.00,7.93,-3.97,-0.14,3.09
2001-08-29,3.39,3.40,3.49,3.30,7878,15308000.00,5.60,0.29,0.01,1.13
2001-08-30,3.37,3.32,3.39,3.30,3177,6076000.00,2.65,-2.35,-0.08,0.45
2001-08-31,3.12,3.06,3.22,2.99,61586,110258000.00,6.93,-7.83,-0.26,8.80
2001-09-03,3.06,3.08,3.14,3.06,9979,17832000.00,2.61,0.65,0.02,1.43
2001-09-04,3.08,3.21,3.21,3.07,12166,22093000.00,4.55,4.22,0.13,1.74
2001-09-05,3.22,3.25,3.33,3.21,20536,38565000.00,3.74,1.25,0.04,2.93
2001-09-06,3.25,3.19,3.28,3.18,9103,16801000.00,3.08,-1.85,-0.06,1.30
2001-09-07,3.18,3.08,3.21,3.07,8532,15364000.00,4.39,-3.45,-0.11,1.22
2001-09-10,3.03,3.22,3.24,2.99,6206,11295000.00,8.12,4.55,0.14,0.89
2001-09-11,3.22,3.24,3.27,3.18,6160,11442000.00,2.80,0.62,0.02,0.88
2001-09-12,3.18,3.20,3.22,3.10,8318,15157000.00,3.70,-1.23,-0.04,1.19
2001-09-13,3.20,3.26,3.31,3.20,9382,17585000.00,3.44,1.88,0.06,1.34
2001-09-14,3.24,3.19,3.29,3.18,5895,10928000.00,3.37,-2.15,-0.07,0.84
2001-09-17,3.15,3.10,3.20,3.10,4634,8372000.00,3.13,-2.82,-0.09,0.66
2001-09-18,3.08,3.12,3.19,3.07,3740,6731000.00,3.87,0.65,0.02,0.53
2001-09-19,3.14,3.21,3.21,3.08,4085,7409000.00,4.17,2.88,0.09,0.58
2001-09-20,3.23,3.16,3.26,3.14,6445,11951000.00,3.74,-1.56,-0.05,0.92
2001-09-21,3.14,3.16,3.21,3.11,3055,5567000.00,3.16,0.00,0.00,0.44
2001-09-24,3.16,3.15,3.20,3.14,1504,2742000.00,1.90,-0.32,-0.01,0.21
2001-09-25,3.15,3.11,3.19,3.10,4023,7253000.00,2.86,-1.27,-0.04,0.57
2001-09-26,3.12,3.07,3.12,3.06,4196,7455000.00,1.93,-1.29,-0.04,0.60
2001-09-27,3.07,3.06,3.11,3.02,3754,6629000.00,2.93,-0.33,-0.01,0.54
2001-09-28,3.10,2.92,3.10,2.82,8491,14480000.00,9.15,-4.58,-0.14,1.21
2001-10-08,2.93,2.77,2.97,2.76,5365,8801000.00,7.19,-5.14,-0.15,0.77
2001-10-09,2.78,2.84,2.90,2.77,3246,5355000.00,4.69,2.53,0.07,0.46
2001-10-10,2.84,2.74,2.85,2.72,4158,6698000.00,4.58,-3.52,-0.10,0.59
2001-10-11,2.74,2.74,2.83,2.70,15713,25221000.00,4.74,0.00,0.00,2.24
2001-10-12,2.74,2.92,2.97,2.74,16416,27522000.00,8.39,6.57,0.18,2.35
2001-10-15,2.92,2.94,2.96,2.87,6432,10890000.00,3.08,0.68,0.02,0.92
2001-10-16,2.94,2.85,2.94,2.82,4433,7375000.00,4.08,-3.06,-0.09,0.63
2001-10-17,2.81,2.81,2.86,2.79,2290,3762000.00,2.46,-1.40,-0.04,0.33
2001-10-18,2.81,2.74,2.83,2.72,3931,6321000.00,3.91,-2.49,-0.07,0.56
2001-10-19,2.73,2.59,2.74,2.55,8350,12824000.00,6.93,-5.47,-0.15,1.19
2001-10-22,2.56,2.50,2.59,2.49,6269,9391000.00,3.86,-3.47,-0.09,0.90
2001-10-23,2.79,2.79,2.79,2.72,16142,26169000.00,2.80,11.60,0.29,2.31
2001-10-24,2.94,3.04,3.10,2.89,43809,76846000.00,7.53,8.96,0.25,6.26
2001-10-25,3.01,2.92,3.04,2.92,13775,23672000.00,3.95,-3.95,-0.12,1.97
2001-10-26,2.89,2.97,2.97,2.83,9864,16538000.00,4.79,1.71,0.05,1.41
2001-10-29,2.97,2.99,3.03,2.94,6993,12123000.00,3.03,0.67,0.02,1.00
2001-10-30,3.00,2.95,3.02,2.95,2874,4947000.00,2.34,-1.34,-0.04,0.41
2001-10-31,2.93,2.93,2.94,2.85,3255,5461000.00,3.05,-0.68,-0.02,0.47
2001-11-01,2.93,2.97,2.98,2.91,5465,9341000.00,2.39,1.37,0.04,0.78
2001-11-02,2.97,2.97,3.01,2.89,5957,10258000.00,4.04,0.00,0.00,0.85
2001-11-05,2.96,2.92,2.98,2.89,2251,3826000.00,3.03,-1.68,-0.05,0.32
2001-11-06,2.89,2.89,2.92,2.89,1644,2770000.00,1.03,-1.03,-0.03,0.23
2001-11-07,2.87,2.64,2.87,2.62,9173,14561000.00,8.65,-8.65,-0.25,1.31
2001-11-08,2.60,2.65,2.68,2.53,6403,9796000.00,5.68,0.38,0.01,0.91
2001-11-09,2.63,2.69,2.71,2.60,3623,5657000.00,4.15,1.51,0.04,0.52
2001-11-12,2.69,2.67,2.71,2.65,2687,4228000.00,2.23,-0.74,-0.02,0.38
2001-11-13,2.64,2.59,2.64,2.57,3014,4603000.00,2.62,-3.00,-0.08,0.43
2001-11-14,2.59,2.63,2.64,2.58,1867,2876000.00,2.32,1.54,0.04,0.27
2001-11-15,2.62,2.65,2.66,2.62,1344,2086000.00,1.52,0.76,0.02,0.19
2001-11-16,2.95,2.72,2.95,2.70,16972,27546000.00,9.43,2.64,0.07,2.42
2001-11-19,2.72,2.82,2.82,2.72,16973,27546705.00,3.68,3.68,0.10,2.42
2001-11-20,2.82,2.91,2.93,2.82,4725,7675701.00,3.90,3.19,0.09,0.67
2001-11-21,2.91,2.90,2.93,2.87,7406,12482000.00,2.06,-0.34,-0.01,1.06
2001-11-22,2.90,2.94,2.95,2.88,8053,13698000.00,2.41,1.38,0.04,1.15
2001-11-23,2.95,2.91,2.95,2.89,5963,10094000.00,2.04,-1.02,-0.03,0.85
2001-11-26,2.91,2.87,2.91,2.86,2708,4524000.00,1.72,-1.37,-0.04,0.39
2001-11-27,2.87,2.91,2.91,2.87,2422,4062000.00,1.39,1.39,0.04,0.35
2001-11-28,2.91,3.01,3.02,2.91,14009,24270000.00,3.78,3.44,0.10,2.00
2001-11-29,3.01,3.00,3.03,3.00,6697,11673000.00,1.00,-0.33,-0.01,0.96
2001-11-30,3.00,3.04,3.06,3.00,5382,9444000.00,2.00,1.33,0.04,0.77
2001-12-03,3.04,3.09,3.15,3.04,13476,24199000.00,3.62,1.64,0.05,1.93
2001-12-04,3.10,3.12,3.12,3.07,5781,10303000.00,1.62,0.97,0.03,0.83
2001-12-05,3.10,3.01,3.10,3.01,9879,17448908.00,2.88,-3.53,-0.11,1.41
2001-12-06,2.99,3.02,3.04,2.97,4941,8603205.00,2.33,0.33,0.01,0.71
2001-12-07,3.02,3.01,3.06,2.99,3957,6885842.00,2.32,-0.33,-0.01,0.57
2001-12-10,3.01,3.01,3.01,2.93,3387,5820619.00,2.66,0.00,0.00,0.48
2001-12-11,3.00,2.93,3.01,2.92,4695,8020075.00,2.99,-2.66,-0.08,0.67
2001-12-12,2.92,2.92,2.95,2.92,4309,7320302.00,1.02,-0.34,-0.01,0.62
2001-12-13,2.91,2.83,2.93,2.83,4482,7518146.00,3.42,-3.08,-0.09,0.64
2001-12-14,2.83,2.81,2.87,2.81,2871,4728492.00,2.12,-0.71,-0.02,0.41
2001-12-17,2.78,2.82,2.85,2.78,6105,10005685.00,2.49,0.36,0.01,0.87
2001-12-18,2.82,2.88,2.88,2.81,2782,4602800.00,2.48,2.13,0.06,0.40
2001-12-19,2.89,2.83,2.89,2.82,3406,5671114.00,2.43,-1.74,-0.05,0.49
2001-12-20,2.81,2.75,2.82,2.74,4204,6776242.00,2.83,-2.83,-0.08,0.60
2001-12-21,2.72,2.77,2.77,2.72,2061,3307232.00,1.82,0.73,0.02,0.29
2001-12-24,2.76,2.69,2.76,2.69,1999,3175914.00,2.53,-2.89,-0.08,0.29
2001-12-25,2.69,2.72,2.74,2.67,3515,5569822.00,2.60,1.12,0.03,0.50
2001-12-26,2.70,2.74,2.74,2.67,5702,8996734.00,2.57,0.74,0.02,0.81
2001-12-27,2.76,2.74,2.77,2.72,3974,6366798.00,1.82,0.00,0.00,0.57
2001-12-28,2.74,2.74,2.76,2.68,6136,9700727.00,2.92,0.00,0.00,0.88
2001-12-31,2.75,2.72,2.76,2.70,4834,7711760.00,2.19,-0.73,-0.02,0.69
2002-01-04,2.74,2.65,2.74,2.65,3422,5348840.00,3.31,-2.57,-0.07,0.49
2002-01-07,2.64,2.61,2.66,2.57,3522,5363533.00,3.40,-1.51,-0.04,0.50
2002-01-08,2.60,2.57,2.62,2.57,2663,4057845.00,1.92,-1.53,-0.04,0.38
2002-01-09,2.55,2.57,2.59,2.55,1688,2549415.00,1.56,0.00,0.00,0.24
2002-01-10,2.57,2.47,2.58,2.32,21610,31105141.00,10.12,-3.89,-0.10,3.09
2002-01-11,2.45,2.37,2.45,2.35,5484,7769858.00,4.05,-4.05,-0.10,0.78
2002-01-14,2.34,2.29,2.35,2.26,5064,6959661.00,3.80,-3.38,-0.08,0.72
2002-01-15,2.26,2.26,2.33,2.25,6391,8725904.00,3.49,-1.31,-0.03,0.91
2002-01-16,2.29,2.29,2.33,2.19,4533,6112187.00,6.19,1.33,0.03,0.65
2002-01-17,2.12,2.17,2.28,2.12,5965,7861665.00,6.99,-5.24,-0.12,0.85
2002-01-18,2.30,2.23,2.30,2.14,9739,13012169.00,7.37,2.76,0.06,1.39
2002-01-21,2.20,2.13,2.24,2.12,4670,6082548.00,5.38,-4.48,-0.10,0.67
2002-01-22,2.16,2.17,2.23,2.13,4432,5797244.00,4.69,1.88,0.04,0.63
2002-01-23,2.14,2.33,2.33,2.14,9727,13116964.00,8.76,7.37,0.16,1.39
2002-01-24,2.32,2.36,2.41,2.26,16536,23191859.00,6.44,1.29,0.03,2.36
2002-01-25,2.36,2.35,2.39,2.32,7622,10673044.00,2.97,-0.42,-0.01,1.09
2002-01-28,2.33,2.15,2.38,2.14,10696,14358800.00,10.21,-8.51,-0.20,1.53
2002-01-29,2.14,2.22,2.26,2.12,4981,6585328.00,6.51,3.26,0.07,0.71
2002-01-30,2.22,2.23,2.27,2.20,2887,3858710.00,3.15,0.45,0.01,0.41
2002-01-31,2.29,2.43,2.45,2.28,17568,24936855.00,7.62,8.97,0.20,2.51
2002-02-01,2.43,2.47,2.49,2.39,16365,23795538.00,4.12,1.65,0.04,2.34
2002-02-04,2.45,2.51,2.51,2.43,9267,13597835.00,3.24,1.62,0.04,1.32
2002-02-05,2.52,2.47,2.52,2.42,6985,10196063.00,3.98,-1.59,-0.04,1.00
2002-02-06,2.45,2.40,2.49,2.40,6759,9787879.00,3.64,-2.83,-0.07,0.97
2002-02-07,2.37,2.47,2.50,2.37,3669,5328674.00,5.42,2.92,0.07,0.52
2002-02-08,2.47,2.47,2.53,2.47,6758,9975430.00,2.43,0.00,0.00,0.97
2002-02-25,2.55,2.52,2.57,2.51,7794,11664137.00,2.43,2.02,0.05,1.11
2002-02-26,2.51,2.50,2.51,2.46,2791,4100762.00,1.98,-0.79,-0.02,0.40
2002-02-27,2.53,2.51,2.55,2.49,3577,5326762.00,2.40,0.40,0.01,0.51
2002-02-28,2.51,2.48,2.54,2.47,3757,5578445.00,2.79,-1.20,-0.03,0.54
2002-03-01,2.42,2.42,2.47,2.41,3613,5201664.00,2.42,-2.42,-0.06,0.52
2002-03-04,2.52,2.50,2.52,2.42,3665,5337907.00,4.13,3.31,0.08,0.52
2002-03-05,2.50,2.57,2.60,2.47,10913,16405606.00,5.20,2.80,0.07,1.56
2002-03-06,2.57,2.56,2.63,2.55,12246,18655321.00,3.11,-0.39,-0.01,1.75
2002-03-07,2.57,2.64,2.64,2.56,8923,13627692.00,3.13,3.13,0.08,1.27
2002-03-08,2.66,2.66,2.69,2.60,14667,22701286.00,3.41,0.76,0.02,2.10
2002-03-11,2.65,2.71,2.71,2.65,10312,16241011.00,2.26,1.88,0.05,1.47
2002-03-12,2.66,2.61,2.71,2.60,10367,16109732.00,4.06,-3.69,-0.10,1.48
2002-03-13,2.59,2.55,2.63,2.55,6734,10237862.00,3.07,-2.30,-0.06,0.96
2002-03-14,2.58,2.64,2.65,2.56,5463,8384941.00,3.53,3.53,0.09,0.78
2002-03-15,2.66,2.56,2.70,2.55,8050,12532721.00,5.68,-3.03,-0.08,1.15
2002-03-18,2.60,2.55,2.65,2.52,5669,8561257.00,5.08,-0.39,-0.01,0.81
2002-03-19,2.55,2.78,2.80,2.53,26935,42943900.00,10.59,9.02,0.23,3.85
2002-03-20,2.80,2.80,2.87,2.74,29564,48429258.00,4.68,0.72,0.02,4.22
2002-03-21,2.76,2.76,2.79,2.74,9136,14730847.00,1.79,-1.43,-0.04,1.31
2002-03-22,2.76,2.77,2.80,2.73,8085,13028329.00,2.54,0.36,0.01,1.16
2002-03-25,2.81,2.79,2.81,2.74,6401,10373726.00,2.53,0.72,0.02,0.91
2002-03-26,2.79,2.72,2.80,2.70,8570,13687853.00,3.58,-2.51,-0.07,1.22
2002-03-27,2.71,2.72,2.74,2.67,5824,9233156.00,2.57,0.00,0.00,0.83
2002-03-28,2.72,2.72,2.76,2.70,4119,6580760.00,2.21,0.00,0.00,0.59
2002-03-29,2.71,2.63,2.71,2.60,8526,13223376.00,4.04,-3.31,-0.09,1.22
2002-04-01,2.62,2.62,2.65,2.60,3025,4649945.00,1.90,-0.38,-0.01,0.43
2002-04-02,2.60,2.53,2.62,2.52,4977,7488418.00,3.82,-3.44,-0.09,0.71
2002-04-03,2.53,2.53,2.56,2.52,3052,4569553.00,1.58,0.00,0.00,0.44
2002-04-04,2.53,2.64,2.64,2.53,2801,4271764.00,4.35,4.35,0.11,0.40
2002-04-05,2.73,2.62,2.73,2.60,3660,5707909.00,4.92,-0.76,-0.02,0.52
2002-04-08,2.62,2.63,2.65,2.59,1126,1734896.00,2.29,0.38,0.01,0.16
2002-04-09,2.61,2.69,2.70,2.60,3647,5707648.00,3.80,2.28,0.06,0.52
2002-04-10,2.69,2.70,2.70,2.67,2886,4540996.00,1.12,0.37,0.01,0.41
2002-04-11,2.74,2.65,2.74,2.64,3274,5152695.00,3.70,-1.85,-0.05,0.47
2002-04-12,2.64,2.65,2.69,2.64,2259,3524582.00,1.89,0.00,0.00,0.32
2002-04-15,2.66,2.63,2.68,2.62,1297,2004351.00,2.26,-0.75,-0.02,0.19
2002-04-16,2.63,2.62,2.64,2.60,1596,2454479.00,1.52,-0.38,-0.01,0.23
2002-04-17,2.62,2.64,2.68,2.60,1639,2532460.00,3.05,0.76,0.02,0.23
2002-04-18,2.64,2.58,2.65,2.57,2323,3540465.00,3.03,-2.27,-0.06,0.33
2002-04-19,2.58,2.59,2.60,2.55,2138,3223672.00,1.94,0.39,0.01,0.31
2002-04-22,2.55,2.56,2.60,2.55,1493,2258745.00,1.93,-1.16,-0.03,0.21
2002-04-23,2.55,2.55,2.60,2.55,1429,2154241.00,1.95,-0.39,-0.01,0.20
2002-04-24,2.57,2.55,2.60,2.55,2013,3030916.00,1.96,0.00,0.00,0.29
2002-04-25,2.56,2.57,2.57,2.55,1363,2052646.00,0.78,0.78,0.02,0.19
2002-04-29,2.64,2.66,2.66,2.60,3912,6045459.00,2.33,3.50,0.09,0.56
2002-04-30,2.66,2.69,2.69,2.62,6706,10446617.00,2.63,1.13,0.03,0.96
2002-05-08,2.70,2.62,2.70,2.62,1870,2895474.00,2.97,-2.60,-0.07,0.27
2002-05-09,2.62,2.61,2.62,2.60,1948,2986533.00,0.76,-0.38,-0.01,0.28
2002-05-10,2.59,2.58,2.60,2.58,1249,1901745.00,0.77,-1.15,-0.03,0.18
2002-05-13,2.57,2.53,2.57,2.53,2621,3926604.00,1.55,-1.94,-0.05,0.37
2002-05-14,2.54,2.52,2.56,2.51,2435,3637806.00,1.98,-0.40,-0.01,0.35
2002-05-15,2.51,2.47,2.52,2.46,3765,5508562.00,2.38,-1.98,-0.05,0.54
2002-05-16,2.46,2.38,2.46,2.37,5360,7628022.00,3.64,-3.64,-0.09,0.77
2002-05-17,2.35,2.40,2.44,2.35,2642,3757287.00,3.78,0.84,0.02,0.38
2002-05-20,2.40,2.33,2.40,2.30,3964,5473216.00,4.17,-2.92,-0.07,0.57
2002-05-21,2.37,2.42,2.44,2.37,5408,7733952.00,3.00,3.86,0.09,0.77
2002-05-22,2.42,2.36,2.44,2.36,2189,3093858.00,3.31,-2.48,-0.06,0.31
2002-05-23,2.41,2.36,2.41,2.35,2578,3624592.00,2.54,0.00,0.00,0.37
2002-05-24,2.37,2.31,2.39,2.28,1924,2645156.00,4.66,-2.12,-0.05,0.27
2002-05-27,2.32,2.34,2.35,2.30,3704,5117653.00,2.16,1.30,0.03,0.53
2002-05-28,2.35,2.37,2.41,2.35,1223,1728536.00,2.56,1.28,0.03,0.17
2002-05-29,2.37,2.30,2.37,2.30,1659,2287032.00,2.95,-2.95,-0.07,0.24
2002-05-30,2.30,2.32,2.33,2.28,1465,2008394.00,2.17,0.87,0.02,0.21
2002-05-31,2.32,2.30,2.34,2.30,998,1377492.00,1.72,-0.86,-0.02,0.14
2002-06-03,2.30,2.24,2.30,2.23,1914,2573462.00,3.04,-2.61,-0.06,0.27
2002-06-04,2.23,2.24,2.26,2.22,1267,1695514.00,1.79,0.00,0.00,0.18
2002-06-05,2.22,2.19,2.23,2.18,1923,2537533.00,2.23,-2.23,-0.05,0.27
2002-06-06,2.18,2.29,2.35,2.18,2294,3087402.00,7.76,4.57,0.10,0.33
2002-06-07,2.30,2.33,2.35,2.27,3063,4228727.00,3.49,1.75,0.04,0.44
2002-06-10,2.29,2.30,2.32,2.28,1017,1393665.00,1.72,-1.29,-0.03,0.15
2002-06-11,2.30,2.34,2.34,2.29,1401,1943220.00,2.17,1.74,0.04,0.20
2002-06-12,2.36,2.34,2.36,2.33,1270,1740527.00,1.28,0.00,0.00,0.18
2002-06-13,2.21,2.33,2.35,2.21,890,1221213.00,5.98,-0.43,-0.01,0.13
2002-06-14,2.27,2.28,2.32,2.27,1007,1357629.00,2.15,-2.15,-0.05,0.14
2002-06-18,2.28,2.35,2.37,2.28,1595,2188335.00,3.95,3.07,0.07,0.23
2002-06-19,2.34,2.34,2.37,2.32,1074,1476808.00,2.13,-0.43,-0.01,0.15
2002-06-20,2.34,2.35,2.38,2.34,2287,3173647.00,1.71,0.43,0.01,0.33
2002-06-21,2.38,2.43,2.46,2.37,6225,8807064.00,3.83,3.40,0.08,0.89
2002-06-24,2.71,2.71,2.71,2.58,36217,55986363.00,5.35,11.52,0.28,5.17
2002-06-25,2.71,2.66,2.77,2.64,20740,32584144.00,4.80,-1.85,-0.05,2.96
2002-06-26,2.66,2.66,2.69,2.60,6889,10544195.00,3.38,0.00,0.00,0.98
2002-06-27,2.66,2.64,2.67,2.63,4125,6315000.00,1.50,-0.75,-0.02,0.59
2002-06-28,2.62,2.58,2.64,2.53,10981,16470805.00,4.17,-2.27,-0.06,1.57
2002-07-01,2.58,2.55,2.58,2.55,2975,4427160.00,1.16,-1.16,-0.03,0.43
2002-07-02,2.55,2.57,2.58,2.53,2374,3524624.00,1.96,0.78,0.02,0.34
2002-07-03,2.58,2.60,2.61,2.57,4288,6449558.00,1.56,1.17,0.03,0.61
2002-07-04,2.57,2.55,2.60,2.55,2038,3045535.00,1.92,-1.92,-0.05,0.29
2002-07-05,2.55,2.55,2.57,2.55,1465,2173661.00,0.78,0.00,0.00,0.21
2002-07-08,2.58,2.58,2.61,2.57,2812,4221434.00,1.57,1.18,0.03,0.40
2002-07-09,2.58,2.57,2.59,2.57,1420,2123280.00,0.78,-0.39,-0.01,0.20
2002-07-10,2.55,2.52,2.57,2.51,2825,4161904.00,2.33,-1.95,-0.05,0.40
2002-07-11,2.53,2.52,2.55,2.50,1932,2837619.00,1.98,0.00,0.00,0.28
2002-07-12,2.52,2.49,2.52,2.47,2265,3301616.00,1.98,-1.19,-0.03,0.32
2002-07-15,2.49,2.47,2.51,2.47,1393,2018389.00,1.61,-0.80,-0.02,0.20
2002-07-16,2.49,2.48,2.52,2.48,1138,1650211.00,1.62,0.40,0.01,0.16
2002-07-17,2.49,2.53,2.53,2.49,1062,1545139.00,1.61,2.02,0.05,0.15
2002-07-18,2.53,2.50,2.53,2.47,1462,2132081.00,2.37,-1.19,-0.03,0.21
2002-07-19,2.50,2.51,2.51,2.49,1502,2187746.00,0.80,0.40,0.01,0.21
2002-07-22,2.47,2.46,2.49,2.46,2142,3086690.00,1.20,-1.99,-0.05,0.31
2002-07-23,2.45,2.44,2.47,2.43,2140,3057498.00,1.63,-0.81,-0.02,0.31
2002-07-24,2.44,2.41,2.47,2.41,1298,1842520.00,2.46,-1.23,-0.03,0.19
2002-07-25,2.43,2.42,2.44,2.41,1442,2039517.00,1.24,0.41,0.01,0.21
2002-07-26,2.44,2.45,2.49,2.41,1518,2172672.00,3.31,1.24,0.03,0.22
2002-07-29,2.47,2.45,2.47,2.42,882,1253196.00,2.04,0.00,0.00,0.13
2002-07-30,2.45,2.46,2.46,2.44,1164,1663971.00,0.82,0.41,0.01,0.17
2002-07-31,2.39,2.43,2.47,2.39,745,1062700.00,3.25,-1.22,-0.03,0.11
2002-08-01,2.41,2.43,2.44,2.40,744,1051817.00,1.65,0.00,0.00,0.11
2002-08-02,2.41,2.44,2.45,2.41,873,1241409.00,1.65,0.41,0.01,0.12
2002-08-05,2.43,2.41,2.43,2.41,840,1187000.00,0.82,-1.23,-0.03,0.12
2002-08-06,2.40,2.44,2.46,2.40,731,1040117.00,2.49,1.24,0.03,0.10
2002-08-07,2.45,2.42,2.45,2.42,791,1120701.00,1.23,-0.82,-0.02,0.11
2002-08-08,2.41,2.42,2.43,2.41,908,1283027.00,0.83,0.00,0.00,0.13
2002-08-09,2.42,2.40,2.42,2.40,841,1183015.00,0.83,-0.83,-0.02,0.12
2002-08-12,2.41,2.37,2.41,2.37,1118,1555932.00,1.67,-1.25,-0.03,0.16
2002-08-13,2.37,2.36,2.39,2.36,1112,1546839.00,1.27,-0.42,-0.01,0.16
2002-08-14,2.37,2.38,2.38,2.37,734,1019905.00,0.42,0.85,0.02,0.10
2002-08-15,2.39,2.37,2.39,2.37,621,862984.00,0.84,-0.42,-0.01,0.09
2002-08-16,2.36,2.38,2.39,2.36,638,889100.00,1.27,0.42,0.01,0.09
2002-08-19,2.38,2.38,2.39,2.37,432,602906.00,0.84,0.00,0.00,0.06
2002-08-20,2.37,2.42,2.43,2.37,1058,1491660.00,2.52,1.68,0.04,0.15
2002-08-21,2.42,2.42,2.42,2.41,616,870233.00,0.41,0.00,0.00,0.09
2002-08-22,2.42,2.46,2.48,2.41,3737,5367228.00,2.89,1.65,0.04,0.53
2002-08-23,2.47,2.45,2.48,2.44,826,1182078.00,1.63,-0.41,-0.01,0.12
2002-08-26,2.44,2.43,2.45,2.42,915,1302279.00,1.22,-0.82,-0.02,0.13
2002-08-27,2.45,2.45,2.47,2.44,1558,2233387.00,1.23,0.82,0.02,0.22
2002-08-28,2.47,2.44,2.47,2.43,1858,2661000.00,1.63,-0.41,-0.01,0.27
2002-08-29,2.45,2.43,2.45,2.42,989,1405599.00,1.23,-0.41,-0.01,0.14
2002-08-30,2.42,2.42,2.43,2.41,939,1330675.00,0.82,-0.41,-0.01,0.13
2002-09-02,2.42,2.42,2.44,2.41,578,818796.00,1.24,0.00,0.00,0.08
2002-09-03,2.42,2.43,2.44,2.42,1193,1694646.00,0.83,0.41,0.01,0.17
2002-09-04,2.43,2.42,2.43,2.42,991,1405141.00,0.41,-0.41,-0.01,0.14
2002-09-05,2.43,2.37,2.43,2.37,1562,2184761.00,2.48,-2.07,-0.05,0.22
2002-09-06,2.37,2.36,2.37,2.35,2430,3358249.00,0.84,-0.42,-0.01,0.35
2002-09-09,2.35,2.36,2.37,2.35,1131,1561536.00,0.85,0.00,0.00,0.16
2002-09-10,2.33,2.37,2.37,2.33,860,1186894.00,1.69,0.42,0.01,0.12
2002-09-11,2.37,2.37,2.37,2.35,576,795306.00,0.84,0.00,0.00,0.08
2002-09-12,2.37,2.39,2.41,2.36,531,740068.00,2.11,0.84,0.02,0.08
2002-09-13,2.37,2.39,2.40,2.37,369,515422.00,1.26,0.00,0.00,0.05
2002-09-16,2.39,2.35,2.39,2.35,1293,1784851.00,1.67,-1.67,-0.04,0.18
2002-09-17,2.35,2.35,2.39,2.33,704,967882.00,2.55,0.00,0.00,0.10
2002-09-18,2.35,2.33,2.36,2.33,595,816242.00,1.28,-0.85,-0.02,0.08
2002-09-19,2.34,2.38,2.39,2.33,931,1287508.00,2.58,2.15,0.05,0.13
2002-09-20,2.38,2.35,2.38,2.34,568,786635.00,1.68,-1.26,-0.03,0.08
2002-09-23,2.35,2.34,2.35,2.33,597,819434.00,0.85,-0.43,-0.01,0.09
2002-09-24,2.33,2.34,2.35,2.33,761,1044715.00,0.85,0.00,0.00,0.11
2002-09-25,2.34,2.33,2.34,2.32,1232,1682659.00,0.85,-0.43,-0.01,0.18
2002-09-26,2.32,2.30,2.33,2.29,2006,2717307.00,1.72,-1.29,-0.03,0.29
2002-09-27,2.29,2.27,2.30,2.26,2293,3070428.00,1.74,-1.30,-0.03,0.33
2002-10-08,2.27,2.25,2.32,2.24,1351,1800468.00,3.52,-0.88,-0.02,0.19
2002-10-09,2.24,2.23,2.26,2.22,1284,1694480.00,1.78,-0.89,-0.02,0.18
2002-10-10,2.23,2.23,2.25,2.23,966,1275145.00,0.90,0.00,0.00,0.14
2002-10-11,2.24,2.23,2.26,2.23,1472,1945540.00,1.35,0.00,0.00,0.21
2002-10-14,2.25,2.26,2.28,2.23,900,1192171.00,2.24,1.35,0.03,0.13
2002-10-15,2.26,2.25,2.28,2.25,515,685048.00,1.33,-0.44,-0.01,0.07
2002-10-16,2.27,2.27,2.29,2.26,2814,3763825.00,1.33,0.89,0.02,0.40
2002-10-17,2.25,2.21,2.27,2.21,1375,1808064.00,2.64,-2.64,-0.06,0.20
2002-10-18,2.20,2.20,2.24,2.18,1525,1983031.00,2.71,-0.45,-0.01,0.22
2002-10-21,2.20,2.21,2.21,2.18,1041,1346005.00,1.36,0.45,0.01,0.15
2002-10-22,2.22,2.25,2.27,2.20,1662,2187757.00,3.17,1.81,0.04,0.24
2002-10-23,2.25,2.23,2.25,2.22,890,1171040.00,1.33,-0.89,-0.02,0.13
2002-10-24,2.25,2.22,2.25,2.22,802,1052194.00,1.35,-0.45,-0.01,0.11
2002-10-25,2.22,2.18,2.23,2.18,1521,1990069.00,2.25,-1.80,-0.04,0.22
2002-10-28,2.21,2.18,2.21,2.18,1334,1724765.00,1.38,0.00,0.00,0.19
2002-10-29,2.17,2.20,2.20,2.16,1752,2252867.00,1.83,0.92,0.02,0.25
2002-10-30,2.20,2.18,2.20,2.16,1398,1796227.00,1.82,-0.91,-0.02,0.20
2002-10-31,2.18,2.18,2.20,2.17,526,679775.00,1.38,0.00,0.00,0.08
2002-11-01,2.18,2.18,2.18,2.16,665,854623.00,0.92,0.00,0.00,0.09
2002-11-04,2.18,2.23,2.23,2.18,1070,1395452.00,2.29,2.29,0.05,0.15
2002-11-05,2.23,2.28,2.30,2.23,4791,6425213.00,3.14,2.24,0.05,0.68
2002-11-06,2.28,2.26,2.28,2.25,1456,1942149.00,1.32,-0.88,-0.02,0.21
2002-11-07,2.26,2.27,2.27,2.25,877,1168449.00,0.88,0.44,0.01,0.13
2002-11-08,2.28,2.18,2.29,2.18,2528,3299537.00,4.85,-3.96,-0.09,0.36
2002-11-11,2.18,2.17,2.22,2.17,947,1220784.00,2.29,-0.46,-0.01,0.14
2002-11-12,2.19,2.08,2.19,2.08,3228,4037343.00,5.07,-4.15,-0.09,0.46
2002-11-13,2.08,2.08,2.08,2.03,3076,3766184.00,2.40,0.00,0.00,0.44
2002-11-14,2.07,2.04,2.08,2.03,1625,1990432.00,2.40,-1.92,-0.04,0.23
2002-11-15,2.03,2.05,2.09,2.02,2089,2563822.00,3.43,0.49,0.01,0.30
2002-11-18,2.05,2.05,2.06,2.03,963,1175481.00,1.46,0.00,0.00,0.14
2002-11-19,2.06,2.10,2.10,2.05,998,1232810.00,2.44,2.44,0.05,0.14
2002-11-20,2.07,2.05,2.07,2.05,1306,1599640.00,0.95,-2.38,-0.05,0.19
2002-11-21,2.04,1.96,2.04,1.95,2517,3012983.00,4.39,-4.39,-0.09,0.36
2002-11-22,1.97,1.98,2.02,1.93,2103,2493487.00,4.59,1.02,0.02,0.30
2002-11-25,1.98,1.99,2.00,1.97,901,1069575.00,1.52,0.51,0.01,0.13
2002-11-26,1.97,1.89,2.00,1.89,1669,1942260.00,5.53,-5.03,-0.10,0.24
2002-11-27,1.89,1.88,1.90,1.83,2246,2528407.00,3.70,-0.53,-0.01,0.32
2002-11-28,1.84,1.93,1.94,1.84,1755,2010219.00,5.32,2.66,0.05,0.25
2002-11-29,1.95,1.97,2.01,1.91,4686,5554650.00,5.18,2.07,0.04,0.67
2002-12-02,1.94,1.89,1.97,1.88,1506,1742100.00,4.57,-4.06,-0.08,0.22
2002-12-03,1.88,1.90,1.91,1.87,1057,1206870.00,2.12,0.53,0.01,0.15
2002-12-04,1.93,1.96,2.01,1.87,7551,8864159.00,7.37,3.16,0.06,1.08
2002-12-05,1.96,1.94,1.96,1.91,3181,3712292.00,2.55,-1.02,-0.02,0.45
2002-12-06,1.95,1.94,1.97,1.92,1938,2257185.00,2.58,0.00,0.00,0.28
2002-12-09,1.94,1.93,1.96,1.92,883,1028609.00,2.06,-0.52,-0.01,0.13
2002-12-10,1.93,1.89,1.95,1.89,1094,1255246.00,3.11,-2.07,-0.04,0.16
2002-12-11,1.89,1.86,1.89,1.85,2641,2972995.00,2.12,-1.59,-0.03,0.38
2002-12-12,1.89,1.89,1.92,1.86,3637,4141344.00,3.23,1.61,0.03,0.52
2002-12-13,1.86,1.92,1.93,1.85,2252,2577811.00,4.23,1.59,0.03,0.32
2002-12-16,1.92,1.95,1.95,1.89,2352,2734743.00,3.13,1.56,0.03,0.34
2002-12-17,1.95,1.96,1.97,1.94,1822,2135405.00,1.54,0.51,0.01,0.26
2002-12-18,1.95,1.94,1.97,1.91,2008,2348516.00,3.06,-1.02,-0.02,0.29
2002-12-19,1.93,1.95,1.95,1.93,1141,1327448.00,1.03,0.52,0.01,0.16
2002-12-20,1.95,1.97,1.99,1.92,4072,4803107.00,3.59,1.03,0.02,0.58
2002-12-23,1.97,1.97,1.99,1.97,2891,3428622.00,1.02,0.00,0.00,0.41
2002-12-24,1.97,1.97,1.97,1.96,1097,1291054.00,0.51,0.00,0.00,0.16
2002-12-25,1.97,1.93,1.98,1.93,2667,3125180.00,2.54,-2.03,-0.04,0.38
2002-12-26,1.92,1.87,1.95,1.87,3351,3835834.00,4.15,-3.11,-0.06,0.48
2002-12-27,1.87,1.87,1.88,1.85,5293,5942588.00,1.60,0.00,0.00,0.76
2002-12-30,1.87,1.80,1.87,1.79,3842,4226662.00,4.28,-3.74,-0.07,0.55
2002-12-31,1.82,1.77,1.83,1.77,1720,1874787.00,3.33,-1.67,-0.03,0.25
2003-01-02,1.76,1.67,1.76,1.66,5830,6023616.00,5.65,-5.65,-0.10,0.83
2003-01-03,1.66,1.66,1.68,1.64,3921,3997292.00,2.40,-0.60,-0.01,0.56
2003-01-06,1.68,1.67,1.69,1.63,3572,3649455.00,3.61,0.60,0.01,0.51
2003-01-07,1.67,1.69,1.72,1.65,5921,6108812.00,4.19,1.20,0.02,0.85
2003-01-08,1.69,1.75,1.77,1.68,6070,6388152.00,5.33,3.55,0.06,0.87
2003-01-09,1.77,1.80,1.82,1.73,14489,15656279.00,5.14,2.86,0.05,2.07
2003-01-10,1.81,1.76,1.81,1.76,8167,8865138.00,2.78,-2.22,-0.04,1.17
2003-01-13,1.70,1.75,1.77,1.70,2377,2526451.00,3.98,-0.57,-0.01,0.34
2003-01-14,1.74,1.86,1.89,1.74,16807,18718920.00,8.57,6.29,0.11,2.40
2003-01-15,1.86,1.88,1.92,1.84,11128,12656245.00,4.30,1.08,0.02,1.59
2003-01-16,1.87,1.94,1.94,1.87,11313,13011422.00,3.72,3.19,0.06,1.62
2003-01-17,1.94,1.91,1.95,1.89,7752,8939315.00,3.09,-1.55,-0.03,1.11
2003-01-20,1.91,1.92,1.98,1.89,6520,7542354.00,4.71,0.52,0.01,0.93
2003-01-21,1.93,1.86,1.97,1.86,7733,8837334.00,5.73,-3.13,-0.06,1.10
2003-01-22,1.86,1.85,1.87,1.83,2808,3149486.00,2.15,-0.54,-0.01,0.40
2003-01-23,1.85,1.82,1.86,1.81,4243,4725246.00,2.70,-1.62,-0.03,0.61
2003-01-24,1.81,1.84,1.86,1.80,10864,12029573.00,3.30,1.10,0.02,1.55
2003-01-27,1.84,1.87,1.89,1.84,5032,5673477.00,2.72,1.63,0.03,0.72
2003-01-28,1.87,1.88,1.88,1.86,3739,4231054.00,1.07,0.53,0.01,0.53
2003-01-29,1.89,1.91,1.92,1.88,7762,8922364.00,2.13,1.60,0.03,1.11
2003-02-10,1.92,1.88,1.92,1.87,2549,2891831.00,2.62,-1.57,-0.03,0.36
2003-02-11,1.87,1.91,1.91,1.84,3037,3448428.00,3.72,1.60,0.03,0.43
2003-02-12,1.91,1.93,1.93,1.89,5237,6043354.00,2.09,1.05,0.02,0.75
2003-02-13,1.95,1.93,1.97,1.92,5824,6796149.00,2.59,0.00,0.00,0.83
2003-02-14,1.89,1.94,1.96,1.89,4856,5648291.00,3.63,0.52,0.01,0.69
2003-02-17,1.95,1.92,1.96,1.91,3778,4390752.00,2.58,-1.03,-0.02,0.54
2003-02-18,1.91,1.97,1.97,1.91,6555,7627638.00,3.13,2.60,0.05,0.94
2003-02-19,1.96,1.98,1.98,1.95,4482,5268103.00,1.52,0.51,0.01,0.64
2003-02-20,1.98,1.94,1.98,1.93,5614,6598101.00,2.53,-2.02,-0.04,0.80
2003-02-21,1.94,1.90,1.95,1.90,7094,8165046.00,2.58,-2.06,-0.04,1.01
2003-02-24,1.88,1.91,1.93,1.88,3753,4305952.00,2.63,0.53,0.01,0.54
2003-02-25,1.91,1.97,1.98,1.91,9956,11711091.00,3.66,3.14,0.06,1.42
2003-02-26,1.97,1.99,2.00,1.96,6433,7638758.00,2.03,1.02,0.02,0.92
2003-02-27,1.99,1.99,2.01,1.97,5671,6763114.00,2.01,0.00,0.00,0.81
2003-02-28,1.99,1.97,1.99,1.95,4765,5608708.00,2.01,-1.01,-0.02,0.68
2003-03-03,1.96,2.02,2.02,1.96,9406,11292145.00,3.05,2.54,0.05,1.34
2003-03-04,2.03,2.01,2.03,1.99,4790,5759416.00,1.98,-0.50,-0.01,0.68
2003-03-05,2.01,1.99,2.01,1.97,3022,3596166.00,1.99,-1.00,-0.02,0.43
2003-03-06,1.99,1.94,1.99,1.91,6987,8172364.00,4.02,-2.51,-0.05,1.00
2003-03-07,1.94,1.96,1.96,1.92,7990,9304052.00,2.06,1.03,0.02,1.14
2003-03-10,1.95,1.98,2.00,1.94,22499,26687792.00,3.06,1.02,0.02,3.21
2003-03-11,1.99,1.99,2.00,1.93,9594,11335245.00,3.54,0.51,0.01,1.37
2003-03-12,1.99,2.05,2.05,1.97,30341,36704436.00,4.02,3.02,0.06,4.33
2003-03-13,2.05,2.05,2.10,2.04,42025,51743164.00,2.93,0.00,0.00,6.00
2003-03-14,2.05,2.07,2.08,2.03,21876,26821317.00,2.44,0.98,0.02,3.13
2003-03-17,2.07,2.08,2.10,2.05,13072,16104250.00,2.42,0.48,0.01,1.87
2003-03-18,2.08,2.02,2.08,2.02,10549,12875257.00,2.88,-2.88,-0.06,1.51
2003-03-19,2.01,2.05,2.07,1.99,9390,11400423.00,3.96,1.49,0.03,1.34
2003-03-20,2.06,2.12,2.12,2.04,30810,38275539.00,3.90,3.41,0.07,4.40
2003-03-21,2.10,2.12,2.14,2.09,17498,21979895.00,2.36,0.00,0.00,2.50
2003-03-24,2.14,2.17,2.18,2.12,35682,45342858.00,2.83,2.36,0.05,5.10
2003-03-25,2.17,2.15,2.18,2.13,12292,15666385.00,2.30,-0.92,-0.02,1.76
2003-03-26,2.14,2.12,2.16,2.11,11966,15133162.00,2.33,-1.40,-0.03,1.71
2003-03-27,2.11,2.18,2.22,2.10,16384,20902331.00,5.66,2.83,0.06,2.34
2003-03-28,2.18,2.16,2.19,2.16,13882,17848239.00,1.38,-0.92,-0.02,1.98
2003-03-31,2.16,2.17,2.18,2.14,9678,12389874.00,1.85,0.46,0.01,1.38
2003-04-01,2.18,2.20,2.21,2.14,16743,21551834.00,3.23,1.38,0.03,2.39
2003-04-02,2.20,2.18,2.21,2.18,7424,9621912.00,1.36,-0.91,-0.02,1.06
2003-04-03,2.18,2.14,2.18,2.14,8898,11358847.00,1.83,-1.83,-0.04,1.27
2003-04-04,2.15,2.22,2.23,2.13,20619,26766010.00,4.67,3.74,0.08,2.95
2003-04-07,2.22,2.19,2.24,2.19,10153,13258205.00,2.25,-1.35,-0.03,1.45
2003-04-08,2.19,2.18,2.20,2.17,8122,10482767.00,1.37,-0.46,-0.01,1.16
2003-04-09,2.18,2.17,2.19,2.14,12533,16037633.00,2.29,-0.46,-0.01,1.79
2003-04-10,2.17,2.13,2.19,2.11,20157,25555518.00,3.69,-1.84,-0.04,2.88
2003-04-11,2.15,2.17,2.19,2.14,17818,22866967.00,2.35,1.88,0.04,2.55
2003-04-14,2.14,2.15,2.17,2.07,31243,39430266.00,4.61,-0.92,-0.02,4.46
2003-04-15,2.16,2.20,2.23,2.16,26575,34568484.00,3.26,2.33,0.05,3.80
2003-04-16,2.22,2.16,2.29,2.15,22406,29458231.00,6.36,-1.82,-0.04,3.20
2003-04-17,2.15,2.15,2.18,2.10,15375,19404267.00,3.70,-0.46,-0.01,2.20
2003-04-18,2.15,2.11,2.17,2.09,8693,10902686.00,3.72,-1.86,-0.04,1.24
2003-04-21,2.10,2.03,2.10,2.01,10937,13363628.00,4.27,-3.79,-0.08,1.56
2003-04-22,2.03,2.05,2.06,2.03,3474,4242396.00,1.48,0.99,0.02,0.50
2003-04-23,2.05,1.96,2.05,1.96,8257,9876876.00,4.39,-4.39,-0.09,1.18
2003-04-24,1.96,1.90,1.98,1.89,8132,9408219.00,4.59,-3.06,-0.06,1.16
2003-04-25,1.81,1.83,1.98,1.81,4715,5364676.00,8.95,-3.68,-0.07,0.67
2003-04-28,1.82,1.91,1.91,1.81,8585,9542998.00,5.46,4.37,0.08,1.23
2003-04-29,1.90,1.83,1.90,1.83,5759,6423349.00,3.66,-4.19,-0.08,0.82
2003-04-30,1.83,1.86,1.91,1.83,5157,5815030.00,4.37,1.64,0.03,0.74
2003-05-12,1.82,1.83,1.86,1.82,5025,5602993.00,2.15,-1.61,-0.03,0.72
2003-05-13,1.83,1.69,1.85,1.65,8116,8547682.00,10.93,-7.65,-0.14,1.16
2003-05-14,1.67,1.73,1.73,1.67,4589,4814036.00,3.55,2.37,0.04,0.66
2003-05-15,1.71,1.81,1.83,1.71,7599,8244759.00,6.94,4.62,0.08,1.09
2003-05-19,1.82,1.87,1.89,1.82,6193,6956633.00,3.87,3.31,0.06,0.88
2003-05-20,1.88,1.82,1.88,1.82,3267,3622819.00,3.21,-2.67,-0.05,0.47
2003-05-21,1.82,1.82,1.85,1.82,2860,3166566.00,1.65,0.00,0.00,0.41
2003-05-22,1.82,1.87,1.87,1.78,3883,4286045.00,4.95,2.75,0.05,0.55
2003-05-23,1.88,1.89,1.91,1.85,8226,9294976.00,3.21,1.07,0.02,1.18
2003-05-26,1.89,1.92,1.93,1.87,7880,9044525.00,3.17,1.59,0.03,1.13
2003-05-27,1.97,1.97,2.00,1.95,19318,22835045.00,2.60,2.60,0.05,2.76
2003-05-28,1.96,1.99,2.01,1.92,13750,16228127.00,4.57,1.02,0.02,1.96
2003-05-29,2.01,2.04,2.04,1.99,26543,31893267.00,2.51,2.51,0.05,3.79
2003-05-30,2.07,2.08,2.10,2.06,42085,52178333.00,1.96,1.96,0.04,6.01
2003-06-02,2.08,2.06,2.08,2.03,9572,11693333.00,2.40,-0.96,-0.02,1.37
2003-06-03,2.06,1.99,2.06,1.99,10189,12244354.00,3.40,-3.40,-0.07,1.46
2003-06-04,1.97,2.01,2.01,1.97,5610,6670035.00,2.01,1.01,0.02,0.80
2003-06-05,2.01,1.97,2.01,1.97,4196,4990265.00,1.99,-1.99,-0.04,0.60
2003-06-06,1.96,1.94,1.98,1.93,3813,4470879.00,2.54,-1.52,-0.03,0.54
2003-06-09,1.92,1.87,1.92,1.87,5037,5731561.00,2.58,-3.61,-0.07,0.72
2003-06-10,1.87,1.87,1.90,1.86,3832,4335403.00,2.14,0.00,0.00,0.55
2003-06-11,1.87,1.90,1.92,1.86,6132,6986676.00,3.21,1.60,0.03,0.88
2003-06-12,1.90,1.90,1.90,1.88,5160,5872470.00,1.05,0.00,0.00,0.74
2003-06-13,1.90,1.94,1.96,1.90,4185,4859805.00,3.16,2.11,0.04,0.60
2003-06-16,1.95,1.93,1.96,1.92,2462,2856424.00,2.06,-0.52,-0.01,0.35
2003-06-17,1.92,1.92,1.92,1.90,2494,2870363.00,1.04,-0.52,-0.01,0.36
2003-06-18,1.92,1.93,1.95,1.92,2639,3066618.00,1.56,0.52,0.01,0.38
2003-06-19,1.92,1.89,1.95,1.88,2378,2657131.00,3.63,-2.07,-0.04,0.34
2003-06-20,1.89,1.87,1.89,1.86,2788,3086760.00,1.59,-1.06,-0.02,0.40
2003-06-23,1.85,1.81,1.86,1.81,4102,4442207.00,2.67,-3.21,-0.06,0.59
2003-06-24,1.81,1.83,1.83,1.81,2654,2856974.00,1.10,1.10,0.02,0.38
2003-06-25,1.84,1.84,1.86,1.84,2250,2450891.00,1.09,0.55,0.01,0.32
2003-06-26,1.84,1.85,1.85,1.81,2583,2799307.00,2.17,0.54,0.01,0.37
2003-06-27,1.85,1.81,1.85,1.81,2221,2397812.00,2.16,-2.16,-0.04,0.32
2003-06-30,1.81,1.79,1.81,1.78,2016,2138905.00,1.66,-1.10,-0.02,0.29
2003-07-01,1.79,1.79,1.84,1.79,1493,1595262.00,2.79,0.00,0.00,0.21
2003-07-02,1.79,1.81,1.82,1.79,1410,1507471.00,1.68,1.12,0.02,0.20
2003-07-03,1.81,1.82,1.83,1.81,1532,1655937.00,1.10,0.55,0.01,0.22
2003-07-04,1.81,1.82,1.84,1.81,1178,1272012.00,1.65,0.00,0.00,0.17
2003-07-07,1.81,1.85,1.85,1.81,1352,1467281.00,2.20,1.65,0.03,0.19
2003-07-08,1.85,1.86,1.87,1.82,2315,2531990.00,2.70,0.54,0.01,0.33
2003-07-09,1.88,1.83,1.88,1.83,1074,1172942.00,2.69,-1.61,-0.03,0.15
2003-07-10,1.83,1.85,1.86,1.81,3127,3391484.00,2.73,1.09,0.02,0.45
2003-07-11,1.85,1.84,1.86,1.84,2020,2205439.00,1.08,-0.54,-0.01,0.29
2003-07-14,1.84,1.81,1.84,1.81,2351,2523567.00,1.63,-1.63,-0.03,0.34
2003-07-15,1.81,1.81,1.82,1.80,2457,2629923.00,1.10,0.00,0.00,0.35
2003-07-16,1.81,1.81,1.82,1.80,1529,1636952.00,1.10,0.00,0.00,0.22
2003-07-17,1.81,1.80,1.81,1.79,4069,4336224.00,1.10,-0.55,-0.01,0.58
2003-07-18,1.80,1.75,1.80,1.74,4856,5082737.00,3.33,-2.78,-0.05,0.69
2003-07-21,1.74,1.72,1.74,1.71,2708,2775874.00,1.71,-1.71,-0.03,0.39
2003-07-22,1.72,1.74,1.76,1.72,1850,1912677.00,2.33,1.16,0.02,0.26
2003-07-23,1.74,1.75,1.76,1.72,1181,1221329.00,2.30,0.57,0.01,0.17
2003-07-24,1.77,1.75,1.77,1.74,886,920014.00,1.71,0.00,0.00,0.13
2003-07-25,1.75,1.71,1.75,1.70,2069,2126624.00,2.86,-2.29,-0.04,0.30
2003-07-28,1.71,1.70,1.71,1.70,1169,1188587.00,0.58,-0.58,-0.01,0.17
2003-07-29,1.70,1.72,1.72,1.69,1444,1472032.00,1.76,1.18,0.02,0.21
2003-07-30,1.72,1.72,1.72,1.71,1071,1093414.00,0.58,0.00,0.00,0.15
2003-07-31,1.72,1.72,1.73,1.71,885,907571.00,1.16,0.00,0.00,0.13
2003-08-01,1.71,1.72,1.72,1.70,1393,1420332.00,1.16,0.00,0.00,0.20
2003-08-04,1.72,1.75,1.75,1.71,1814,1872282.00,2.33,1.74,0.03,0.26
2003-08-05,1.76,1.74,1.76,1.73,1732,1788893.00,1.71,-0.57,-0.01,0.25
2003-08-06,1.74,1.72,1.74,1.71,879,903967.00,1.72,-1.15,-0.02,0.13
2003-08-07,1.72,1.72,1.74,1.72,665,684993.00,1.16,0.00,0.00,0.10
2003-08-08,1.72,1.70,1.72,1.69,1267,1292665.00,1.74,-1.16,-0.02,0.18
2003-08-11,1.67,1.72,1.73,1.67,1512,1527882.00,3.53,1.18,0.02,0.22
2003-08-12,1.72,1.71,1.72,1.70,682,698408.00,1.16,-0.58,-0.01,0.10
2003-08-13,1.72,1.69,1.72,1.69,741,753210.00,1.75,-1.17,-0.02,0.11
2003-08-14,1.69,1.69,1.72,1.69,996,1011824.00,1.78,0.00,0.00,0.14
2003-08-15,1.69,1.69,1.70,1.68,1121,1130620.00,1.18,0.00,0.00,0.16
2003-08-18,1.67,1.65,1.67,1.62,4951,4862041.00,2.96,-2.37,-0.04,0.71
2003-08-19,1.63,1.65,1.66,1.63,2236,2208860.00,1.82,0.00,0.00,0.32
2003-08-20,1.65,1.62,1.65,1.60,3663,3557330.00,3.03,-1.82,-0.03,0.52
2003-08-21,1.62,1.60,1.62,1.60,3149,3038155.00,1.23,-1.23,-0.02,0.45
2003-08-22,1.60,1.61,1.61,1.60,1733,1672150.00,0.63,0.63,0.01,0.25
2003-08-25,1.62,1.55,1.65,1.55,1931,1849534.00,6.21,-3.73,-0.06,0.28
2003-08-26,1.54,1.52,1.55,1.52,3097,2865123.00,1.94,-1.94,-0.03,0.44
2003-08-27,1.52,1.53,1.54,1.52,1543,1427867.00,1.32,0.66,0.01,0.22
2003-08-28,1.54,1.50,1.54,1.50,1741,1605922.00,2.61,-1.96,-0.03,0.25
2003-08-29,1.49,1.48,1.49,1.46,5083,4542426.00,2.00,-1.33,-0.02,0.73
2003-09-01,1.48,1.53,1.53,1.47,3503,3198938.00,4.05,3.38,0.05,0.50
2003-09-02,1.53,1.50,1.53,1.50,3568,3269019.00,1.96,-1.96,-0.03,0.51
2003-09-03,1.50,1.52,1.53,1.49,2415,2208588.00,2.67,1.33,0.02,0.34
2003-09-04,1.52,1.54,1.55,1.52,4096,3817921.00,1.97,1.32,0.02,0.59
2003-09-05,1.53,1.49,1.53,1.48,2507,2290295.00,3.25,-3.25,-0.05,0.36
2003-09-08,1.49,1.47,1.49,1.47,1818,1629955.00,1.34,-1.34,-0.02,0.26
2003-09-09,1.47,1.47,1.48,1.46,978,875023.00,1.36,0.00,0.00,0.14
2003-09-10,1.47,1.47,1.48,1.46,1136,1015675.00,1.36,0.00,0.00,0.16
2003-09-11,1.47,1.44,1.47,1.44,2804,2488622.00,2.04,-2.04,-0.03,0.40
2003-09-12,1.42,1.40,1.44,1.40,4318,3737347.00,2.78,-2.78,-0.04,0.62
2003-09-15,1.40,1.36,1.41,1.35,2854,2425641.00,4.29,-2.86,-0.04,0.41
2003-09-16,1.37,1.38,1.39,1.35,2446,2069720.00,2.94,1.47,0.02,0.35
2003-09-17,1.38,1.36,1.38,1.36,1789,1505062.00,1.45,-1.45,-0.02,0.26
2003-09-18,1.35,1.36,1.37,1.35,1352,1133015.00,1.47,0.00,0.00,0.19
2003-09-19,1.40,1.37,1.40,1.36,1124,949134.00,2.94,0.74,0.01,0.16
2003-09-22,1.38,1.38,1.39,1.36,1067,903008.00,2.19,0.73,0.01,0.15
2003-09-23,1.38,1.40,1.40,1.37,1411,1200674.00,2.17,1.45,0.02,0.20
2003-09-24,1.40,1.44,1.44,1.39,4839,4226500.00,3.57,2.86,0.04,0.69
2003-09-25,1.43,1.41,1.43,1.39,1807,1559611.00,2.78,-2.08,-0.03,0.26
2003-09-26,1.40,1.38,1.41,1.38,902,769798.00,2.13,-2.13,-0.03,0.13
2003-09-29,1.37,1.38,1.38,1.36,3983,3356024.00,1.45,0.00,0.00,0.57
2003-09-30,1.42,1.39,1.42,1.37,863,736887.00,3.62,0.72,0.01,0.12
2003-10-08,1.39,1.40,1.40,1.38,723,618190.00,1.44,0.72,0.01,0.10
2003-10-09,1.40,1.39,1.41,1.38,881,754059.00,2.14,-0.71,-0.01,0.13
2003-10-10,1.40,1.43,1.43,1.37,2281,1978464.00,4.32,2.88,0.04,0.33
2003-10-13,1.42,1.42,1.45,1.42,2085,1824734.00,2.10,-0.70,-0.01,0.30
2003-10-14,1.42,1.43,1.43,1.41,1498,1300300.00,1.41,0.70,0.01,0.21
2003-10-15,1.41,1.43,1.46,1.41,1747,1532812.00,3.50,0.00,0.00,0.25
2003-10-16,1.39,1.39,1.42,1.39,1704,1464984.00,2.10,-2.80,-0.04,0.24
2003-10-17,1.44,1.40,1.44,1.39,979,844152.00,3.60,0.72,0.01,0.14
2003-10-20,1.37,1.37,1.40,1.37,1494,1265945.00,2.14,-2.14,-0.03,0.21
2003-10-21,1.36,1.38,1.38,1.36,1140,960997.00,1.46,0.73,0.01,0.16
2003-10-22,1.38,1.42,1.43,1.38,2923,2530936.00,3.62,2.90,0.04,0.42
2003-10-23,1.43,1.42,1.45,1.42,2213,1938152.00,2.11,0.00,0.00,0.32
2003-10-24,1.41,1.39,1.42,1.38,1212,1041321.00,2.82,-2.11,-0.03,0.17
2003-10-27,1.37,1.29,1.39,1.27,5283,4299134.00,8.63,-7.19,-0.10,0.75
2003-10-28,1.29,1.22,1.29,1.21,6240,4864538.00,6.20,-5.43,-0.07,0.89
2003-10-29,1.22,1.24,1.27,1.21,4365,3386109.00,4.92,1.64,0.02,0.62
2003-10-30,1.24,1.26,1.26,1.23,5166,4023536.00,2.42,1.61,0.02,0.74
2003-10-31,1.26,1.27,1.31,1.26,2592,2068633.00,3.97,0.79,0.01,0.37
2003-11-04,1.31,1.31,1.33,1.28,4580,3741266.00,3.94,3.15,0.04,0.65
2003-11-05,1.31,1.32,1.33,1.31,3511,2865289.00,1.53,0.76,0.01,0.50
2003-11-06,1.32,1.35,1.36,1.31,7908,6506640.00,3.79,2.27,0.03,1.13
2003-11-07,1.35,1.35,1.36,1.34,10395,8661501.00,1.48,0.00,0.00,1.48
2003-11-10,1.34,1.37,1.37,1.34,4100,3427795.00,2.22,1.48,0.02,0.59
2003-11-11,1.37,1.41,1.41,1.36,9988,8523374.00,3.65,2.92,0.04,1.43
2003-11-12,1.40,1.40,1.40,1.38,5941,5081874.00,1.42,-0.71,-0.01,0.85
2003-11-13,1.39,1.44,1.45,1.39,14739,12869200.00,4.29,2.86,0.04,2.11
2003-11-14,1.44,1.48,1.48,1.43,7430,6573296.00,3.47,2.78,0.04,1.06
2003-11-17,1.48,1.44,1.49,1.44,9642,8600164.00,3.38,-2.70,-0.04,1.38
2003-11-18,1.44,1.42,1.44,1.41,8500,7403650.00,2.08,-1.39,-0.02,1.21
2003-11-19,1.41,1.46,1.51,1.40,7847,6948285.00,7.75,2.82,0.04,1.12
2003-11-20,1.46,1.49,1.49,1.44,9335,8353864.00,3.42,2.05,0.03,1.33
2003-11-21,1.49,1.49,1.54,1.46,18217,16697830.00,5.37,0.00,0.00,2.60
2003-11-24,1.49,1.50,1.51,1.47,16179,14575558.00,2.68,0.67,0.01,2.31
2003-11-25,1.50,1.59,1.61,1.47,34411,32231022.00,9.33,6.00,0.09,4.92
2003-11-26,1.59,1.57,1.59,1.54,17501,16543598.00,3.14,-1.26,-0.02,2.50
2003-11-27,1.57,1.50,1.57,1.50,8939,8268250.00,4.46,-4.46,-0.07,1.28
2003-11-28,1.50,1.50,1.53,1.50,5353,4897827.00,2.00,0.00,0.00,0.76
2003-12-01,1.50,1.54,1.54,1.50,4783,4436160.00,2.67,2.67,0.04,0.68
2003-12-02,1.54,1.51,1.55,1.51,4850,4472026.00,2.60,-1.95,-0.03,0.69
2003-12-03,1.51,1.52,1.54,1.49,8806,8110957.00,3.31,0.66,0.01,1.26
2003-12-04,1.51,1.53,1.53,1.51,3764,3467582.00,1.32,0.66,0.01,0.54
2003-12-05,1.53,1.57,1.57,1.53,15370,14474734.00,2.61,2.61,0.04,2.20
2003-12-08,1.57,1.52,1.57,1.52,4378,4086618.00,3.18,-3.18,-0.05,0.63
2003-12-09,1.51,1.51,1.52,1.49,5864,5369024.00,1.97,-0.66,-0.01,0.84
2003-12-10,1.52,1.54,1.54,1.50,3580,3295095.00,2.65,1.99,0.03,0.51
2003-12-11,1.54,1.54,1.56,1.52,2620,2429410.00,2.60,0.00,0.00,0.37
2003-12-12,1.54,1.55,1.58,1.51,11044,10379444.00,4.55,0.65,0.01,1.58
2003-12-15,1.57,1.54,1.57,1.53,2998,2808941.00,2.58,-0.65,-0.01,0.43
2003-12-16,1.52,1.52,1.55,1.51,3112,2865370.00,2.60,-1.30,-0.02,0.44
2003-12-17,1.52,1.50,1.55,1.50,7307,6770289.00,3.29,-1.32,-0.02,1.04
2003-12-18,1.49,1.51,1.52,1.47,8424,7656598.00,3.33,0.67,0.01,1.20
2003-12-19,1.51,1.46,1.52,1.44,10948,9822934.00,5.30,-3.31,-0.05,1.56
2003-12-22,1.43,1.49,1.49,1.40,5458,4817746.00,6.16,2.05,0.03,0.78
2003-12-23,1.49,1.46,1.49,1.45,4226,3760562.00,2.68,-2.01,-0.03,0.60
2003-12-24,1.45,1.45,1.46,1.44,4742,4188014.00,1.37,-0.68,-0.01,0.68
2003-12-25,1.45,1.44,1.47,1.44,4125,3639005.00,2.07,-0.69,-0.01,0.59
2003-12-26,1.44,1.47,1.49,1.44,4990,4449827.00,3.47,2.08,0.03,0.71
2003-12-29,1.46,1.45,1.46,1.44,1782,1578075.00,1.36,-1.36,-0.02,0.25
2003-12-30,1.45,1.51,1.51,1.44,8208,7390361.00,4.83,4.14,0.06,1.17
2003-12-31,1.51,1.50,1.51,1.48,2634,2388030.00,1.99,-0.66,-0.01,0.38
2004-01-02,1.48,1.50,1.53,1.48,2598,2376675.00,3.33,0.00,0.00,0.37
2004-01-05,1.50,1.52,1.53,1.49,4260,3919974.00,2.67,1.33,0.02,0.61
2004-01-06,1.53,1.48,1.53,1.48,5416,4947575.00,3.29,-2.63,-0.04,0.77
2004-01-07,1.47,1.49,1.49,1.40,19840,17412066.00,6.08,0.68,0.01,2.83
2004-01-08,1.48,1.51,1.52,1.48,19235,17550312.00,2.68,1.34,0.02,2.75
2004-01-09,1.52,1.55,1.61,1.51,26491,24991639.00,6.62,2.65,0.04,3.78
2004-01-12,1.54,1.56,1.57,1.52,9402,8738650.00,3.23,0.65,0.01,1.34
2004-01-13,1.55,1.59,1.60,1.55,14027,13340381.00,3.21,1.92,0.03,2.00
2004-01-14,1.59,1.59,1.59,1.57,6953,6627335.00,1.26,0.00,0.00,0.99
2004-01-15,1.60,1.63,1.65,1.58,13538,13177459.00,4.40,2.52,0.04,1.93
2004-01-16,1.63,1.65,1.66,1.62,12548,12371109.00,2.45,1.23,0.02,1.79
2004-01-29,1.65,1.66,1.66,1.62,7710,7603094.00,2.42,0.61,0.01,1.10
2004-01-30,1.65,1.58,1.66,1.57,8904,8608973.00,5.42,-4.82,-0.08,1.27
2004-02-02,1.58,1.60,1.64,1.55,9769,9373282.00,5.70,1.27,0.02,1.40
2004-02-03,1.59,1.58,1.59,1.57,9084,8647613.00,1.25,-1.25,-0.02,1.30
2004-02-04,1.58,1.64,1.64,1.58,14096,13684519.00,3.80,3.80,0.06,2.01
2004-02-05,1.63,1.70,1.70,1.62,15794,15857339.00,4.88,3.66,0.06,2.26
2004-02-06,1.70,1.65,1.70,1.64,9949,9951738.00,3.53,-2.94,-0.05,1.42
2004-02-09,1.61,1.67,1.68,1.61,7982,7955699.00,4.24,1.21,0.02,1.14
2004-02-10,1.67,1.66,1.68,1.65,6014,5982234.00,1.80,-0.60,-0.01,0.86
2004-02-11,1.66,1.65,1.66,1.64,3932,3885952.00,1.20,-0.60,-0.01,0.56
2004-02-12,1.65,1.70,1.70,1.65,8536,8566113.00,3.03,3.03,0.05,1.22
2004-02-13,1.70,1.67,1.71,1.67,5889,5933487.00,2.35,-1.76,-0.03,0.84
2004-02-16,1.68,1.74,1.74,1.67,7755,7900743.00,4.19,4.19,0.07,1.11
2004-02-17,1.73,1.80,1.81,1.71,20353,21491906.00,5.75,3.45,0.06,2.91
2004-02-18,1.79,1.80,1.81,1.77,10599,11255905.00,2.22,0.00,0.00,1.51
2004-02-19,1.80,1.80,1.88,1.80,16850,18250229.00,4.44,0.00,0.00,2.41
2004-02-20,1.81,1.80,1.83,1.78,7225,7696824.00,2.78,0.00,0.00,1.03
2004-02-23,1.81,1.75,1.81,1.75,7073,7491234.00,3.33,-2.78,-0.05,1.01
2004-02-24,1.75,1.70,1.75,1.68,10318,10514716.00,4.00,-2.86,-0.05,1.47
2004-02-25,1.69,1.65,1.74,1.65,6532,6617499.00,5.29,-2.94,-0.05,0.93
2004-02-26,1.65,1.66,1.69,1.64,5023,4973834.00,3.03,0.61,0.01,0.72
2004-02-27,1.65,1.69,1.69,1.65,3238,3235781.00,2.41,1.81,0.03,0.46
2004-03-01,1.69,1.70,1.71,1.67,3952,3984910.00,2.37,0.59,0.01,0.56
2004-03-02,1.70,1.70,1.71,1.68,3781,3818982.00,1.76,0.00,0.00,0.54
2004-03-03,1.70,1.65,1.71,1.65,4051,4055491.00,3.53,-2.94,-0.05,0.58
2004-03-04,1.64,1.65,1.66,1.61,4439,4341005.00,3.03,0.00,0.00,0.63
2004-03-05,1.65,1.64,1.66,1.64,3046,3013630.00,1.21,-0.61,-0.01,0.44
2004-03-08,1.62,1.59,1.64,1.59,3232,3137277.00,3.05,-3.05,-0.05,0.46
2004-03-09,1.59,1.56,1.60,1.56,2833,2701728.00,2.52,-1.89,-0.03,0.40
2004-03-10,1.57,1.59,1.59,1.56,2690,2544372.00,1.92,1.92,0.03,0.38
2004-03-11,1.59,1.66,1.70,1.58,9755,9668686.00,7.55,4.40,0.07,1.39
2004-03-12,1.65,1.64,1.68,1.63,6158,6098139.00,3.01,-1.20,-0.02,0.88
2004-03-15,1.64,1.67,1.69,1.64,11993,11997934.00,3.05,1.83,0.03,1.71
2004-03-16,1.67,1.73,1.74,1.61,22988,23146286.00,7.78,3.59,0.06,2.79
2004-03-17,1.72,1.75,1.78,1.71,15895,16583192.00,4.05,1.16,0.02,1.93
2004-03-18,1.75,1.67,1.75,1.66,11870,12047422.00,5.14,-4.57,-0.08,1.44
2004-03-19,1.66,1.70,1.70,1.65,4819,4851727.00,2.99,1.80,0.03,0.58
2004-03-22,1.70,1.71,1.72,1.69,5953,6058694.00,1.76,0.59,0.01,0.72
2004-03-23,1.71,1.69,1.71,1.67,3827,3854804.00,2.34,-1.17,-0.02,0.46
2004-03-24,1.68,1.68,1.71,1.67,5637,5687949.00,2.37,-0.59,-0.01,0.68
2004-03-25,1.68,1.71,1.71,1.68,4638,4694111.00,1.79,1.79,0.03,0.56
2004-03-26,1.71,1.71,1.71,1.68,6162,6232683.00,1.75,0.00,0.00,0.75
2004-03-29,1.70,1.68,1.70,1.67,5289,5331537.00,1.75,-1.75,-0.03,0.64
2004-03-30,1.67,1.66,1.69,1.63,4818,4799895.00,3.57,-1.19,-0.02,0.58
2004-03-31,1.66,1.69,1.70,1.66,5535,5552770.00,2.41,1.81,0.03,0.67
2004-04-01,1.70,1.71,1.72,1.69,5321,5407292.00,1.78,1.18,0.02,0.65
2004-04-02,1.71,1.72,1.72,1.69,6679,6798321.00,1.75,0.58,0.01,0.81
2004-04-05,1.72,1.77,1.77,1.71,15038,15703354.00,3.49,2.91,0.05,1.82
2004-04-06,1.78,1.82,1.82,1.76,17803,18942545.00,3.39,2.82,0.05,2.16
2004-04-07,1.82,1.80,1.84,1.80,16183,17415082.00,2.20,-1.10,-0.02,1.96
2004-04-08,1.79,1.83,1.84,1.79,13122,14170876.00,2.78,1.67,0.03,1.59
2004-04-09,1.82,1.75,1.83,1.74,13351,14137646.00,4.92,-4.37,-0.08,1.62
2004-04-12,1.74,1.82,1.83,1.71,13295,14075002.00,6.86,4.00,0.07,1.61
2004-04-13,1.82,1.80,1.86,1.78,15165,16403763.00,4.40,-1.10,-0.02,1.84
2004-04-14,1.80,1.76,1.82,1.72,12333,12962898.00,5.56,-2.22,-0.04,1.50
2004-04-15,1.76,1.77,1.78,1.74,6858,7191700.00,2.27,0.57,0.01,0.83
2004-04-16,1.78,1.82,1.83,1.76,17045,18152176.00,3.95,2.82,0.05,2.07
2004-04-19,1.82,1.78,1.87,1.77,22433,24294478.00,5.49,-2.20,-0.04,2.72
2004-04-20,1.76,1.60,1.78,1.60,26723,26383229.00,10.11,-10.11,-0.18,3.24
2004-04-21,1.59,1.59,1.62,1.58,9777,9416882.00,2.50,-0.63,-0.01,1.19
2004-04-22,1.59,1.59,1.62,1.58,4786,4596160.00,2.52,0.00,0.00,0.58
2004-04-23,1.60,1.55,1.60,1.55,7653,7260831.00,3.14,-2.52,-0.04,0.93
2004-04-26,1.55,1.53,1.57,1.52,3489,3265393.00,3.23,-1.29,-0.02,0.42
2004-04-27,1.54,1.53,1.55,1.53,2792,2603702.00,1.31,0.00,0.00,0.34
2004-04-28,1.53,1.54,1.55,1.52,3973,3682479.00,1.96,0.65,0.01,0.48
2004-04-29,1.52,1.49,1.55,1.49,3586,3285503.00,3.90,-3.25,-0.05,0.43
2004-04-30,1.49,1.50,1.51,1.48,3142,2857513.00,2.01,0.67,0.01,0.38
2004-05-10,1.52,1.47,1.52,1.47,1413,1280574.00,3.33,-2.00,-0.03,0.17
2004-05-11,1.47,1.48,1.49,1.47,1581,1424523.00,1.36,0.68,0.01,0.19
2004-05-12,1.48,1.51,1.52,1.48,2777,2527901.00,2.70,2.03,0.03,0.34
2004-05-13,1.52,1.51,1.53,1.50,2160,1976047.00,1.99,0.00,0.00,0.26
2004-05-14,1.50,1.47,1.51,1.47,1756,1587652.00,2.65,-2.65,-0.04,0.21
2004-05-17,1.49,1.49,1.54,1.48,2766,2516600.00,4.08,1.36,0.02,0.34
2004-05-18,1.50,1.52,1.52,1.49,2099,1916396.00,2.01,2.01,0.03,0.25
2004-05-19,1.53,1.52,1.53,1.51,2260,2084485.00,1.32,0.00,0.00,0.27
2004-05-20,1.53,1.51,1.54,1.51,1836,1691113.00,1.97,-0.66,-0.01,0.22
2004-05-24,1.55,1.47,1.55,1.47,1671,1528273.00,5.30,-2.65,-0.04,0.20
2004-05-25,1.51,1.44,1.51,1.43,3290,2940761.00,5.44,-2.04,-0.03,0.40
2004-05-26,1.44,1.44,1.47,1.42,1702,1497683.00,3.47,0.00,0.00,0.21
2004-05-27,1.44,1.47,1.47,1.44,2694,2396143.00,2.08,2.08,0.03,0.33
2004-05-28,1.47,1.47,1.49,1.46,4174,3738803.00,2.04,0.00,0.00,0.51
2004-05-31,1.48,1.47,1.48,1.45,2403,2139503.00,2.04,0.00,0.00,0.29
2004-06-01,1.48,1.52,1.52,1.46,4711,4266935.00,4.08,3.40,0.05,0.57
2004-06-02,1.52,1.52,1.52,1.49,3888,3552824.00,1.97,0.00,0.00,0.47
2004-06-03,1.52,1.50,1.52,1.47,2009,1816245.00,3.29,-1.32,-0.02,0.24
2004-06-04,1.49,1.52,1.53,1.47,5029,4600907.00,4.00,1.33,0.02,0.61
2004-06-07,1.53,1.48,1.53,1.47,3187,2875619.00,3.95,-2.63,-0.04,0.39
2004-06-08,1.46,1.44,1.48,1.43,2518,2225005.00,3.38,-2.70,-0.04,0.31
2004-06-09,1.44,1.40,1.45,1.39,4083,3541885.00,4.17,-2.78,-0.04,0.50
2004-06-10,1.40,1.36,1.40,1.35,3541,2996672.00,3.57,-2.86,-0.04,0.43
2004-06-11,1.38,1.39,1.40,1.35,4820,4079387.00,3.68,2.21,0.03,0.58
2004-06-14,1.39,1.32,1.39,1.32,4176,3472293.00,5.04,-5.04,-0.07,0.51
2004-06-15,1.33,1.34,1.36,1.32,2852,2349315.00,3.03,1.52,0.02,0.35
2004-06-16,1.35,1.32,1.37,1.32,3605,3000657.00,3.73,-1.49,-0.02,0.44
2004-06-17,1.33,1.32,1.34,1.32,2273,1862088.00,1.52,0.00,0.00,0.28
2004-06-18,1.33,1.32,1.33,1.30,4900,3999452.00,2.27,0.00,0.00,0.59
2004-06-21,1.32,1.33,1.33,1.32,3335,2730549.00,0.76,0.76,0.01,0.40
2004-06-22,1.33,1.33,1.34,1.32,1421,897727.00,1.50,0.00,0.00,0.13
2004-06-23,1.30,1.30,1.33,1.29,1720,1065054.00,3.01,-2.26,-0.03,0.16
2004-06-24,1.29,1.28,1.32,1.27,1835,1130920.00,3.85,-1.54,-0.02,0.17
2004-06-25,1.26,1.24,1.33,1.23,3134,1889778.00,7.81,-3.13,-0.04,0.29
2004-06-28,1.23,1.18,1.25,1.18,3501,2043908.00,5.65,-4.84,-0.06,0.33
2004-06-29,1.20,1.20,1.23,1.17,2458,1418354.00,5.08,1.69,0.02,0.23
2004-06-30,1.22,1.17,1.22,1.17,1639,939394.00,4.17,-2.50,-0.03,0.15
2004-07-01,1.17,1.21,1.21,1.15,3874,2238405.00,5.13,3.42,0.04,0.36
2004-07-02,1.21,1.19,1.21,1.18,1598,920960.00,2.48,-1.65,-0.02,0.15
2004-07-05,1.19,1.20,1.21,1.18,1156,663474.00,2.52,0.84,0.01,0.11
2004-07-06,1.20,1.19,1.22,1.19,2172,1263052.00,2.50,-0.83,-0.01,0.20
2004-07-07,1.20,1.19,1.20,1.18,1800,1031658.00,1.68,0.00,0.00,0.17
2004-07-08,1.19,1.19,1.20,1.18,1206,692018.00,1.68,0.00,0.00,0.11
2004-07-09,1.22,1.19,1.22,1.19,695,402440.00,2.52,0.00,0.00,0.06
2004-07-12,1.20,1.14,1.20,1.14,3249,1828470.00,5.04,-4.20,-0.05,0.30
2004-07-13,1.14,1.15,1.16,1.13,1528,848857.00,2.63,0.88,0.01,0.14
2004-07-14,1.14,1.10,1.16,1.09,3897,2111466.00,6.09,-4.35,-0.05,0.36
2004-07-15,1.09,1.10,1.12,1.08,1531,822502.00,3.64,0.00,0.00,0.14
2004-07-16,1.10,1.14,1.14,1.10,3399,1869200.00,3.64,3.64,0.04,0.32
2004-07-19,1.13,1.14,1.16,1.05,4256,2332691.00,9.65,0.00,0.00,0.40
2004-07-20,1.13,1.13,1.14,1.10,2440,1325901.00,3.51,-0.88,-0.01,0.23
2004-07-21,1.14,1.12,1.15,1.12,1593,876272.00,2.65,-0.88,-0.01,0.15
2004-07-22,1.12,1.07,1.14,1.07,2868,1536542.00,6.25,-4.46,-0.05,0.27
2004-07-23,1.07,1.07,1.09,1.05,3323,1736716.00,3.74,0.00,0.00,0.31
2004-07-26,1.07,1.03,1.07,1.03,1930,992745.00,3.74,-3.74,-0.04,0.18
2004-07-27,1.04,1.01,1.05,1.00,2972,1501160.00,4.85,-1.94,-0.02,0.28
2004-07-28,1.01,1.03,1.03,1.00,2702,1360324.00,2.97,1.98,0.02,0.25
2004-07-29,1.03,1.03,1.04,1.00,2902,1474516.00,3.88,0.00,0.00,0.27
2004-07-30,1.03,1.01,1.04,1.01,2014,1020870.00,2.91,-1.94,-0.02,0.19
2004-08-02,1.01,1.01,1.02,1.00,1467,736709.00,1.98,0.00,0.00,0.14
2004-08-03,1.01,1.01,1.02,1.00,1823,912895.00,1.98,0.00,0.00,0.17
2004-08-04,1.02,1.05,1.06,1.02,4489,2317659.00,3.96,3.96,0.04,0.42
2004-08-05,1.05,1.03,1.06,1.03,1736,888958.00,2.86,-1.90,-0.02,0.16
2004-08-06,1.02,1.03,1.04,1.02,847,432328.00,1.94,0.00,0.00,0.08
2004-08-09,1.03,1.01,1.03,1.01,2192,1108029.00,1.94,-1.94,-0.02,0.20
2004-08-10,1.04,1.02,1.04,1.01,1902,960080.00,2.97,0.99,0.01,0.18
2004-08-11,1.02,1.01,1.02,1.00,1878,941679.00,1.96,-0.98,-0.01,0.18
2004-08-12,1.00,0.97,1.00,0.95,4548,2208312.00,4.95,-3.96,-0.04,0.42
2004-08-13,0.97,0.97,0.99,0.95,2179,1058743.00,4.12,0.00,0.00,0.20
2004-08-16,0.97,0.96,0.97,0.95,1770,852991.00,2.06,-1.03,-0.01,0.16
2004-08-17,0.94,0.97,0.97,0.94,1829,884431.00,3.13,1.04,0.01,0.17
2004-08-18,0.96,0.96,0.98,0.95,1101,534386.00,3.09,-1.03,-0.01,0.10
2004-08-19,0.95,0.94,0.96,0.94,1257,599907.00,2.08,-2.08,-0.02,0.12
2004-08-20,0.93,0.96,0.96,0.93,1189,565142.00,3.19,2.13,0.02,0.11
2004-08-23,0.93,0.97,0.98,0.93,1300,627398.00,5.21,1.04,0.01,0.12
2004-08-24,0.97,1.00,1.02,0.95,2855,1423796.00,7.22,3.09,0.03,0.27
2004-08-25,0.99,1.01,1.01,0.98,1494,746256.00,3.00,1.00,0.01,0.14
2004-08-26,1.00,1.00,1.00,0.99,838,417457.00,0.99,-0.99,-0.01,0.08
2004-08-27,1.00,0.98,1.00,0.98,869,429616.00,2.00,-2.00,-0.02,0.08
2004-08-30,0.96,0.99,0.99,0.96,489,240389.00,3.06,1.02,0.01,0.05
2004-08-31,1.02,1.02,1.04,1.00,4185,2113010.00,4.04,3.03,0.03,0.39
2004-09-01,1.01,0.98,1.01,0.98,1301,641407.00,2.94,-3.92,-0.04,0.12
2004-09-02,0.98,0.99,0.99,0.97,2107,1031897.00,2.04,1.02,0.01,0.20
2004-09-03,0.98,1.04,1.04,0.98,8275,4201650.00,6.06,5.05,0.05,0.77
2004-09-06,1.04,1.04,1.05,1.02,5243,2691319.00,2.88,0.00,0.00,0.49
2004-09-07,1.04,1.04,1.05,1.03,6243,3208576.00,1.92,0.00,0.00,0.58
2004-09-08,1.04,1.02,1.04,1.02,3994,2034969.00,1.92,-1.92,-0.02,0.37
2004-09-09,1.02,1.00,1.02,0.99,3680,1841553.00,2.94,-1.96,-0.02,0.34
2004-09-10,0.98,1.00,1.00,0.98,1350,666477.00,2.00,0.00,0.00,0.13
2004-09-13,0.99,0.96,0.99,0.95,2687,1301761.00,4.00,-4.00,-0.04,0.25
2004-09-14,0.98,1.00,1.02,0.98,3695,1834717.00,4.17,4.17,0.04,0.34
2004-09-15,1.00,1.06,1.08,0.99,13643,7079703.00,9.00,6.00,0.06,1.27
2004-09-16,1.06,1.09,1.10,1.04,9411,4977134.00,5.66,2.83,0.03,0.88
2004-09-17,1.10,1.13,1.13,1.08,10629,5755486.00,4.59,3.67,0.04,0.99
2004-09-20,1.13,1.18,1.19,1.13,14132,7918297.00,5.31,4.42,0.05,1.32
2004-09-21,1.18,1.15,1.19,1.13,13369,7547792.00,5.08,-2.54,-0.03,1.25
2004-09-22,1.13,1.11,1.17,1.10,9223,5071223.00,6.09,-3.48,-0.04,0.86
2004-09-23,1.11,1.14,1.14,1.09,7143,3885064.00,4.50,2.70,0.03,0.67
2004-09-24,1.15,1.12,1.17,1.12,11402,6352655.00,4.39,-1.75,-0.02,1.06
2004-09-28,1.09,1.09,1.11,1.07,5864,3116415.00,3.57,-2.68,-0.03,0.55
2004-09-29,1.09,1.07,1.10,1.07,2514,1329894.00,2.75,-1.83,-0.02,0.23
2004-09-30,1.07,1.05,1.08,1.04,3287,1710505.00,3.74,-1.87,-0.02,0.31
2004-10-08,1.07,1.08,1.08,1.03,3601,1875859.00,4.76,2.86,0.03,0.34
2004-10-11,1.08,1.08,1.09,1.06,5624,2982227.00,2.78,0.00,0.00,0.52
2004-10-12,1.07,1.04,1.07,1.03,4651,2408707.00,3.70,-3.70,-0.04,0.43
2004-10-13,1.04,1.04,1.05,1.03,2706,1388224.00,1.92,0.00,0.00,0.25
2004-10-14,1.04,0.97,1.04,0.97,4478,2234425.00,6.73,-6.73,-0.07,0.42
2004-10-15,0.97,0.96,0.97,0.94,3759,1809210.00,3.09,-1.03,-0.01,0.35
2004-10-18,0.98,0.96,0.98,0.94,3682,1770417.00,4.17,0.00,0.00,0.34
2004-10-19,0.95,0.96,0.98,0.94,3842,1853964.00,4.17,0.00,0.00,0.36
2004-10-20,0.95,0.93,0.96,0.93,3303,1566081.00,3.13,-3.13,-0.03,0.31
2004-10-21,0.94,0.89,0.95,0.89,4878,2276633.00,6.45,-4.30,-0.04,0.45
2004-10-22,0.90,0.90,0.90,0.85,4657,2100310.00,5.62,1.12,0.01,0.43
2004-10-25,0.90,0.85,0.92,0.85,5250,2366504.00,7.78,-5.56,-0.05,0.49
2004-10-26,0.85,0.88,0.88,0.84,3601,1594966.00,4.71,3.53,0.03,0.34
2004-10-27,0.89,0.91,0.91,0.87,5587,2551656.00,4.55,3.41,0.03,0.52
2004-10-28,0.90,0.91,0.93,0.90,4726,2192374.00,3.30,0.00,0.00,0.44
2004-10-29,0.85,0.88,0.90,0.85,2805,1266417.00,5.49,-3.30,-0.03,0.26
2004-11-01,0.89,0.84,0.89,0.84,3509,1542260.00,5.68,-4.55,-0.04,0.33
2004-11-02,0.83,0.84,0.87,0.83,3644,1590307.00,4.76,0.00,0.00,0.34
2004-11-03,0.86,0.88,0.89,0.84,6130,2702102.00,5.95,4.76,0.04,0.57
2004-11-04,0.88,0.89,0.92,0.87,11542,5292932.00,5.68,1.14,0.01,1.08
2004-11-05,0.89,0.90,0.91,0.88,5195,2377333.00,3.37,1.12,0.01,0.48
2004-11-08,0.90,0.91,0.91,0.89,2953,1352664.00,2.22,1.11,0.01,0.28
2004-11-09,0.91,0.91,0.93,0.90,5389,2495763.00,3.30,0.00,0.00,0.50
2004-11-10,0.92,0.94,0.95,0.89,10761,5051380.00,6.59,3.30,0.03,1.00
2004-11-11,0.95,0.93,0.97,0.93,9997,4772037.00,4.26,-1.06,-0.01,0.93
2004-11-12,0.93,0.93,0.95,0.91,4941,2321458.00,4.30,0.00,0.00,0.46
2004-11-15,0.93,0.94,0.95,0.92,5408,2551246.00,3.23,1.08,0.01,0.50
2004-11-16,0.94,0.96,0.97,0.93,9039,4338354.00,4.26,2.13,0.02,0.84
2004-11-17,0.96,0.94,0.96,0.93,4271,2032093.00,3.13,-2.08,-0.02,0.40
2004-11-18,0.93,0.96,0.96,0.93,2288,1091534.00,3.19,2.13,0.02,0.21
2004-11-19,0.95,0.99,1.00,0.94,10759,5281912.00,6.25,3.13,0.03,1.00
2004-11-22,1.00,1.00,1.02,0.98,5056,2513935.00,4.04,1.01,0.01,0.47
2004-11-23,1.01,0.99,1.01,0.97,7759,3831659.00,4.00,-1.00,-0.01,0.72
2004-11-24,0.99,0.96,0.99,0.95,6669,3236150.00,4.04,-3.03,-0.03,0.62
2004-11-25,0.96,0.95,0.96,0.94,3474,1662161.00,2.08,-1.04,-0.01,0.32
2004-11-26,0.95,0.97,0.97,0.95,3518,1698749.00,2.11,2.11,0.02,0.33
2004-11-29,0.97,0.94,0.97,0.94,2572,1228156.00,3.09,-3.09,-0.03,0.24
2004-11-30,0.94,0.94,0.94,0.92,3959,1872021.00,2.13,0.00,0.00,0.37
2004-12-01,0.94,0.92,0.94,0.91,6025,2815462.00,3.19,-2.13,-0.02,0.56
2004-12-02,0.91,0.93,0.94,0.91,3001,1407562.00,3.26,1.09,0.01,0.28
2004-12-03,0.93,0.95,0.95,0.93,4866,2312784.00,2.15,2.15,0.02,0.45
2004-12-06,0.95,0.95,0.96,0.95,3190,1532200.00,1.05,0.00,0.00,0.30
2004-12-07,0.95,0.92,0.96,0.92,4285,2022873.00,4.21,-3.16,-0.03,0.40
2004-12-08,0.94,0.92,0.94,0.92,3024,1413332.00,2.17,0.00,0.00,0.28
2004-12-09,0.92,0.92,0.93,0.90,4904,2286724.00,3.26,0.00,0.00,0.46
2004-12-10,0.92,0.89,0.92,0.89,4291,1970340.00,3.26,-3.26,-0.03,0.40
2004-12-13,0.88,0.88,0.89,0.87,2779,1248461.00,2.25,-1.12,-0.01,0.26
2004-12-14,0.88,0.87,0.89,0.85,5184,2320811.00,4.55,-1.14,-0.01,0.48
2004-12-15,0.87,0.88,0.88,0.85,2327,1037170.00,3.45,1.15,0.01,0.22
2004-12-16,0.86,0.87,0.88,0.86,2214,985429.00,2.27,-1.14,-0.01,0.21
2004-12-17,0.88,0.86,0.88,0.86,1939,858855.00,2.30,-1.15,-0.01,0.18
2004-12-20,0.87,0.85,0.87,0.85,2176,956880.00,2.33,-1.16,-0.01,0.20
2004-12-21,0.85,0.87,0.89,0.85,2341,1045100.00,4.71,2.35,0.02,0.22
2004-12-22,0.87,0.90,0.90,0.86,6922,3136394.00,4.60,3.45,0.03,0.65
2004-12-23,0.90,0.89,0.90,0.88,3273,1490321.00,2.22,-1.11,-0.01,0.31
2004-12-24,0.91,0.89,0.91,0.87,2934,1328900.00,4.49,0.00,0.00,0.27
2004-12-27,0.91,0.89,0.91,0.88,1854,840874.00,3.37,0.00,0.00,0.17
2004-12-28,0.90,0.91,0.93,0.89,12821,5939834.00,4.49,2.25,0.02,1.20
2004-12-29,0.92,0.88,0.92,0.88,3723,1710261.00,4.40,-3.30,-0.03,0.35
2004-12-30,0.89,0.87,0.90,0.86,2617,1168630.00,4.55,-1.14,-0.01,0.24
2004-12-31,0.87,0.86,0.88,0.85,3223,1426864.00,3.45,-1.15,-0.01,0.30
2005-01-04,0.86,0.86,0.87,0.85,1712,757462.00,2.33,0.00,0.00,0.16
2005-01-05,0.85,0.88,0.88,0.85,2752,1223821.00,3.49,2.33,0.02,0.26
2005-01-06,0.86,0.86,0.87,0.85,1809,799868.00,2.27,-2.27,-0.02,0.17
2005-01-07,0.86,0.87,0.88,0.86,1663,741600.00,2.33,1.16,0.01,0.16
2005-01-10,0.86,0.88,0.88,0.86,1038,463099.00,2.30,1.15,0.01,0.10
2005-01-11,0.88,0.89,0.89,0.87,1893,851589.00,2.27,1.14,0.01,0.18
2005-01-12,0.89,0.89,0.89,0.87,1948,880057.00,2.25,0.00,0.00,0.18
2005-01-13,0.90,0.90,0.92,0.89,5629,2592884.00,3.37,1.12,0.01,0.52
2005-01-14,0.90,0.88,0.91,0.88,2812,1287906.00,3.33,-2.22,-0.02,0.26
2005-01-17,0.87,0.86,0.88,0.85,2645,1173897.00,3.41,-2.27,-0.02,0.25
2005-01-18,0.88,0.87,0.88,0.84,2151,947801.00,4.65,1.16,0.01,0.20
2005-01-19,0.86,0.86,0.87,0.85,1779,785169.00,2.30,-1.15,-0.01,0.17
2005-01-20,0.86,0.88,0.89,0.86,4049,1813816.00,3.49,2.33,0.02,0.38
2005-01-21,0.87,0.90,0.91,0.85,5142,2334716.00,6.82,2.27,0.02,0.48
2005-01-24,0.92,0.92,0.94,0.89,6376,2952138.00,5.56,2.22,0.02,0.59
2005-01-25,0.90,0.91,0.91,0.89,2872,1313428.00,2.17,-1.09,-0.01,0.27
2005-01-26,0.90,0.89,0.90,0.88,2170,987331.00,2.20,-2.20,-0.02,0.20
2005-01-27,0.89,0.87,0.89,0.86,3106,1393546.00,3.37,-2.25,-0.02,0.29
2005-01-28,0.86,0.87,0.88,0.86,2234,992928.00,2.30,0.00,0.00,0.21
2005-01-31,0.86,0.80,0.86,0.80,6700,2874500.00,6.90,-8.05,-0.07,0.62
2005-02-01,0.81,0.82,0.83,0.81,6887,2928472.00,2.50,2.50,0.02,0.64
2005-02-02,0.83,0.89,0.89,0.82,9076,4021247.00,8.54,8.54,0.07,0.85
2005-02-03,0.90,0.89,0.94,0.89,31927,14822401.00,5.62,0.00,0.00,2.98
2005-02-04,0.88,0.90,0.91,0.85,8657,3903871.00,6.74,1.12,0.01,0.81
2005-02-16,0.90,0.90,0.91,0.89,4271,1965268.00,2.22,0.00,0.00,0.40
2005-02-17,0.87,0.89,0.89,0.87,3403,1544551.00,2.22,-1.11,-0.01,0.32
2005-02-18,0.89,0.88,0.90,0.87,2358,1068454.00,3.37,-1.12,-0.01,0.22
2005-02-21,0.88,0.89,0.90,0.87,4013,1821581.00,3.41,1.14,0.01,0.37
2005-02-22,0.89,0.92,0.93,0.89,13734,6362446.00,4.49,3.37,0.03,1.28
2005-02-23,0.92,0.97,0.98,0.90,23133,10996006.00,8.70,5.43,0.05,2.16
2005-02-24,0.95,0.99,1.00,0.94,20494,9990374.00,6.19,2.06,0.02,1.91
2005-02-25,0.99,0.97,1.00,0.96,16293,7985419.00,4.04,-2.02,-0.02,1.52
2005-02-28,0.96,1.01,1.01,0.96,23855,11796269.00,5.15,4.12,0.04,2.22
2005-03-01,1.01,0.98,1.01,0.97,11760,5788163.00,3.96,-2.97,-0.03,1.10
2005-03-02,0.99,0.95,0.99,0.94,10001,4842670.00,5.10,-3.06,-0.03,0.93
2005-03-03,0.94,0.95,0.95,0.92,7153,3370972.00,3.16,0.00,0.00,0.67
2005-03-04,0.94,0.93,0.95,0.92,5400,2543460.00,3.16,-2.11,-0.02,0.50
2005-03-07,0.93,0.95,0.95,0.93,2605,1236800.00,2.15,2.15,0.02,0.24
2005-03-08,0.95,0.97,0.99,0.94,6880,3313755.00,5.26,2.11,0.02,0.64
2005-03-09,0.97,0.96,0.98,0.95,5828,2817403.00,3.09,-1.03,-0.01,0.54
2005-03-10,0.96,0.92,0.97,0.91,8156,3834189.00,6.25,-4.17,-0.04,0.76
2005-03-11,0.91,0.91,0.93,0.91,4869,2258918.00,2.17,-1.09,-0.01,0.45
2005-03-14,0.91,0.88,0.91,0.88,7103,3232701.00,3.30,-3.30,-0.03,0.66
2005-03-15,0.89,0.87,0.89,0.87,4799,2156315.00,2.27,-1.14,-0.01,0.45
2005-03-16,0.87,0.88,0.89,0.86,3317,1488736.00,3.45,1.15,0.01,0.31
2005-03-17,0.88,0.84,0.88,0.84,5949,2619962.00,4.55,-4.55,-0.04,0.55
2005-03-18,0.84,0.83,0.85,0.83,5391,2327568.00,2.38,-1.19,-0.01,0.50
2005-03-21,0.83,0.84,0.84,0.83,2751,1188159.00,1.20,1.20,0.01,0.26
2005-03-22,0.84,0.78,0.84,0.77,5523,2318317.00,8.33,-7.14,-0.06,0.51
2005-03-23,0.78,0.77,0.80,0.76,2819,1154084.00,5.13,-1.28,-0.01,0.26
2005-03-24,0.77,0.79,0.80,0.77,2456,1008003.00,3.90,2.60,0.02,0.23
2005-03-25,0.78,0.80,0.80,0.78,1838,766304.00,2.53,1.27,0.01,0.17
2005-03-28,0.79,0.79,0.79,0.77,1962,808661.00,2.50,-1.25,-0.01,0.18
2005-03-29,0.78,0.79,0.80,0.78,1379,570689.00,2.53,0.00,0.00,0.13
2005-03-30,0.78,0.76,0.78,0.75,2960,1199381.00,3.80,-3.80,-0.03,0.28
2005-03-31,0.75,0.76,0.78,0.75,2259,906525.00,3.95,0.00,0.00,0.21
2005-04-01,0.76,0.80,0.81,0.75,3271,1343987.00,7.89,5.26,0.04,0.30
2005-04-04,0.79,0.78,0.79,0.77,2277,936018.00,2.50,-2.50,-0.02,0.21
2005-04-05,0.77,0.76,0.78,0.76,1766,718173.00,2.56,-2.56,-0.02,0.16
2005-04-06,0.76,0.78,0.79,0.75,2767,1124262.00,5.26,2.63,0.02,0.26
2005-04-07,0.78,0.79,0.81,0.77,6154,2563026.00,5.13,1.28,0.01,0.57
2005-04-08,0.79,0.82,0.82,0.78,5113,2148840.00,5.06,3.80,0.03,0.48
2005-04-11,0.82,0.81,0.82,0.80,5642,2369370.00,2.44,-1.22,-0.01,0.53
2005-04-12,0.79,0.77,0.80,0.77,3518,1443876.00,3.70,-4.94,-0.04,0.33
2005-04-13,0.80,0.81,0.81,0.78,7152,2982660.00,3.90,5.19,0.04,0.67
2005-04-14,0.80,0.79,0.81,0.79,6214,2598564.00,2.47,-2.47,-0.02,0.58
2005-04-15,0.79,0.78,0.81,0.76,11859,4943646.00,6.33,-1.27,-0.01,1.11
2005-04-18,0.77,0.72,0.77,0.72,5935,2332343.00,6.41,-7.69,-0.06,0.55
2005-04-19,0.73,0.74,0.75,0.72,3572,1398076.00,4.17,2.78,0.02,0.33
2005-04-20,0.75,0.72,0.75,0.71,3907,1510564.00,5.41,-2.70,-0.02,0.36
2005-04-21,0.71,0.68,0.72,0.67,5240,1972876.00,6.94,-5.56,-0.04,0.49
2005-04-22,0.68,0.66,0.69,0.66,3354,1228737.00,4.41,-2.94,-0.02,0.31
2005-04-25,0.67,0.62,0.67,0.62,4632,1631356.00,7.58,-6.06,-0.04,0.43
2005-04-26,0.62,0.65,0.66,0.62,3984,1410540.00,6.45,4.84,0.03,0.37
2005-04-27,0.65,0.64,0.66,0.64,2466,879713.00,3.08,-1.54,-0.01,0.23
2005-04-28,0.65,0.67,0.68,0.63,6473,2351969.00,7.81,4.69,0.03,0.60
2005-04-29,0.69,0.67,0.71,0.67,8281,3101641.00,5.97,0.00,0.00,0.77
2005-05-09,0.70,0.65,0.70,0.65,2652,972878.00,7.46,-2.99,-0.02,0.25
2005-05-10,0.64,0.66,0.66,0.62,3006,1061946.00,6.15,1.54,0.01,0.28
2005-05-11,0.65,0.63,0.66,0.63,2531,903705.00,4.55,-4.55,-0.03,0.24
2005-05-12,0.63,0.64,0.65,0.62,3727,1321283.00,4.76,1.59,0.01,0.35
2005-05-13,0.72,0.71,0.73,0.69,34354,13066806.00,6.25,10.94,0.07,3.20
2005-05-17,0.71,0.69,0.71,0.66,10359,3873085.00,7.04,-2.82,-0.02,0.97
2005-05-18,0.69,0.72,0.72,0.69,6783,2558102.00,4.35,4.35,0.03,0.63
2005-05-19,0.72,0.71,0.72,0.70,5287,2017356.00,2.78,-1.39,-0.01,0.49
2005-05-20,0.71,0.70,0.71,0.69,4624,1744665.00,2.82,-1.41,-0.01,0.43
2005-05-23,0.69,0.65,0.69,0.64,4585,1669957.00,7.14,-7.14,-0.05,0.43
2005-05-24,0.64,0.66,0.67,0.64,4262,1544912.00,4.62,1.54,0.01,0.40
2005-05-25,0.65,0.67,0.69,0.65,3190,1175464.00,6.06,1.52,0.01,0.30
2005-05-26,0.67,0.67,0.68,0.67,3242,1188904.00,1.49,0.00,0.00,0.30
2005-05-27,0.67,0.67,0.69,0.66,2372,873028.00,4.48,0.00,0.00,0.22
2005-05-30,0.66,0.68,0.69,0.65,3102,1146490.00,5.97,1.49,0.01,0.29
2005-05-31,0.69,0.70,0.71,0.68,6856,2594211.00,4.41,2.94,0.02,0.64
2005-06-01,0.70,0.69,0.70,0.68,2875,1075491.00,2.86,-1.43,-0.01,0.27
2005-06-02,0.69,0.70,0.70,0.68,3267,1224680.00,2.90,1.45,0.01,0.30
2005-06-03,0.70,0.69,0.71,0.68,2819,1058367.00,4.29,-1.43,-0.01,0.26
2005-06-06,0.68,0.70,0.71,0.65,7072,2656524.00,8.70,1.45,0.01,0.66
2005-06-07,0.73,0.71,0.74,0.71,15296,5930418.00,4.29,1.43,0.01,1.43
2005-06-08,0.71,0.78,0.79,0.71,20617,8230910.00,11.27,9.86,0.07,1.92
2005-06-09,0.78,0.77,0.79,0.75,15915,6462783.00,5.13,-1.28,-0.01,1.48
2005-06-10,0.77,0.74,0.77,0.73,10982,4357326.00,5.19,-3.90,-0.03,1.02
2005-06-13,0.74,0.74,0.75,0.72,7176,2829800.00,4.05,0.00,0.00,0.67
2005-06-14,0.75,0.72,0.75,0.72,6385,2510826.00,4.05,-2.70,-0.02,0.60
2005-06-15,0.71,0.71,0.72,0.70,4068,1560598.00,2.78,-1.39,-0.01,0.38
2005-06-16,0.71,0.70,0.71,0.69,4821,1828612.00,2.82,-1.41,-0.01,0.45
2005-06-17,0.72,0.73,0.77,0.71,13933,5495944.00,8.57,4.29,0.03,1.30
2005-06-20,0.74,0.75,0.75,0.70,10962,4278559.00,6.85,2.74,0.02,1.02
2005-06-21,0.75,0.75,0.75,0.73,6031,2379671.00,2.67,0.00,0.00,0.56
2005-06-22,0.75,0.75,0.75,0.73,4092,1619053.00,2.67,0.00,0.00,0.38
2005-06-23,0.74,0.72,0.75,0.72,7643,2999208.00,4.00,-4.00,-0.03,0.71
2005-06-24,0.72,0.73,0.73,0.72,3288,1274641.00,1.39,1.39,0.01,0.31
2005-06-27,0.75,0.75,0.76,0.74,9853,3927985.00,2.74,2.74,0.02,0.92
2005-06-28,0.75,0.73,0.75,0.72,3354,1316383.00,4.00,-2.67,-0.02,0.31
2005-06-29,0.73,0.73,0.74,0.72,2385,930138.00,2.74,0.00,0.00,0.22
2005-06-30,0.73,0.70,0.73,0.69,5938,2271149.00,5.48,-4.11,-0.03,0.55
2005-07-01,0.69,0.65,0.69,0.65,4905,1807433.00,5.71,-7.14,-0.05,0.46
2005-07-04,0.63,0.64,0.65,0.63,2646,932321.00,3.08,-1.54,-0.01,0.25
2005-07-05,0.64,0.63,0.65,0.63,1965,696763.00,3.13,-1.56,-0.01,0.18
2005-07-06,0.65,0.64,0.65,0.63,2815,991733.00,3.17,1.59,0.01,0.26
2005-07-07,0.64,0.63,0.65,0.63,2842,1011304.00,3.13,-1.56,-0.01,0.27
2005-07-08,0.63,0.59,0.65,0.58,3701,1290742.00,11.11,-6.35,-0.04,0.35
2005-07-11,0.60,0.59,0.63,0.59,3142,1072307.00,6.78,0.00,0.00,0.29
2005-07-12,0.59,0.63,0.63,0.59,4009,1367739.00,6.78,6.78,0.04,0.37
2005-07-13,0.63,0.61,0.63,0.60,1814,622850.00,4.76,-3.17,-0.02,0.17
2005-07-14,0.61,0.61,0.62,0.60,1458,498423.00,3.28,0.00,0.00,0.14
2005-07-15,0.61,0.59,0.62,0.58,2891,974517.00,6.56,-3.28,-0.02,0.27
2005-07-18,0.58,0.57,0.58,0.56,5030,1637004.00,3.39,-3.39,-0.02,0.47
2005-07-19,0.58,0.62,0.62,0.58,15505,5283168.00,7.02,8.77,0.05,1.45
2005-07-20,0.61,0.61,0.61,0.60,5111,1739140.00,1.61,-1.61,-0.01,0.48
2005-07-21,0.60,0.61,0.62,0.60,3755,1277262.00,3.28,0.00,0.00,0.35
2005-07-22,0.61,0.63,0.64,0.61,8828,3079055.00,4.92,3.28,0.02,0.82
2005-07-25,0.63,0.62,0.63,0.61,3458,1193936.00,3.17,-1.59,-0.01,0.32
2005-07-26,0.62,0.64,0.64,0.62,5716,2009394.00,3.23,3.23,0.02,0.53
2005-07-27,0.63,0.64,0.64,0.62,5819,2045995.00,3.13,0.00,0.00,0.54
2005-07-28,0.64,0.63,0.65,0.63,6662,2358576.00,3.13,-1.56,-0.01,0.62
2005-07-29,0.63,0.62,0.63,0.62,3529,1227514.00,1.59,-1.59,-0.01,0.33
2005-08-01,0.62,0.64,0.64,0.62,4578,1602153.00,3.23,3.23,0.02,0.43
2005-08-02,0.64,0.65,0.65,0.63,4873,1725389.00,3.13,1.56,0.01,0.45
2005-08-03,0.65,0.66,0.67,0.65,9760,3543179.00,3.08,1.54,0.01,0.91
2005-08-04,0.65,0.65,0.65,0.64,6004,2138398.00,1.52,-1.52,-0.01,0.56
2005-08-05,0.65,0.67,0.68,0.65,9796,3572835.00,4.62,3.08,0.02,0.91
2005-08-08,0.70,0.68,0.70,0.67,9971,3700476.00,4.48,1.49,0.01,0.93
2005-08-09,0.67,0.69,0.69,0.66,4996,1840023.00,4.41,1.47,0.01,0.47
2005-08-10,0.69,0.70,0.70,0.67,8485,3161562.00,4.35,1.45,0.01,0.79
2005-08-11,0.70,0.70,0.71,0.68,11020,4146229.00,4.29,0.00,0.00,1.03
2005-08-12,0.70,0.67,0.70,0.67,11846,4427262.00,4.29,-4.29,-0.03,1.10
2005-08-15,0.67,0.70,0.70,0.67,10412,3888404.00,4.48,4.48,0.03,0.97
2005-08-16,0.74,0.73,0.77,0.73,55734,22230131.00,5.71,4.29,0.03,5.20
2005-08-17,0.73,0.75,0.76,0.71,21771,8536271.00,6.85,2.74,0.02,2.03
2005-08-18,0.75,0.71,0.76,0.70,21513,8532605.00,8.00,-5.33,-0.04,2.01
2005-08-19,0.70,0.70,0.72,0.68,9480,3582486.00,5.63,-1.41,-0.01,0.88
2005-08-22,0.71,0.72,0.72,0.69,5918,2255892.00,4.29,2.86,0.02,0.55
2005-08-23,0.69,0.68,0.70,0.66,7905,2936372.00,5.56,-5.56,-0.04,0.74
2005-08-24,0.69,0.69,0.69,0.67,9725,3617363.00,2.94,1.47,0.01,0.91
2005-08-25,0.69,0.69,0.69,0.67,8931,3316884.00,2.90,0.00,0.00,0.83
2005-08-26,0.69,0.70,0.70,0.68,8530,3185550.00,2.90,1.45,0.01,0.80
2005-08-29,0.70,0.69,0.70,0.68,7174,2683526.00,2.86,-1.43,-0.01,0.67
2005-08-30,0.70,0.68,0.70,0.68,4061,1513339.00,2.90,-1.45,-0.01,0.38
2005-08-31,0.68,0.71,0.71,0.68,13220,5007952.00,4.41,4.41,0.03,1.23
2005-09-01,0.71,0.73,0.74,0.70,17642,6841614.00,5.63,2.82,0.02,1.64
2005-09-02,0.77,0.77,0.80,0.76,53138,21766867.00,5.48,5.48,0.04,4.95
2005-09-05,0.77,0.77,0.78,0.76,15098,6124949.00,2.60,0.00,0.00,1.41
2005-09-06,0.77,0.75,0.77,0.73,17592,7055753.00,5.19,-2.60,-0.02,1.64
2005-09-07,0.74,0.77,0.77,0.73,13108,5240960.00,5.33,2.67,0.02,1.22
2005-09-08,0.77,0.77,0.78,0.76,14493,5896663.00,2.60,0.00,0.00,1.35
2005-09-09,0.77,0.75,0.77,0.75,8816,3553017.00,2.60,-2.60,-0.02,0.82
2005-09-13,0.75,0.78,0.78,0.75,9876,4023186.00,4.00,4.00,0.03,0.92
2005-09-14,0.78,0.79,0.79,0.77,15165,6265405.00,2.56,1.28,0.01,1.41
2005-09-15,0.79,0.79,0.80,0.78,9879,4092326.00,2.53,0.00,0.00,0.92
2005-09-16,0.79,0.78,0.79,0.77,10457,4281686.00,2.53,-1.27,-0.01,0.98
2005-09-19,0.78,0.80,0.81,0.78,17730,7375551.00,3.85,2.56,0.02,1.65
2005-09-20,0.80,0.78,0.80,0.78,14453,5978418.00,2.50,-2.50,-0.02,1.35
2005-09-21,0.78,0.76,0.79,0.76,12146,4944871.00,3.85,-2.56,-0.02,1.13
2005-09-22,0.76,0.72,0.76,0.70,11794,4617181.00,7.89,-5.26,-0.04,1.10
2005-09-23,0.72,0.75,0.80,0.71,20245,7997063.00,12.50,4.17,0.03,1.89
2005-09-26,0.74,0.74,0.77,0.74,17681,7051068.00,4.00,-1.33,-0.01,1.65
2005-09-27,0.75,0.71,0.75,0.70,10305,3981333.00,6.76,-4.05,-0.03,0.96
2005-09-28,0.71,0.71,0.72,0.70,4534,1733410.00,2.82,0.00,0.00,0.42
2005-09-29,0.72,0.73,0.73,0.72,4016,1560949.00,1.41,2.82,0.02,0.37
2005-09-30,0.73,0.72,0.73,0.72,2490,966076.00,1.37,-1.37,-0.01,0.23
2005-10-10,0.72,0.71,0.72,0.71,1858,711956.00,1.39,-1.39,-0.01,0.17
2005-10-11,0.71,0.73,0.74,0.71,2811,1089219.00,4.23,2.82,0.02,0.26
2005-10-12,0.73,0.75,0.76,0.72,7163,2839858.00,5.48,2.74,0.02,0.67
2005-10-13,0.75,0.76,0.76,0.73,9741,3881608.00,4.00,1.33,0.01,0.91
2005-10-14,0.75,0.73,0.77,0.73,5140,2051522.00,5.26,-3.95,-0.03,0.48
2005-10-17,0.73,0.73,0.76,0.72,5932,2349363.00,5.48,0.00,0.00,0.55
2005-10-18,0.74,0.75,0.76,0.73,13009,5152454.00,4.11,2.74,0.02,1.21
2005-10-19,0.75,0.74,0.76,0.73,9963,3960901.00,4.00,-1.33,-0.01,0.93
2005-10-20,0.74,0.73,0.75,0.72,4605,1800556.00,4.05,-1.35,-0.01,0.43
2005-10-21,0.73,0.74,0.74,0.72,5678,2226088.00,2.74,1.37,0.01,0.53
2005-10-24,0.74,0.72,0.74,0.70,6247,2414815.00,5.41,-2.70,-0.02,0.58
2005-10-25,0.72,0.70,0.72,0.70,6100,2342239.00,2.78,-2.78,-0.02,0.57
2005-10-26,0.71,0.67,0.71,0.67,7356,2749179.00,5.71,-4.29,-0.03,0.69
2005-10-27,0.67,0.66,0.67,0.65,5632,2043894.00,2.99,-1.49,-0.01,0.53
2005-10-28,0.66,0.62,0.67,0.61,6366,2241279.00,9.09,-6.06,-0.04,0.59
2005-10-31,0.62,0.63,0.64,0.62,4904,1719313.00,3.23,1.61,0.01,0.46
2005-11-01,0.63,0.63,0.63,0.62,4157,1450439.00,1.59,0.00,0.00,0.39
2005-11-02,0.64,0.66,0.66,0.63,9849,3520903.00,4.76,4.76,0.03,0.92
2005-11-03,0.66,0.66,0.69,0.66,15023,5533059.00,4.55,0.00,0.00,1.40
2005-11-04,0.66,0.68,0.70,0.66,8365,3086461.00,6.06,3.03,0.02,0.78
2005-11-07,0.68,0.67,0.68,0.65,5642,2049241.00,4.41,-1.47,-0.01,0.53
2005-11-08,0.67,0.67,0.68,0.65,5407,1975883.00,4.48,0.00,0.00,0.50
2005-11-09,0.67,0.66,0.68,0.66,3195,1171290.00,2.99,-1.49,-0.01,0.30
2005-11-10,0.66,0.63,0.66,0.63,4447,1584945.00,4.55,-4.55,-0.03,0.41
2005-11-11,0.63,0.64,0.65,0.63,3784,1333790.00,3.17,1.59,0.01,0.35
2005-11-14,0.64,0.65,0.65,0.63,2865,1010966.00,3.13,1.56,0.01,0.27
2005-11-15,0.64,0.65,0.65,0.64,3937,1405438.00,1.54,0.00,0.00,0.37
2005-11-16,0.65,0.65,0.65,0.63,3687,1304121.00,3.08,0.00,0.00,0.34
2005-11-17,0.65,0.65,0.66,0.64,2939,1055858.00,3.08,0.00,0.00,0.27
2005-11-18,0.67,0.67,0.67,0.65,9127,3329473.00,3.08,3.08,0.02,0.85
2005-11-21,0.67,0.67,0.68,0.66,5149,1881728.00,2.99,0.00,0.00,0.48
2005-11-22,0.67,0.65,0.67,0.65,4218,1525718.00,2.99,-2.99,-0.02,0.39
2005-11-23,0.64,0.66,0.66,0.64,1631,587782.00,3.08,1.54,0.01,0.15
2005-11-24,0.67,0.66,0.67,0.65,5175,1883789.00,3.03,0.00,0.00,0.48
2005-11-25,0.66,0.67,0.67,0.66,2757,1001629.00,1.52,1.52,0.01,0.26
2005-11-28,0.67,0.66,0.67,0.66,1495,542532.00,1.49,-1.49,-0.01,0.14
2005-11-29,0.66,0.64,0.66,0.64,4015,1431558.00,3.03,-3.03,-0.02,0.37
2005-11-30,0.64,0.64,0.64,0.63,4026,1421007.00,1.56,0.00,0.00,0.38
2005-12-01,0.65,0.64,0.65,0.63,2016,713360.00,3.13,0.00,0.00,0.19
2005-12-02,0.63,0.65,0.66,0.63,6135,2190810.00,4.69,1.56,0.01,0.57
2005-12-05,0.64,0.61,0.65,0.61,6958,2406855.00,6.15,-6.15,-0.04,0.65
2005-12-06,0.61,0.61,0.62,0.61,2017,692952.00,1.64,0.00,0.00,0.19
2005-12-07,0.61,0.62,0.62,0.61,2476,854665.00,1.64,1.64,0.01,0.23
2005-12-08,0.62,0.61,0.62,0.61,2902,998358.00,1.61,-1.61,-0.01,0.27
2005-12-09,0.62,0.63,0.63,0.61,3334,1159554.00,3.28,3.28,0.02,0.31
2005-12-12,0.63,0.63,0.63,0.62,3232,1129212.00,1.59,0.00,0.00,0.30
2005-12-13,0.63,0.63,0.64,0.62,2604,910107.00,3.17,0.00,0.00,0.24
2005-12-14,0.63,0.64,0.64,0.62,4100,1443155.00,3.17,1.59,0.01,0.38
2005-12-15,0.63,0.64,0.64,0.63,4299,1516346.00,1.56,0.00,0.00,0.40
2005-12-16,0.63,0.64,0.64,0.63,2683,946116.00,1.56,0.00,0.00,0.25
2005-12-19,0.64,0.64,0.64,0.63,2736,965257.00,1.56,0.00,0.00,0.26
2005-12-20,0.64,0.64,0.64,0.63,1919,678084.00,1.56,0.00,0.00,0.18
2005-12-21,0.63,0.63,0.64,0.62,5826,2036464.00,3.13,-1.56,-0.01,0.54
2005-12-22,0.63,0.65,0.65,0.62,8638,3051152.00,4.76,3.17,0.02,0.81
2005-12-23,0.65,0.69,0.72,0.64,33347,12454197.00,12.31,6.15,0.04,3.11
2005-12-26,0.69,0.69,0.69,0.67,16632,6178289.00,2.90,0.00,0.00,1.55
2005-12-27,0.68,0.69,0.69,0.68,8069,2990992.00,1.45,0.00,0.00,0.75
2005-12-28,0.68,0.68,0.68,0.67,5045,1863908.00,1.45,-1.45,-0.01,0.47
2005-12-29,0.67,0.69,0.69,0.67,7918,2938758.00,2.94,1.47,0.01,0.74
2005-12-30,0.68,0.68,0.69,0.68,5339,1982195.00,1.45,-1.45,-0.01,0.50
2006-01-04,0.68,0.69,0.70,0.68,7565,2833434.00,2.94,1.47,0.01,0.71
2006-01-05,0.69,0.70,0.70,0.68,7736,2909041.00,2.90,1.45,0.01,0.72
2006-01-06,0.70,0.70,0.71,0.69,11528,4361871.00,2.86,0.00,0.00,1.07
2006-01-09,0.70,0.71,0.72,0.70,9413,3595698.00,2.86,1.43,0.01,0.88
2006-01-10,0.70,0.71,0.72,0.70,7345,2792889.00,2.82,0.00,0.00,0.68
2006-01-11,0.70,0.69,0.71,0.69,9489,3574426.00,2.82,-2.82,-0.02,0.88
2006-01-12,0.69,0.71,0.72,0.69,10822,4109622.00,4.35,2.90,0.02,1.01
2006-01-13,0.71,0.72,0.73,0.70,17697,6856464.00,4.23,1.41,0.01,1.65
2006-01-16,0.73,0.72,0.73,0.71,10962,4247943.00,2.78,0.00,0.00,1.02
2006-01-17,0.71,0.70,0.72,0.70,8141,3109535.00,2.78,-2.78,-0.02,0.76
2006-01-18,0.70,0.72,0.73,0.70,9192,3540568.00,4.29,2.86,0.02,0.86
2006-01-19,0.72,0.73,0.74,0.71,16659,6468910.00,4.17,1.39,0.01,1.55
2006-01-20,0.73,0.73,0.74,0.72,13250,5173033.00,2.74,0.00,0.00,1.24
2006-01-23,0.73,0.75,0.75,0.73,15770,6227423.00,2.74,2.74,0.02,1.47
2006-01-24,0.75,0.75,0.77,0.74,13834,5511031.00,4.00,0.00,0.00,1.29
2006-01-25,0.75,0.74,0.75,0.73,10270,4047191.00,2.67,-1.33,-0.01,0.96
2006-02-06,0.75,0.76,0.76,0.74,11139,4440470.00,2.70,2.70,0.02,1.04
2006-02-07,0.75,0.74,0.76,0.74,15178,6029368.00,2.63,-2.63,-0.02,1.42
2006-02-08,0.74,0.76,0.76,0.73,13484,5338681.00,4.05,2.70,0.02,1.26
2006-02-09,0.76,0.74,0.76,0.74,9677,3827187.00,2.63,-2.63,-0.02,0.90
2006-02-10,0.74,0.74,0.75,0.73,9634,3801373.00,2.70,0.00,0.00,0.90
2006-02-13,0.75,0.78,0.78,0.75,22649,9160330.00,4.05,5.41,0.04,2.11
2006-02-14,0.78,0.77,0.78,0.77,11965,4878516.00,1.28,-1.28,-0.01,1.12
2006-02-15,0.77,0.77,0.78,0.76,9547,3874681.00,2.60,0.00,0.00,0.89
2006-02-16,0.78,0.73,0.78,0.73,11837,4706144.00,6.49,-5.19,-0.04,1.10
2006-02-17,0.73,0.72,0.74,0.72,12881,5011726.00,2.74,-1.37,-0.01,1.20
2006-02-20,0.72,0.72,0.73,0.71,7154,2763757.00,2.78,0.00,0.00,0.67
2006-02-21,0.72,0.73,0.73,0.71,6486,2512024.00,2.78,1.39,0.01,0.60
2006-02-22,0.73,0.72,0.74,0.72,7704,3007887.00,2.74,-1.37,-0.01,0.72
2006-02-23,0.72,0.73,0.74,0.72,5361,2090399.00,2.78,1.39,0.01,0.50
2006-02-24,0.73,0.73,0.74,0.73,5710,2233941.00,1.37,0.00,0.00,0.53
2006-02-27,0.73,0.74,0.75,0.73,6444,2542429.00,2.74,1.37,0.01,0.60
2006-02-28,0.73,0.73,0.73,0.71,6627,2571352.00,2.70,-1.35,-0.01,0.62
2006-03-01,0.73,0.74,0.74,0.73,6509,2547648.00,1.37,1.37,0.01,0.61
2006-03-02,0.74,0.72,0.74,0.71,6744,2623671.00,4.05,-2.70,-0.02,0.63
2006-03-03,0.72,0.72,0.72,0.71,6892,2640727.00,1.39,0.00,0.00,0.64
2006-03-06,0.72,0.72,0.72,0.71,2810,1079353.00,1.39,0.00,0.00,0.26
2006-03-07,0.72,0.69,0.72,0.69,7400,2806089.00,4.17,-4.17,-0.03,0.69
2006-03-08,0.68,0.68,0.69,0.67,5904,2181346.00,2.90,-1.45,-0.01,0.55
2006-03-09,0.68,0.68,0.69,0.67,4438,1641197.00,2.94,0.00,0.00,0.41
2006-03-10,0.69,0.68,0.69,0.67,4254,1567624.00,2.94,0.00,0.00,0.40
2006-03-13,0.67,0.68,0.69,0.66,4262,1571560.00,4.41,0.00,0.00,0.40
2006-03-14,0.69,0.70,0.71,0.69,9799,3711285.00,2.94,2.94,0.02,0.91
2006-03-15,0.70,0.70,0.70,0.68,4340,1627444.00,2.86,0.00,0.00,0.40
2006-03-16,0.70,0.69,0.70,0.68,4137,1553398.00,2.86,-1.43,-0.01,0.39
2006-03-17,0.69,0.70,0.71,0.68,5337,2018254.00,4.35,1.45,0.01,0.50
2006-03-20,0.70,0.71,0.71,0.69,5106,1938747.00,2.86,1.43,0.01,0.48
2006-03-21,0.71,0.70,0.71,0.70,5927,2248577.00,1.41,-1.41,-0.01,0.55
2006-03-22,0.70,0.71,0.71,0.69,6053,2298655.00,2.86,1.43,0.01,0.56
2006-03-23,0.72,0.72,0.74,0.72,11355,4415736.00,2.82,1.41,0.01,1.06
2006-03-24,0.72,0.71,0.73,0.71,7763,2994312.00,2.78,-1.39,-0.01,0.72
2006-03-27,0.72,0.73,0.73,0.71,7373,2849479.00,2.82,2.82,0.02,0.69
2006-03-28,0.73,0.73,0.73,0.72,7879,3066795.00,1.37,0.00,0.00,0.73
2006-03-29,0.73,0.73,0.74,0.72,10830,4234907.00,2.74,0.00,0.00,1.01
2006-03-30,0.73,0.71,0.73,0.71,7162,2770742.00,2.74,-2.74,-0.02,0.67
2006-03-31,0.71,0.71,0.71,0.70,5809,2211887.00,1.41,0.00,0.00,0.54
2006-04-03,0.71,0.72,0.72,0.70,9793,3754922.00,2.82,1.41,0.01,0.91
2006-04-04,0.72,0.73,0.73,0.71,12495,4834741.00,2.78,1.39,0.01,1.17
2006-04-05,0.73,0.73,0.74,0.72,16994,6646595.00,2.74,0.00,0.00,1.58
2006-04-06,0.74,0.73,0.74,0.72,14268,5590237.00,2.74,0.00,0.00,1.33
2006-04-07,0.73,0.75,0.76,0.73,25170,10020858.00,4.11,2.74,0.02,2.35
2006-04-10,0.75,0.77,0.77,0.75,20361,8211490.00,2.67,2.67,0.02,1.90
2006-04-11,0.78,0.77,0.78,0.76,19236,7793885.00,2.60,0.00,0.00,1.79
2006-04-12,0.77,0.78,0.79,0.76,25143,10353886.00,3.90,1.30,0.01,2.34
2006-04-13,0.78,0.75,0.80,0.75,20928,8502681.00,6.41,-3.85,-0.03,1.95
2006-04-14,0.74,0.77,0.77,0.74,15280,6100056.00,4.00,2.67,0.02,1.42
2006-04-17,0.76,0.77,0.79,0.76,16113,6580306.00,3.90,0.00,0.00,1.50
2006-04-18,0.76,0.76,0.79,0.75,22306,9054018.00,5.19,-1.30,-0.01,2.08
2006-04-19,0.76,0.74,0.76,0.73,16465,6544028.00,3.95,-2.63,-0.02,1.54
2006-04-20,0.74,0.73,0.75,0.73,15487,6075190.00,2.70,-1.35,-0.01,1.44
2006-04-21,0.73,0.76,0.76,0.73,15019,6005009.00,4.11,4.11,0.03,1.40
2006-04-24,0.78,0.80,0.82,0.78,47095,19719741.00,5.26,5.26,0.04,4.39
2006-04-25,0.79,0.84,0.85,0.77,45688,19563864.00,10.00,5.00,0.04,4.26
2006-04-26,0.84,0.83,0.87,0.82,32307,14124709.00,5.95,-1.19,-0.01,3.01
2006-04-27,0.84,0.87,0.88,0.84,32065,14224858.00,4.82,4.82,0.04,2.99
2006-04-28,0.87,0.94,0.98,0.85,64283,30065214.00,14.94,8.05,0.07,5.99
2006-05-08,0.94,1.02,1.03,0.94,58831,29163024.00,9.57,8.51,0.08,5.49
2006-05-09,1.02,1.03,1.04,1.00,42536,21572566.00,3.92,0.98,0.01,3.97
2006-05-10,1.03,1.01,1.04,0.98,39959,20061154.00,5.83,-1.94,-0.02,3.73
2006-05-11,1.01,0.99,1.04,0.99,40870,20740924.00,4.95,-1.98,-0.02,3.81
2006-05-12,0.99,1.11,1.12,0.99,58544,30682578.00,13.13,12.12,0.12,5.46
2006-05-15,1.13,1.14,1.17,1.07,50694,27621433.00,9.01,2.70,0.03,4.73
2006-05-16,1.13,1.05,1.15,1.05,44628,23880649.00,8.77,-7.89,-0.09,4.16
2006-05-17,1.06,1.10,1.12,1.04,35983,19092972.00,7.62,4.76,0.05,3.36
2006-05-18,1.09,1.17,1.17,1.06,41597,22852637.00,10.00,6.36,0.07,3.88
2006-05-19,1.17,1.18,1.19,1.16,30898,17576571.00,2.56,0.85,0.01,2.88
2006-05-23,1.22,1.15,1.24,1.14,46901,26970462.00,8.47,-2.54,-0.03,4.37
2006-05-24,1.15,1.12,1.20,1.08,26441,14619310.00,10.43,-2.61,-0.03,2.47
2006-05-25,1.12,1.20,1.22,1.11,27720,15490175.00,9.82,7.14,0.08,2.58
2006-05-26,1.22,1.20,1.23,1.19,32613,18944810.00,3.33,0.00,0.00,3.04
2006-06-09,1.33,1.19,1.33,1.18,61031,36387426.00,12.50,-0.83,-0.01,5.69
2006-06-12,1.19,1.11,1.20,1.10,27296,15018606.00,8.40,-6.72,-0.08,2.55
2006-06-13,1.12,1.17,1.17,1.12,18994,10540117.00,4.50,5.41,0.06,1.77
2006-06-14,1.15,1.17,1.18,1.14,16403,9204542.00,3.42,0.00,0.00,1.53
2006-06-15,1.17,1.12,1.17,1.11,30506,16858563.00,5.13,-4.27,-0.05,2.84
2006-07-06,0.88,0.94,0.95,0.86,92006,43033647.00,8.04,-16.07,-0.18,6.60
2006-07-07,0.93,0.97,0.98,0.93,63424,30815849.00,5.32,3.19,0.03,4.55
2006-07-10,0.97,0.95,0.97,0.93,41366,19763224.00,4.12,-2.06,-0.02,2.97
2006-07-11,0.95,0.97,0.97,0.95,29124,14086517.00,2.11,2.11,0.02,2.09
2006-07-12,0.97,0.97,0.98,0.96,30553,14850818.00,2.06,0.00,0.00,2.19
2006-07-13,0.96,0.86,0.97,0.85,65289,30146638.00,12.37,-11.34,-0.11,4.68
2006-07-14,0.83,0.87,0.89,0.83,28584,12682620.00,6.98,1.16,0.01,2.05
2006-07-17,0.87,0.89,0.89,0.85,22687,10177359.00,4.60,2.30,0.02,1.63
2006-07-18,0.89,0.94,0.94,0.88,41149,19005844.00,6.74,5.62,0.05,2.95
2006-07-19,0.93,0.96,1.00,0.90,90490,43930027.00,10.64,2.13,0.02,6.49
2006-07-20,0.96,0.95,0.97,0.93,32576,15609920.00,4.17,-1.04,-0.01,2.34
2006-07-21,0.96,1.00,1.00,0.95,55091,27058719.00,5.26,5.26,0.05,3.95
2006-07-24,1.01,1.01,1.03,0.98,80207,40212288.00,5.00,1.00,0.01,5.75
2006-07-25,1.01,1.00,1.01,0.99,39582,19714176.00,1.98,-0.99,-0.01,2.84
2006-07-26,1.00,0.97,1.00,0.96,43193,21102215.00,4.00,-3.00,-0.03,3.10
2006-07-27,0.97,0.95,0.98,0.94,27296,13149708.00,4.12,-2.06,-0.02,1.96
2006-07-28,0.94,0.92,0.95,0.90,32125,15004339.00,5.26,-3.16,-0.03,2.30
2006-07-31,0.91,0.86,0.91,0.86,27827,12545006.00,5.43,-6.52,-0.06,2.00
2006-08-01,0.85,0.86,0.88,0.85,18916,8369046.00,3.49,0.00,0.00,1.36
2006-08-02,0.85,0.88,0.88,0.84,16318,7233678.00,4.65,2.33,0.02,1.17
2006-08-03,0.87,0.86,0.88,0.85,11017,4894259.00,3.41,-2.27,-0.02,0.79
2006-08-04,0.86,0.82,0.87,0.81,13792,6042535.00,6.98,-4.65,-0.04,0.99
2006-08-07,0.81,0.79,0.83,0.78,10273,4311968.00,6.10,-3.66,-0.03,0.74
2006-08-08,0.79,0.83,0.83,0.79,11125,4700423.00,5.06,5.06,0.04,0.80
2006-08-09,0.83,0.82,0.84,0.82,9965,4285323.00,2.41,-1.20,-0.01,0.71
2006-08-10,0.83,0.86,0.86,0.80,17324,7546938.00,7.32,4.88,0.04,1.24
2006-08-11,0.88,0.89,0.93,0.88,40561,18569020.00,5.81,3.49,0.03,2.91
2006-08-14,0.89,0.84,0.89,0.81,21043,9259306.00,8.99,-5.62,-0.05,1.51
2006-08-15,0.84,0.86,0.86,0.82,12583,5471766.00,4.76,2.38,0.02,0.90
2006-08-16,0.86,0.87,0.88,0.85,12286,5457378.00,3.49,1.16,0.01,0.88
2006-08-17,0.86,0.86,0.87,0.84,10828,4759343.00,3.45,-1.15,-0.01,0.78
2006-08-18,0.86,0.87,0.88,0.86,9576,4260944.00,2.33,1.16,0.01,0.69
2006-08-21,0.81,0.85,0.86,0.80,15798,6851131.00,6.90,-2.30,-0.02,1.13
2006-08-22,0.85,0.86,0.87,0.84,14435,6359697.00,3.53,1.18,0.01,1.04
2006-08-23,0.86,0.85,0.86,0.84,10141,4454795.00,2.33,-1.16,-0.01,0.73
2006-08-24,0.85,0.85,0.85,0.83,13318,5784367.00,2.35,0.00,0.00,0.96
2006-08-25,0.85,0.86,0.87,0.85,17252,7623531.00,2.35,1.18,0.01,1.24
2006-08-28,0.87,0.88,0.89,0.86,32034,14427434.00,3.49,2.33,0.02,2.30
2006-08-29,0.89,0.88,0.90,0.88,32905,14979727.00,2.27,0.00,0.00,2.36
2006-08-30,0.88,0.90,0.90,0.86,22237,10106886.00,4.55,2.27,0.02,1.59
2006-08-31,0.90,0.89,0.91,0.88,17814,8114663.00,3.33,-1.11,-0.01,1.28
2006-09-01,0.89,0.86,0.90,0.85,19630,8752278.00,5.62,-3.37,-0.03,1.41
2006-09-04,0.85,0.89,0.90,0.85,27140,12288236.00,5.81,3.49,0.03,1.95
2006-09-05,0.89,0.92,0.92,0.89,50586,23420021.00,3.37,3.37,0.03,3.63
2006-09-06,0.93,0.92,0.94,0.90,30170,14028180.00,4.35,0.00,0.00,2.16
2006-09-07,0.92,0.89,0.92,0.88,20081,9144157.00,4.35,-3.26,-0.03,1.44
2006-09-08,0.88,0.89,0.89,0.88,11693,5291355.00,1.12,0.00,0.00,0.84
2006-09-11,0.88,0.89,0.89,0.86,14837,6680667.00,3.37,0.00,0.00,1.06
2006-09-12,0.88,0.89,0.90,0.88,19086,8699350.00,2.25,0.00,0.00,1.37
2006-09-13,0.89,0.88,0.90,0.88,15697,7120728.00,2.25,-1.12,-0.01,1.13
2006-09-14,0.88,0.87,0.89,0.85,27203,12034389.00,4.55,-1.14,-0.01,1.95
2006-09-15,0.87,0.89,0.90,0.86,22493,10132576.00,4.60,2.30,0.02,1.61
2006-09-18,0.89,0.91,0.91,0.88,23470,10773155.00,3.37,2.25,0.02,1.68
2006-09-19,0.90,0.95,0.95,0.90,45629,21301636.00,5.49,4.40,0.04,3.27
2006-09-20,0.94,0.94,0.96,0.93,48476,23159439.00,3.16,-1.05,-0.01,3.48
2006-09-21,0.95,0.97,0.98,0.95,80767,39119907.00,3.19,3.19,0.03,5.79
2006-09-22,0.96,0.93,0.96,0.92,28612,13551957.00,4.12,-4.12,-0.04,2.05
2006-09-25,0.92,0.93,0.95,0.92,19999,9430131.00,3.23,0.00,0.00,1.43
2006-09-26,0.94,0.91,0.94,0.90,17414,8083238.00,4.30,-2.15,-0.02,1.25
2006-09-27,0.91,0.93,0.93,0.90,11371,5281830.00,3.30,2.20,0.02,0.82
2006-09-28,0.92,0.93,0.94,0.92,15551,7306294.00,2.15,0.00,0.00,1.12
2006-09-29,0.93,0.94,0.95,0.93,24537,11643661.00,2.15,1.08,0.01,1.76
2006-10-09,0.95,0.97,0.98,0.95,33606,16331664.00,3.19,3.19,0.03,2.41
2006-10-10,0.98,0.98,0.99,0.95,32739,15975440.00,4.12,1.03,0.01,2.35
2006-10-11,0.98,0.97,0.98,0.95,25671,12413819.00,3.06,-1.02,-0.01,1.84
2006-10-12,0.96,0.97,0.98,0.95,25965,12593839.00,3.09,0.00,0.00,1.86
2006-10-13,0.97,0.96,0.98,0.96,17695,8582410.00,2.06,-1.03,-0.01,1.27
2006-10-16,0.97,0.98,0.99,0.96,27155,13288085.00,3.13,2.08,0.02,1.95
2006-10-17,0.98,0.98,1.01,0.97,27966,13879833.00,4.08,0.00,0.00,2.01
2006-10-18,0.98,1.00,1.00,0.97,21805,10721112.00,3.06,2.04,0.02,1.56
2006-10-19,0.99,1.02,1.02,0.99,59831,30142119.00,3.00,2.00,0.02,4.29
2006-10-20,1.02,1.00,1.03,1.00,34818,17509715.00,2.94,-1.96,-0.02,2.50
2006-10-23,1.00,0.95,1.02,0.94,30528,14889285.00,8.00,-5.00,-0.05,2.19
2006-10-24,0.96,0.98,0.98,0.95,22949,11155066.00,3.16,3.16,0.03,1.65
2006-10-25,0.98,0.99,1.00,0.96,25593,12563347.00,4.08,1.02,0.01,1.84
2006-10-26,1.02,0.96,1.02,0.96,42110,20781706.00,6.06,-3.03,-0.03,3.02
2006-10-27,0.96,0.92,0.97,0.92,39751,18801825.00,5.21,-4.17,-0.04,2.85
2006-10-30,0.92,0.92,0.94,0.90,21020,9782287.00,4.35,0.00,0.00,1.51
2006-10-31,0.92,0.94,0.94,0.92,20335,9541182.00,2.17,2.17,0.02,1.46
2006-11-01,0.93,0.92,0.94,0.91,20203,9416219.00,3.19,-2.13,-0.02,1.45
2006-11-02,0.92,0.91,0.93,0.90,19501,9027853.00,3.26,-1.09,-0.01,1.40
2006-11-03,0.91,0.93,0.94,0.91,18117,8506867.00,3.30,2.20,0.02,1.30
2006-11-06,0.92,0.92,0.93,0.91,18268,8498498.00,2.15,-1.08,-0.01,1.31
2006-11-07,0.92,0.93,0.93,0.88,30209,13833574.00,5.43,1.09,0.01,2.17
2006-11-08,0.92,0.90,0.92,0.90,11868,5495032.00,2.15,-3.23,-0.03,0.85
2006-11-09,0.88,0.91,0.91,0.88,10201,4688232.00,3.33,1.11,0.01,0.73
2006-11-10,0.91,0.87,0.91,0.87,19878,9005406.00,4.40,-4.40,-0.04,1.43
2006-11-13,0.85,0.83,0.88,0.82,20077,8781237.00,6.90,-4.60,-0.04,1.44
2006-11-14,0.83,0.84,0.84,0.82,12909,5567746.00,2.41,1.20,0.01,0.93
2006-11-15,0.84,0.87,0.87,0.83,10716,4714490.00,4.76,3.57,0.03,0.77
2006-11-16,0.87,0.85,0.89,0.85,21738,9628178.00,4.60,-2.30,-0.02,1.56
2006-11-17,0.85,0.87,0.87,0.83,22748,10051067.00,4.71,2.35,0.02,1.63
2006-11-20,0.88,0.89,0.92,0.88,38610,17659032.00,4.60,2.30,0.02,2.77
2006-11-21,0.88,0.88,0.88,0.86,18689,8339722.00,2.25,-1.12,-0.01,1.34
2006-11-22,0.88,0.88,0.89,0.86,21708,9775054.00,3.41,0.00,0.00,1.56
2006-11-23,0.88,0.89,0.90,0.87,17226,7818584.00,3.41,1.14,0.01,1.24
2006-11-24,0.88,0.89,0.90,0.87,19134,8668160.00,3.37,0.00,0.00,1.37
2006-11-27,0.88,0.90,0.90,0.88,15347,7013812.00,2.25,1.12,0.01,1.10
2006-11-28,0.91,0.90,0.91,0.89,16052,7367237.00,2.22,0.00,0.00,1.15
2006-11-29,0.89,0.89,0.90,0.88,23397,10593343.00,2.22,-1.11,-0.01,1.68
2006-11-30,0.89,0.91,0.91,0.88,30358,13924030.00,3.37,2.25,0.02,2.18
2006-12-01,0.91,0.90,0.91,0.89,26291,12058585.00,2.20,-1.10,-0.01,1.89
2006-12-04,0.91,0.93,0.96,0.90,68606,32264963.00,6.67,3.33,0.03,4.92
2006-12-05,0.93,0.94,0.96,0.92,43669,20752368.00,4.30,1.08,0.01,3.13
2006-12-06,0.93,0.91,0.95,0.88,35004,16205557.00,7.45,-3.19,-0.03,2.51
2006-12-07,0.91,0.91,0.93,0.90,32467,15027884.00,3.30,0.00,0.00,2.33
2006-12-08,0.89,0.86,0.90,0.85,27761,12447259.00,5.49,-5.49,-0.05,1.99
2006-12-11,0.85,0.87,0.88,0.85,16514,7348546.00,3.49,1.16,0.01,1.18
2006-12-12,0.87,0.88,0.89,0.86,17918,7991026.00,3.45,1.15,0.01,1.29
2006-12-13,0.87,0.88,0.89,0.86,18768,8392788.00,3.41,0.00,0.00,1.35
2006-12-14,0.88,0.89,0.89,0.87,15883,7168259.00,2.27,1.14,0.01,1.14
2006-12-15,0.89,0.90,0.90,0.88,24328,11059086.00,2.25,1.12,0.01,1.74
2006-12-18,0.90,0.90,0.91,0.89,30919,14194652.00,2.22,0.00,0.00,2.22
2006-12-19,0.91,0.93,0.93,0.88,53466,24686037.00,5.56,3.33,0.03,3.83
2006-12-20,0.92,0.93,0.93,0.91,46178,21585381.00,2.15,0.00,0.00,3.31
2006-12-21,0.93,0.91,0.96,0.91,48948,23178170.00,5.38,-2.15,-0.02,3.51
2006-12-22,0.91,0.92,0.92,0.89,24405,11283155.00,3.30,1.10,0.01,1.75
2006-12-25,0.91,0.92,0.94,0.91,33873,15872546.00,3.26,0.00,0.00,2.43
2006-12-26,0.93,0.92,0.94,0.90,23741,11076611.00,4.35,0.00,0.00,1.70
2006-12-27,0.91,0.92,0.92,0.90,23053,10655095.00,2.17,0.00,0.00,1.65
2006-12-28,0.92,0.88,0.92,0.88,27483,12547692.00,4.35,-4.35,-0.04,1.97
2006-12-29,0.88,0.89,0.91,0.88,22142,10091732.00,3.41,1.14,0.01,1.59
2007-01-04,0.90,0.89,0.90,0.89,28640,13037455.00,1.12,0.00,0.00,2.05
2007-01-05,0.89,0.93,0.94,0.89,33898,15788035.00,5.62,4.49,0.04,2.43
2007-01-08,0.93,0.99,1.00,0.93,65748,32006865.00,7.53,6.45,0.06,4.72
2007-01-09,0.99,0.99,1.02,0.99,60077,29990178.00,3.03,0.00,0.00,4.31
2007-01-10,1.00,1.08,1.09,1.00,101719,53086855.00,9.09,9.09,0.09,7.30
2007-01-11,1.07,1.06,1.10,1.05,77295,40906095.00,4.63,-1.85,-0.02,5.54
2007-01-12,1.05,0.99,1.07,0.98,61965,31679133.00,8.49,-6.60,-0.07,4.44
2007-01-15,0.99,1.06,1.07,0.99,47514,24323511.00,8.08,7.07,0.07,3.41
2007-01-16,1.07,1.08,1.08,1.04,47385,24724587.00,3.77,1.89,0.02,3.40
2007-01-17,1.08,1.04,1.09,1.02,57213,29947109.00,6.48,-3.70,-0.04,4.10
2007-01-18,1.04,1.08,1.08,1.01,68275,35228006.00,6.73,3.85,0.04,4.90
2007-01-19,1.11,1.18,1.21,1.11,107202,61195369.00,9.26,9.26,0.10,7.69
2007-01-22,1.20,1.27,1.29,1.19,105266,62002741.00,8.47,7.63,0.09,7.55
2007-01-23,1.27,1.28,1.28,1.21,81254,48464221.00,5.51,0.79,0.01,5.83
2007-01-24,1.27,1.28,1.32,1.23,63131,38687800.00,7.03,0.00,0.00,4.53
2007-01-25,1.25,1.19,1.27,1.19,67458,39694638.00,6.25,-7.03,-0.09,4.84
2007-01-26,1.19,1.18,1.21,1.11,52957,29835119.00,8.40,-0.84,-0.01,3.80
2007-01-29,1.17,1.32,1.33,1.17,69427,41322881.00,13.56,11.86,0.14,4.98
2007-01-30,1.30,1.30,1.33,1.26,57832,35712067.00,5.30,-1.52,-0.02,4.15
2007-01-31,1.30,1.20,1.30,1.20,56080,33331267.00,7.69,-7.69,-0.10,4.02
2007-02-01,1.18,1.20,1.23,1.14,40340,23160897.00,7.50,0.00,0.00,2.89
2007-02-02,1.22,1.17,1.23,1.16,36828,21225256.00,5.83,-2.50,-0.03,2.64
2007-02-05,1.17,1.19,1.21,1.15,23725,13610891.00,5.13,1.71,0.02,1.70
2007-02-06,1.21,1.24,1.25,1.20,30491,17935763.00,4.20,4.20,0.05,2.19
2007-02-07,1.25,1.29,1.30,1.24,68431,41438143.00,4.84,4.03,0.05,4.91
2007-02-08,1.29,1.32,1.32,1.25,72178,44887605.00,5.43,2.33,0.03,5.18
2007-02-09,1.33,1.30,1.38,1.29,80094,50903016.00,6.82,-1.52,-0.02,5.74
2007-02-12,1.32,1.35,1.37,1.30,59939,37716994.00,5.38,3.85,0.05,4.30
2007-02-13,1.38,1.51,1.51,1.37,154919,105557285.00,10.37,11.85,0.16,11.11
2007-02-14,1.57,1.60,1.68,1.52,198485,144470221.00,10.60,5.96,0.09,14.24
2007-02-15,1.57,1.60,1.64,1.55,112898,82766770.00,5.63,0.00,0.00,8.10
2007-02-16,1.59,1.59,1.67,1.59,84485,63400033.00,5.00,-0.63,-0.01,6.06
2007-02-26,1.59,1.65,1.67,1.57,70134,52633514.00,6.29,3.77,0.06,5.03
2007-02-27,1.64,1.46,1.75,1.46,111701,82481994.00,17.58,-11.52,-0.19,8.01
2007-02-28,1.46,1.55,1.57,1.45,68946,48513683.00,8.22,6.16,0.09,4.94
2007-03-01,1.54,1.46,1.54,1.43,70292,48668275.00,7.10,-5.81,-0.09,5.04
2007-03-02,1.45,1.48,1.52,1.45,38993,27010730.00,4.79,1.37,0.02,2.80
2007-03-05,1.48,1.54,1.57,1.45,57877,40663496.00,8.11,4.05,0.06,4.15
2007-03-06,1.53,1.54,1.56,1.51,30399,21672580.00,3.25,0.00,0.00,2.18
2007-03-07,1.54,1.57,1.59,1.54,37374,27125500.00,3.25,1.95,0.03,2.68
2007-03-08,1.57,1.63,1.63,1.56,52593,38907500.00,4.46,3.82,0.06,3.77
2007-03-09,1.64,1.59,1.64,1.57,50140,36986403.00,4.29,-2.45,-0.04,3.60
2007-03-12,1.60,1.67,1.68,1.58,69974,52259382.00,6.29,5.03,0.08,5.02
2007-03-13,1.68,1.69,1.74,1.66,68895,53590842.00,4.79,1.20,0.02,4.94
2007-03-14,1.67,1.63,1.68,1.59,58004,43544721.00,5.33,-3.55,-0.06,4.16
2007-03-15,1.62,1.67,1.68,1.62,50812,38728894.00,3.68,2.45,0.04,3.64
2007-03-16,1.67,1.60,1.67,1.59,55004,41108917.00,4.79,-4.19,-0.07,3.95
2007-03-19,1.51,1.59,1.61,1.50,38548,28082888.00,6.88,-0.63,-0.01,2.76
2007-03-20,1.59,1.64,1.66,1.59,44615,33488642.00,4.40,3.14,0.05,3.20
2007-03-21,1.65,1.68,1.70,1.63,56691,43422817.00,4.27,2.44,0.04,4.07
2007-03-22,1.69,1.81,1.87,1.68,133126,107199303.00,11.31,7.74,0.13,9.55
2007-03-23,1.82,1.81,1.82,1.76,73268,59713019.00,3.31,0.00,0.00,5.25
2007-03-26,1.83,1.91,1.91,1.83,106764,91148611.00,4.42,5.52,0.10,7.66
2007-03-27,1.95,2.00,2.07,1.93,200332,178015515.00,7.33,4.71,0.09,14.37
2007-03-28,1.99,1.93,1.99,1.80,146589,127485057.00,9.50,-3.50,-0.07,10.51
2007-03-29,1.93,1.81,1.94,1.81,84904,71723205.00,6.74,-6.22,-0.12,6.09
2007-03-30,1.81,1.85,1.88,1.78,40996,34242130.00,5.52,2.21,0.04,2.94
2007-04-02,1.88,1.96,2.00,1.88,67530,59153012.00,6.49,5.95,0.11,4.84
2007-04-03,1.96,1.97,2.02,1.92,63697,56333441.00,5.10,0.51,0.01,4.57
2007-04-04,1.97,1.97,1.99,1.94,50896,45054957.00,2.54,0.00,0.00,3.65
2007-04-05,1.97,2.02,2.03,1.95,60494,54282621.00,4.06,2.54,0.05,4.34
2007-04-06,2.00,2.03,2.05,1.97,57991,52683200.00,3.96,0.50,0.01,4.16
2007-04-09,2.04,2.06,2.10,2.03,72964,67109409.00,3.45,1.48,0.03,5.23
2007-04-10,2.06,2.03,2.09,1.93,69143,62662475.00,7.77,-1.46,-0.03,4.96
2007-04-11,2.03,2.04,2.04,1.98,73755,66597831.00,2.96,0.49,0.01,5.29
2007-04-12,2.03,2.12,2.14,2.00,97766,90878504.00,6.86,3.92,0.08,7.01
2007-04-13,2.14,2.16,2.26,2.11,119843,117009484.00,7.08,1.89,0.04,8.60
2007-04-16,2.21,2.40,2.40,2.21,125774,129179939.00,8.80,11.11,0.24,9.02
2007-04-17,2.55,2.48,2.58,2.43,146114,159665649.00,6.25,3.33,0.08,10.48
2007-04-18,2.47,2.46,2.47,2.34,111360,118448396.00,5.24,-0.81,-0.02,7.99
2007-04-19,2.44,2.25,2.45,2.19,114643,117607027.00,10.57,-8.54,-0.21,8.22
2007-04-20,2.28,2.39,2.40,2.28,68669,71733542.00,5.33,6.22,0.14,4.93
2007-04-23,2.44,2.51,2.55,2.42,80639,88123243.00,5.44,5.02,0.12,5.78
2007-04-24,2.52,2.48,2.54,2.43,86124,94087006.00,4.38,-1.20,-0.03,6.18
2007-04-25,2.47,2.44,2.47,2.36,76557,81467338.00,4.44,-1.61,-0.04,5.49
2007-04-26,2.48,2.68,2.69,2.47,113541,129826473.00,9.02,9.84,0.24,8.14
2007-04-27,2.65,2.54,2.69,2.51,93427,105679735.00,6.72,-5.22,-0.14,6.70
2007-04-30,2.44,2.41,2.45,2.30,143902,151279680.00,5.91,-5.12,-0.13,10.32
2007-05-08,2.43,2.54,2.55,2.39,132321,144431612.00,6.64,5.39,0.13,9.49
2007-05-09,2.55,2.58,2.63,2.42,162151,180834146.00,8.27,1.57,0.04,11.63
2007-05-10,2.63,2.68,2.75,2.62,262500,308567701.00,5.04,3.88,0.10,18.83
2007-05-11,2.68,2.61,2.68,2.55,117533,134234320.00,4.85,-2.61,-0.07,8.43
2007-05-14,2.57,2.66,2.70,2.56,92440,107592401.00,5.36,1.92,0.05,6.63
2007-05-15,2.68,2.53,2.69,2.52,97397,111133290.00,6.39,-4.89,-0.13,6.99
2007-05-16,2.52,2.60,2.63,2.46,79753,89093007.00,6.72,2.77,0.07,5.72
2007-05-17,2.64,2.72,2.77,2.62,246405,292199766.00,5.77,4.62,0.12,17.67
2007-05-18,2.70,2.81,2.85,2.67,211391,255141307.00,6.62,3.31,0.09,15.16
2007-05-21,2.70,2.83,2.88,2.67,155559,189075917.00,7.47,0.71,0.02,11.16
2007-05-22,2.83,3.05,3.07,2.78,203426,256672704.00,10.25,7.77,0.22,14.59
2007-05-23,3.05,3.05,3.07,2.96,132156,172240458.00,3.61,0.00,0.00,9.48
2007-05-24,3.04,3.00,3.08,2.86,149247,190796227.00,7.21,-1.64,-0.05,10.70
2007-05-25,2.96,2.98,3.03,2.92,96135,124168932.00,3.67,-0.67,-0.02,6.90
2007-05-28,3.02,3.13,3.18,2.98,160358,212903824.00,6.71,5.03,0.15,11.50
2007-05-29,3.14,3.12,3.15,3.08,130898,175931015.00,2.24,-0.32,-0.01,9.39
2007-05-30,2.87,2.79,3.05,2.78,195994,246106149.00,8.65,-10.58,-0.33,14.06
2007-05-31,2.76,2.73,2.86,2.48,146757,171072955.00,13.62,-2.15,-0.06,10.53
2007-06-01,2.75,2.60,2.87,2.57,189327,228173135.00,10.99,-4.76,-0.13,13.58
2007-06-04,2.63,2.32,2.73,2.32,131217,143546003.00,15.77,-10.77,-0.28,9.41
2007-06-05,2.25,2.48,2.50,2.06,126871,124715891.00,18.97,6.90,0.16,9.10
2007-06-06,2.49,2.54,2.59,2.37,135524,149864478.00,8.87,2.42,0.06,9.72
2007-06-07,2.55,2.67,2.71,2.55,128681,149483073.00,6.30,5.12,0.13,9.23
2007-06-08,2.69,2.70,2.78,2.68,109367,130222294.00,3.75,1.12,0.03,7.84
2007-06-12,2.95,2.87,2.95,2.73,159920,198118589.00,8.15,6.30,0.17,11.47
2007-06-13,2.91,3.00,3.00,2.87,162806,208812908.00,4.53,4.53,0.13,11.68
2007-06-14,3.00,2.85,3.00,2.84,119184,150092356.00,5.33,-5.00,-0.15,8.55
2007-06-15,2.80,2.75,2.85,2.73,82526,99867066.00,4.21,-3.51,-0.10,5.92
2007-06-18,2.80,2.80,2.87,2.77,66248,81046724.00,3.64,1.82,0.05,4.75
2007-06-19,2.80,2.83,2.85,2.74,70493,85736145.00,3.93,1.07,0.03,5.06
2007-06-20,2.80,2.78,2.87,2.77,83696,102436337.00,3.53,-1.77,-0.05,6.00
2007-06-21,2.75,2.66,2.82,2.61,65454,77078950.00,7.55,-4.32,-0.12,4.69
2007-06-22,2.65,2.37,2.68,2.37,77433,84618807.00,11.65,-10.90,-0.29,5.55
2007-06-25,2.32,2.11,2.43,2.11,66813,66570971.00,13.50,-10.97,-0.26,4.79
2007-06-26,2.08,2.30,2.31,2.05,63587,61759174.00,12.32,9.00,0.19,4.56
2007-06-27,2.32,2.30,2.34,2.13,56453,57251108.00,9.13,0.00,0.00,4.05
2007-06-28,2.30,2.17,2.38,2.17,56324,57052331.00,9.13,-5.65,-0.13,4.04
2007-06-29,2.10,2.08,2.17,2.01,41926,39246622.00,7.37,-4.15,-0.09,3.01
2007-07-02,2.10,2.19,2.19,2.09,46005,44130228.00,4.81,5.29,0.11,3.30
2007-07-03,2.22,2.13,2.24,2.05,30442,27761824.00,8.68,-2.74,-0.06,2.18
2007-07-04,2.13,2.07,2.13,2.03,25129,22537185.00,4.69,-2.82,-0.06,1.80
2007-07-05,2.02,1.85,2.03,1.85,41392,34134216.00,8.70,-10.63,-0.22,2.97
2007-07-06,1.83,1.95,1.96,1.79,46803,38230575.00,9.19,5.41,0.10,3.36
2007-07-09,1.95,2.01,2.03,1.95,41370,35545665.00,4.10,3.08,0.06,2.97
2007-07-10,2.00,1.92,2.00,1.90,38377,32304325.00,4.98,-4.48,-0.09,2.75
2007-07-11,1.89,1.95,1.96,1.88,18257,15233667.00,4.17,1.56,0.03,1.31
2007-07-12,1.96,1.97,1.98,1.92,18936,16001668.00,3.08,1.03,0.02,1.36
2007-07-13,1.97,1.96,1.98,1.92,14892,12549296.00,3.05,-0.51,-0.01,1.07
2007-07-16,1.92,1.85,1.97,1.84,16435,13570412.00,6.63,-5.61,-0.11,1.18
2007-07-17,1.85,1.89,1.91,1.83,13822,11279092.00,4.32,2.16,0.04,0.99
2007-07-18,1.90,1.91,1.93,1.87,16899,13954414.00,3.17,1.06,0.02,1.21
2007-07-19,1.89,1.91,1.93,1.88,12560,10344491.00,2.62,0.00,0.00,0.90
2007-07-20,1.91,2.05,2.06,1.91,56510,48839322.00,7.85,7.33,0.14,4.05
2007-07-23,2.02,2.14,2.16,2.02,57705,52535919.00,6.83,4.39,0.09,4.14
2007-07-24,2.15,2.11,2.19,2.11,42893,39670799.00,3.74,-1.40,-0.03,3.08
2007-07-25,2.10,2.17,2.17,2.10,29845,27398229.00,3.32,2.84,0.06,2.14
2007-07-26,2.17,2.22,2.25,2.14,44496,41955053.00,5.07,2.30,0.05,3.19
2007-07-27,2.20,2.28,2.28,2.17,48023,45989314.00,4.95,2.70,0.06,3.44
2007-07-30,2.28,2.36,2.44,2.19,72388,71931193.00,10.96,3.51,0.08,5.19
2007-07-31,2.31,2.34,2.35,2.27,54159,53525957.00,3.39,-0.85,-0.02,3.88
2007-08-01,2.36,2.14,2.37,2.13,53109,51071009.00,10.26,-8.55,-0.20,3.81
2007-08-02,2.13,2.19,2.23,2.12,35195,32851736.00,5.14,2.34,0.05,2.52
2007-08-03,2.22,2.24,2.26,2.15,51180,48478604.00,5.02,2.28,0.05,3.67
2007-08-06,2.28,2.31,2.31,2.22,52453,51205045.00,4.02,3.13,0.07,3.76
2007-08-07,2.31,2.26,2.31,2.23,43766,42375922.00,3.46,-2.16,-0.05,3.14
2007-08-08,2.25,2.32,2.35,2.20,70783,69616062.00,6.64,2.65,0.06,5.08
2007-08-09,2.32,2.32,2.35,2.29,40829,40536732.00,2.59,0.00,0.00,2.93
2007-08-10,2.32,2.26,2.32,2.18,39578,38020086.00,6.03,-2.59,-0.06,2.84
2007-08-13,2.24,2.29,2.30,2.20,36185,34877461.00,4.42,1.33,0.03,2.60
2007-08-14,2.31,2.39,2.39,2.27,75260,75594142.00,5.24,4.37,0.10,5.40
2007-08-15,2.42,2.34,2.42,2.29,42437,42683699.00,5.44,-2.09,-0.05,3.04
2007-08-16,2.34,2.38,2.40,2.28,40030,40265173.00,5.13,1.71,0.04,2.87
2007-08-17,2.38,2.48,2.58,2.36,198550,212040122.00,9.24,4.20,0.10,14.24
2007-08-20,2.52,2.66,2.72,2.49,147240,163442139.00,9.27,7.26,0.18,10.56
2007-08-21,2.66,2.61,2.70,2.59,76905,85556937.00,4.14,-1.88,-0.05,5.52
2007-08-22,2.54,2.61,2.67,2.54,66250,73232247.00,4.98,0.00,0.00,4.75
2007-08-23,2.60,2.65,2.67,2.59,63084,70194870.00,3.07,1.53,0.04,4.52
2007-08-24,2.62,2.60,2.69,2.59,58956,66022836.00,3.77,-1.89,-0.05,4.23
2007-08-27,2.66,2.50,2.67,2.50,61597,66792195.00,6.54,-3.85,-0.10,4.42
2007-08-28,2.45,2.58,2.61,2.45,45996,49647505.00,6.40,3.20,0.08,3.30
2007-08-29,2.51,2.44,2.56,2.42,54767,57608191.00,5.43,-5.43,-0.14,3.93
2007-08-30,2.47,2.53,2.55,2.45,48363,51647085.00,4.10,3.69,0.09,3.47
2007-08-31,2.54,2.55,2.61,2.53,55129,60455554.00,3.16,0.79,0.02,3.95
2007-09-03,2.63,2.60,2.65,2.57,87730,97254114.00,3.14,1.96,0.05,6.29
2007-09-04,2.63,2.69,2.71,2.59,103684,117263147.00,4.62,3.46,0.09,7.44
2007-09-05,2.69,2.73,2.74,2.60,74086,83736604.00,5.20,1.49,0.04,5.31
2007-09-06,2.79,2.84,2.95,2.78,201197,243253213.00,6.23,4.03,0.11,14.43
2007-09-07,2.81,2.71,2.81,2.70,74495,86750876.00,3.87,-4.58,-0.13,5.34
2007-09-10,2.67,2.75,2.76,2.62,48506,55216661.00,5.17,1.48,0.04,3.48
2007-09-11,2.72,2.46,2.74,2.46,66428,74095364.00,10.18,-10.55,-0.29,4.76
2007-09-12,2.44,2.49,2.54,2.39,39642,41647254.00,6.10,1.22,0.03,2.84
2007-09-13,2.50,2.51,2.52,2.45,31692,33446630.00,2.81,0.80,0.02,2.27
2007-09-14,2.51,2.54,2.55,2.47,36554,38993364.00,3.19,1.20,0.03,2.62
2007-09-17,2.53,2.60,2.63,2.51,40080,43783976.00,4.72,2.36,0.06,2.87
2007-09-18,2.62,2.63,2.64,2.55,44876,49365184.00,3.46,1.15,0.03,3.22
2007-09-19,2.67,2.63,2.67,2.59,38042,42578677.00,3.04,0.00,0.00,2.73
2007-09-20,2.64,2.63,2.65,2.60,36162,40214229.00,1.90,0.00,0.00,2.59
2007-09-21,2.63,2.63,2.65,2.48,43372,47568664.00,6.46,0.00,0.00,3.11
2007-09-24,2.59,2.58,2.62,2.52,25802,28155827.00,3.80,-1.90,-0.05,1.85
2007-09-25,2.57,2.52,2.59,2.47,37695,40313199.00,4.65,-2.33,-0.06,2.70
2007-09-26,2.51,2.51,2.59,2.50,33766,36520281.00,3.57,-0.40,-0.01,2.42
2007-09-27,2.51,2.55,2.57,2.50,22390,24182412.00,2.79,1.59,0.04,1.61
2007-10-08,2.61,2.58,2.63,2.55,46101,50666240.00,3.14,1.18,0.03,3.31
2007-10-09,2.60,2.69,2.70,2.57,50330,56670215.00,5.04,4.26,0.11,3.61
2007-10-10,2.69,2.62,2.71,2.61,33210,37348584.00,3.72,-2.60,-0.07,2.38
2007-10-11,2.63,2.53,2.64,2.52,39556,43028300.00,4.58,-3.44,-0.09,2.84
2007-10-12,2.56,2.40,2.56,2.27,43025,43850302.00,11.46,-5.14,-0.13,3.09
2007-10-15,2.40,2.37,2.40,2.32,24196,24398301.00,3.33,-1.25,-0.03,1.74
2007-10-16,2.37,2.46,2.47,2.34,26233,26946529.00,5.49,3.80,0.09,1.88
2007-10-17,2.44,2.40,2.46,2.38,15938,16375392.00,3.25,-2.44,-0.06,1.14
2007-10-18,2.37,2.34,2.44,2.34,17382,17524964.00,4.17,-2.50,-0.06,1.25
2007-10-19,2.34,2.34,2.40,2.33,12138,12230916.00,2.99,0.00,0.00,0.87
2007-10-22,2.34,2.35,2.38,2.29,14875,14839574.00,3.85,0.43,0.01,1.07
2007-10-23,2.38,2.34,2.47,2.29,13910,13863249.00,7.66,-0.43,-0.01,1.00
2007-10-24,2.34,2.18,2.35,2.17,27766,26777550.00,7.69,-6.84,-0.16,1.99
2007-10-25,2.16,1.95,2.16,1.95,31873,27782707.00,9.63,-10.55,-0.23,2.29
2007-10-26,1.89,1.98,2.04,1.89,19703,16848699.00,7.69,1.54,0.03,1.41
2007-10-29,1.99,2.02,2.02,1.97,15387,13201883.00,2.53,2.02,0.04,1.10
2007-10-30,2.02,2.08,2.08,1.99,18976,16736257.00,4.46,2.97,0.06,1.36
2007-10-31,2.08,2.14,2.16,2.08,30282,27664799.00,3.85,2.88,0.06,2.17
2007-11-01,2.14,2.04,2.14,2.04,23228,20778354.00,4.67,-4.67,-0.10,1.67
2007-11-02,2.02,1.99,2.02,1.97,17905,15358271.00,2.45,-2.45,-0.05,1.28
2007-11-05,2.00,2.15,2.16,1.95,43322,39050611.00,10.55,8.04,0.16,3.11
2007-11-06,2.16,2.20,2.20,2.09,57720,53710402.00,5.12,2.33,0.05,4.14
2007-11-07,2.21,2.23,2.34,2.20,74148,71520675.00,6.36,1.36,0.03,5.32
2007-11-08,2.19,2.07,2.19,2.04,41869,37795125.00,6.73,-7.17,-0.16,3.00
2007-11-09,2.02,2.07,2.10,2.01,14162,12516072.00,4.35,0.00,0.00,1.02
2007-11-12,2.04,2.08,2.09,2.02,13365,11802098.00,3.38,0.48,0.01,0.96
2007-11-13,2.08,2.07,2.13,2.04,11794,10615708.00,4.33,-0.48,-0.01,0.85
2007-11-14,2.08,2.14,2.14,2.07,15100,13759698.00,3.38,3.38,0.07,1.08
2007-11-15,2.14,2.09,2.16,2.09,11185,10217240.00,3.27,-2.34,-0.05,0.80
2007-11-16,2.07,2.10,2.13,2.04,9132,8195474.00,4.31,0.48,0.01,0.65
2007-11-19,2.10,2.15,2.17,2.10,13209,12151810.00,3.33,2.38,0.05,0.95
2007-11-20,2.15,2.18,2.19,2.12,15871,14796309.00,3.26,1.40,0.03,1.14
2007-11-21,2.18,2.12,2.19,2.11,14650,13494651.00,3.67,-2.75,-0.06,1.05
2007-11-22,2.09,1.99,2.11,1.95,16110,14140490.00,7.55,-6.13,-0.13,1.16
2007-11-23,1.99,2.04,2.05,1.98,9390,8173078.00,3.52,2.51,0.05,0.67
2007-11-26,2.08,2.01,2.09,2.00,9979,8822697.00,4.41,-1.47,-0.03,0.72
2007-11-27,2.01,2.01,2.03,2.00,5647,4917383.00,1.49,0.00,0.00,0.41
2007-11-28,2.02,2.00,2.05,1.99,5985,5216366.00,2.99,-0.50,-0.01,0.43
2007-11-29,2.05,2.06,2.08,2.01,9035,7968880.00,3.50,3.00,0.06,0.65
2007-11-30,2.03,2.04,2.09,2.03,8693,7715620.00,2.91,-0.97,-0.02,0.62
2007-12-03,2.04,2.08,2.08,2.00,7057,6246618.00,3.92,1.96,0.04,0.51
2007-12-04,2.08,2.09,2.11,2.07,15893,14297424.00,1.92,0.48,0.01,1.14
2007-12-05,2.10,2.11,2.12,2.07,12470,11264599.00,2.39,0.96,0.02,0.89
2007-12-06,2.11,2.10,2.13,2.08,11579,10471836.00,2.37,-0.47,-0.01,0.83
2007-12-07,2.11,2.13,2.14,2.09,15215,13829533.00,2.38,1.43,0.03,1.09
2007-12-10,2.11,2.16,2.17,2.10,22631,20901094.00,3.29,1.41,0.03,1.62
2007-12-11,2.17,2.18,2.19,2.15,22398,20907545.00,1.85,0.93,0.02,1.61
2007-12-12,2.18,2.20,2.22,2.15,22116,20679985.00,3.21,0.92,0.02,1.59
2007-12-13,2.20,2.13,2.24,2.13,22778,21411536.00,5.00,-3.18,-0.07,1.63
2007-12-14,2.11,2.16,2.16,2.10,15639,14328853.00,2.82,1.41,0.03,1.12
2007-12-17,2.17,2.19,2.22,2.16,20804,19583320.00,2.78,1.39,0.03,1.49
2007-12-18,2.18,2.15,2.23,2.14,20383,19051711.00,4.11,-1.83,-0.04,1.46
2007-12-19,2.18,2.22,2.23,2.17,21747,20580729.00,2.79,3.26,0.07,1.56
2007-12-20,2.24,2.24,2.26,2.21,24910,23829035.00,2.25,0.90,0.02,1.79
2007-12-21,2.20,2.26,2.28,2.20,27589,26667494.00,3.57,0.89,0.02,1.98
2007-12-24,2.28,2.27,2.32,2.27,33732,33148212.00,2.21,0.44,0.01,2.42
2007-12-25,2.27,2.30,2.31,2.26,20711,20289220.00,2.20,1.32,0.03,1.49
2007-12-26,2.33,2.38,2.38,2.32,33436,33560886.00,2.61,3.48,0.08,2.40
2007-12-27,2.38,2.38,2.43,2.37,27873,28426717.00,2.52,0.00,0.00,2.00
2007-12-28,2.39,2.42,2.43,2.37,30330,31033046.00,2.52,1.68,0.04,2.18
2008-01-02,2.43,2.57,2.61,2.43,63593,68772232.00,7.44,6.20,0.15,4.56
2008-01-03,2.59,2.58,2.64,2.54,51970,57219980.00,3.89,0.39,0.01,3.73
2008-01-04,2.58,2.60,2.64,2.52,34448,37756282.00,4.65,0.78,0.02,2.47
2008-01-07,2.61,2.69,2.70,2.61,49664,56209170.00,3.46,3.46,0.09,3.56
2008-01-08,2.69,2.56,2.70,2.54,51375,56999167.00,5.95,-4.83,-0.13,3.68
2008-01-09,2.54,2.61,2.64,2.54,36015,39538739.00,3.91,1.95,0.05,2.58
2008-01-10,2.63,2.62,2.68,2.62,34379,38621687.00,2.30,0.38,0.01,2.47
2008-01-11,2.62,2.59,2.65,2.54,26658,29139344.00,4.20,-1.15,-0.03,1.91
2008-01-14,2.59,2.69,2.70,2.56,51497,57808605.00,5.41,3.86,0.10,3.69
2008-01-15,2.72,2.67,2.74,2.64,34016,38776640.00,3.72,-0.74,-0.02,2.44
2008-01-16,2.66,2.61,2.66,2.59,33652,37342207.00,2.62,-2.25,-0.06,2.41
2008-01-17,2.60,2.48,2.64,2.41,51119,54655663.00,8.81,-4.98,-0.13,3.67
2008-01-18,2.50,2.55,2.55,2.47,20025,21413303.00,3.23,2.82,0.07,1.44
2008-01-21,2.54,2.43,2.55,2.42,32607,34515546.00,5.10,-4.71,-0.12,2.34
2008-01-22,2.38,2.17,2.41,2.17,37616,36090634.00,9.88,-10.70,-0.26,2.70
2008-01-23,2.19,2.31,2.34,2.17,30922,29904449.00,7.83,6.45,0.14,2.22
2008-01-24,2.33,2.40,2.44,2.27,33288,33729167.00,7.36,3.90,0.09,2.39
2008-01-25,2.40,2.41,2.46,2.36,19131,19701509.00,4.17,0.42,0.01,1.37
2008-01-28,2.37,2.28,2.46,2.24,23786,23818419.00,9.13,-5.39,-0.13,1.71
2008-01-29,2.28,2.40,2.46,2.28,18130,18431833.00,7.89,5.26,0.12,1.30
2008-01-30,2.43,2.43,2.48,2.37,23818,24707756.00,4.58,1.25,0.03,1.71
2008-01-31,2.46,2.37,2.48,2.34,23252,24110831.00,5.76,-2.47,-0.06,1.67
2008-02-01,2.37,2.24,2.41,2.12,23036,22264373.00,12.24,-5.49,-0.13,1.65
2008-02-04,2.29,2.45,2.46,2.29,33461,34114854.00,7.59,9.38,0.21,2.40
2008-02-05,2.38,2.52,2.56,2.38,51708,55391915.00,7.35,2.86,0.07,3.71
2008-02-13,2.49,2.55,2.61,2.47,46503,50727348.00,5.56,1.19,0.03,3.34
2008-02-14,2.56,2.59,2.60,2.52,29633,32263495.00,3.14,1.57,0.04,2.13
2008-02-15,2.56,2.55,2.58,2.47,26463,28337819.00,4.25,-1.54,-0.04,1.90
2008-02-18,2.57,2.61,2.65,2.56,49746,55148007.00,3.53,2.35,0.06,3.57
2008-02-19,2.61,2.68,2.68,2.59,51068,57325324.00,3.45,2.68,0.07,3.66
2008-02-20,2.70,2.58,2.70,2.57,46999,52351020.00,4.85,-3.73,-0.10,3.37
2008-02-21,2.56,2.66,2.66,2.55,51068,56852010.00,4.26,3.10,0.08,3.66
2008-02-22,2.68,2.54,2.70,2.52,57192,63881385.00,6.77,-4.51,-0.12,4.10
2008-02-25,2.55,2.47,2.59,2.44,32214,34476751.00,5.91,-2.76,-0.07,2.31
2008-02-26,2.53,2.48,2.57,2.39,24657,25983618.00,7.29,0.40,0.01,1.77
2008-02-27,2.52,2.54,2.56,2.48,18944,20402504.00,3.23,2.42,0.06,1.36
2008-02-28,2.55,2.54,2.57,2.49,17621,18976585.00,3.15,0.00,0.00,1.26
2008-02-29,2.52,2.58,2.60,2.52,19301,21113758.00,3.15,1.57,0.04,1.38
2008-03-03,2.59,2.67,2.67,2.56,38588,43234558.00,4.26,3.49,0.09,2.77
2008-03-04,2.70,2.81,2.82,2.66,105739,121828236.00,5.99,5.24,0.14,7.58
2008-03-05,2.79,2.81,2.85,2.67,80550,94500815.00,6.41,0.00,0.00,5.78
2008-03-06,2.81,2.81,2.86,2.76,69243,82408585.00,3.56,0.00,0.00,4.97
2008-03-07,2.79,2.66,2.79,2.66,38285,43934512.00,4.63,-5.34,-0.15,2.75
2008-03-10,2.65,2.59,2.71,2.58,26392,29597697.00,4.89,-2.63,-0.07,1.89
2008-03-11,2.58,2.66,2.66,2.54,19303,21384785.00,4.63,2.70,0.07,1.38
2008-03-12,2.69,2.56,2.71,2.55,22206,24826638.00,6.02,-3.76,-0.10,1.59
2008-03-13,2.56,2.49,2.61,2.39,28390,29979834.00,8.59,-2.73,-0.07,2.04
2008-03-14,2.49,2.50,2.52,2.42,11718,12378332.00,4.02,0.40,0.01,0.84
2008-03-17,2.50,2.26,2.50,2.24,18413,18679550.00,10.40,-9.60,-0.24,1.32
2008-03-18,2.25,2.09,2.33,2.02,21493,19867221.00,13.72,-7.52,-0.17,1.54
2008-03-19,2.19,2.21,2.25,2.11,23463,22036317.00,6.70,5.74,0.12,1.68
2008-03-20,2.17,2.32,2.36,2.07,24068,22972572.00,13.12,4.98,0.11,1.73
2008-03-21,2.29,2.35,2.43,2.28,23119,23379273.00,6.47,1.29,0.03,1.66
2008-03-24,2.39,2.34,2.44,2.34,21757,22109372.00,4.26,-0.43,-0.01,1.56
2008-03-25,2.32,2.31,2.33,2.09,37349,36027687.00,10.26,-1.28,-0.03,2.68
2008-03-26,2.32,2.22,2.34,2.22,28578,27948550.00,5.19,-3.90,-0.09,2.05
2008-03-27,2.19,2.07,2.20,2.07,23067,21019280.00,5.86,-6.76,-0.15,1.65
2008-03-28,2.07,2.14,2.15,1.97,17247,15439805.00,8.70,3.38,0.07,1.24
2008-03-31,2.08,2.00,2.11,1.99,11110,9823789.00,5.61,-6.54,-0.14,0.80
2008-04-01,2.05,1.82,2.05,1.79,23051,18709153.00,13.00,-9.00,-0.18,1.65
2008-04-02,1.84,1.72,1.88,1.70,15976,12401152.00,9.89,-5.49,-0.10,1.15
2008-04-03,1.72,1.78,1.81,1.69,14777,11236653.00,6.98,3.49,0.06,1.06
2008-04-07,1.76,1.90,1.91,1.74,18836,15150551.00,9.55,6.74,0.12,1.35
2008-04-08,1.89,1.92,1.98,1.88,21798,18177783.00,5.26,1.05,0.02,1.56
2008-04-09,1.92,1.77,1.93,1.76,17293,14058458.00,8.85,-7.81,-0.15,1.24
2008-04-10,1.76,1.86,1.87,1.74,13849,10754647.00,7.34,5.08,0.09,0.99
2008-04-11,1.86,1.91,1.93,1.82,13634,11098045.00,5.91,2.69,0.05,0.98
2008-04-14,1.87,1.78,1.87,1.77,12122,9531972.00,5.24,-6.81,-0.13,0.87
2008-04-15,1.75,1.84,1.84,1.72,10727,8352652.00,6.74,3.37,0.06,0.77
2008-04-16,1.86,1.79,1.86,1.77,8290,6531835.00,4.89,-2.72,-0.05,0.59
2008-04-18,1.72,1.59,1.72,1.59,22181,15902733.00,7.26,-11.17,-0.20,1.59
2008-04-21,1.75,1.60,1.76,1.56,18319,13302279.00,12.58,0.63,0.01,1.31
2008-04-22,1.57,1.54,1.58,1.45,14521,9734309.00,8.13,-3.75,-0.06,1.04
2008-04-23,1.55,1.62,1.64,1.53,14969,10461696.00,7.14,5.19,0.08,1.07
2008-04-24,1.77,1.79,1.79,1.72,41501,31972938.00,4.32,10.49,0.17,2.98
2008-04-25,1.79,1.81,1.87,1.75,27862,22018058.00,6.70,1.12,0.02,2.00
2008-04-28,1.77,1.80,1.82,1.75,19318,15031241.00,3.87,-0.55,-0.01,1.39
2008-04-29,1.79,1.89,1.89,1.79,27011,21756175.00,5.56,5.00,0.09,1.94
2008-04-30,1.90,1.94,1.94,1.86,57924,47884050.00,4.23,2.65,0.05,4.15
2008-05-05,1.92,1.95,1.96,1.88,34499,28547946.00,4.12,0.52,0.01,2.47
2008-05-06,1.92,1.88,1.93,1.87,25093,20577368.00,3.08,-3.59,-0.07,1.80
2008-05-07,1.87,1.77,1.90,1.76,18862,15123454.00,7.45,-5.85,-0.11,1.35
2008-05-08,1.76,1.84,1.84,1.74,14389,11280837.00,5.65,3.95,0.07,1.03
2008-05-09,1.85,1.84,1.86,1.78,14595,11602784.00,4.35,0.00,0.00,1.05
2008-05-12,1.80,1.87,1.90,1.78,18851,15131795.00,6.52,1.63,0.03,1.35
2008-05-14,2.07,2.07,2.07,2.03,92306,82270958.00,2.14,10.70,0.20,6.62
2008-05-15,2.18,2.29,2.29,2.14,257737,249765216.00,7.25,10.63,0.22,18.49
2008-05-16,2.32,2.16,2.32,2.10,139275,131889681.00,9.61,-5.68,-0.13,9.99
2008-05-19,2.14,2.39,2.39,2.13,104859,105649268.00,12.04,10.65,0.23,7.52
2008-05-20,2.56,2.46,2.64,2.40,276639,296775153.00,10.04,2.93,0.07,19.84
2008-05-21,2.39,2.72,2.72,2.34,251326,277764937.00,15.45,10.57,0.26,18.03
2008-05-23,2.52,2.44,2.63,2.44,136209,144394124.00,6.99,-10.29,-0.28,9.77
2008-05-26,2.45,2.18,2.45,2.18,129113,125817287.00,11.07,-10.66,-0.26,9.26
2008-05-27,2.13,2.13,2.19,2.07,100319,91302858.00,5.50,-2.29,-0.05,7.20
2008-05-28,2.13,2.15,2.18,2.07,92230,84552426.00,5.16,0.94,0.02,6.62
2008-05-29,2.15,2.19,2.32,2.10,142348,134795105.00,10.23,1.86,0.04,10.21
2008-05-30,2.18,2.07,2.19,2.02,88069,79030219.00,7.76,-5.48,-0.12,6.32
2008-06-02,2.03,2.13,2.16,2.03,65235,58557063.00,6.28,2.90,0.06,4.68
2008-06-03,2.10,2.06,2.15,2.04,41598,37236517.00,5.16,-3.29,-0.07,2.98
2008-06-04,2.04,1.93,2.07,1.92,65467,56203797.00,7.28,-6.31,-0.13,4.70
2008-06-05,1.91,1.89,1.94,1.85,54956,45368823.00,4.66,-2.07,-0.04,3.94
2008-06-06,1.92,1.92,1.96,1.88,41514,34433421.00,4.23,1.59,0.03,2.98
2008-06-10,1.82,1.72,1.84,1.72,31739,24302429.00,6.25,-10.42,-0.20,2.28
2008-06-11,1.63,1.66,1.71,1.60,59034,42741040.00,6.40,-3.49,-0.06,4.23
2008-06-12,1.63,1.70,1.73,1.59,62135,45347985.00,8.43,2.41,0.04,4.46
2008-06-13,1.71,1.54,1.72,1.53,43533,30939053.00,11.18,-9.41,-0.16,3.12
2008-06-16,1.56,1.49,1.58,1.47,33086,22148178.00,7.14,-3.25,-0.05,2.37
2008-06-17,1.48,1.35,1.52,1.33,45581,28802303.00,12.75,-9.40,-0.14,3.27
2008-06-18,1.32,1.45,1.47,1.29,51992,31996372.00,13.33,7.41,0.10,3.73
2008-06-19,1.41,1.29,1.44,1.29,49890,30160212.00,10.34,-11.03,-0.16,3.58
2008-06-20,1.31,1.29,1.38,1.19,43035,25025726.00,14.73,0.00,0.00,3.09
2008-06-23,1.27,1.25,1.30,1.23,21285,12131354.00,5.43,-3.10,-0.04,1.53
2008-06-24,1.25,1.39,1.39,1.25,66537,40311539.00,11.20,11.20,0.14,4.77
2008-06-25,1.39,1.44,1.48,1.35,92496,58462185.00,9.35,3.60,0.05,6.63
2008-06-26,1.44,1.45,1.53,1.40,83971,54450698.00,9.03,0.69,0.01,6.02
2008-06-27,1.39,1.29,1.41,1.29,57060,34201200.00,8.28,-11.03,-0.16,4.09
2008-06-30,1.27,1.33,1.34,1.26,25232,14836161.00,6.20,3.10,0.04,1.81
2008-07-01,1.33,1.31,1.35,1.29,20270,12029668.00,4.51,-1.50,-0.02,1.45
2008-07-02,1.34,1.35,1.38,1.31,27220,16424675.00,5.34,3.05,0.04,1.95
2008-07-03,1.31,1.39,1.43,1.27,40719,25048034.00,11.85,2.96,0.04,2.92
2008-07-04,1.38,1.40,1.46,1.37,35922,22591350.00,6.47,0.72,0.01,2.58
2008-07-07,1.41,1.49,1.53,1.39,55998,36712965.00,10.00,6.43,0.09,4.02
2008-07-08,1.49,1.49,1.50,1.43,46685,30395196.00,4.70,0.00,0.00,3.35
2008-07-09,1.49,1.52,1.56,1.48,50614,33873129.00,5.37,2.01,0.03,3.63
2008-07-10,1.49,1.47,1.58,1.47,56686,38241581.00,7.24,-3.29,-0.05,4.07
2008-07-11,1.47,1.45,1.49,1.42,31258,20012833.00,4.76,-1.36,-0.02,2.24
2008-07-14,1.43,1.50,1.50,1.42,28230,18420886.00,5.52,3.45,0.05,2.02
2008-07-15,1.50,1.45,1.52,1.44,29049,19058068.00,5.33,-3.33,-0.05,2.08
2008-07-16,1.45,1.38,1.52,1.32,33383,21017817.00,13.79,-4.83,-0.07,2.39
2008-07-17,1.41,1.36,1.43,1.34,22785,13897246.00,6.52,-1.45,-0.02,1.63
2008-07-18,1.38,1.47,1.49,1.33,37493,23101150.00,11.76,8.09,0.11,2.69
2008-07-21,1.46,1.52,1.54,1.43,44843,29514033.00,7.48,3.40,0.05,3.22
2008-07-22,1.52,1.53,1.56,1.51,37228,24846658.00,3.29,0.66,0.01,2.67
2008-07-23,1.54,1.55,1.56,1.49,36215,24101836.00,4.58,1.31,0.02,2.60
2008-07-24,1.58,1.62,1.64,1.55,71972,49681938.00,5.81,4.52,0.07,5.16
2008-07-25,1.58,1.55,1.60,1.54,35229,24041234.00,3.70,-4.32,-0.07,2.53
2008-07-28,1.57,1.60,1.60,1.54,43705,29813073.00,3.87,3.23,0.05,3.13
2008-07-29,1.57,1.58,1.62,1.55,40695,27967042.00,4.38,-1.25,-0.02,2.92
2008-07-30,1.60,1.60,1.61,1.55,38083,26344150.00,3.80,1.27,0.02,2.73
2008-07-31,1.59,1.58,1.68,1.56,100842,71113676.00,7.50,-1.25,-0.02,7.23
2008-08-01,1.56,1.50,1.56,1.41,63176,40841155.00,9.49,-5.06,-0.08,4.53
2008-08-04,1.49,1.51,1.52,1.45,29524,19165066.00,4.67,0.67,0.01,2.12
2008-08-05,1.50,1.52,1.60,1.48,52427,35386763.00,7.95,0.66,0.01,3.76
2008-08-06,1.52,1.48,1.55,1.45,22073,14334712.00,6.58,-2.63,-0.04,1.58
2008-08-07,1.51,1.50,1.51,1.46,13666,8873525.00,3.38,1.35,0.02,0.98
2008-08-08,1.50,1.34,1.51,1.34,29819,18251489.00,11.33,-10.67,-0.16,2.14
2008-08-11,1.33,1.19,1.33,1.19,24416,13312710.00,10.45,-11.19,-0.15,1.75
2008-08-12,1.14,1.18,1.21,1.13,14303,7477098.00,6.72,-0.84,-0.01,1.03
2008-08-13,1.18,1.19,1.21,1.12,17823,9283353.00,7.63,0.85,0.01,1.28
2008-08-14,1.18,1.20,1.22,1.18,8817,4702439.00,3.36,0.84,0.01,0.63
2008-08-15,1.20,1.19,1.22,1.19,14788,7871355.00,2.50,-0.83,-0.01,1.06
2008-08-18,1.20,1.06,1.20,1.06,14737,7403495.00,11.76,-10.92,-0.13,1.06
2008-08-19,1.06,1.10,1.11,1.05,21694,10494375.00,5.66,3.77,0.04,1.56
2008-08-20,1.07,1.20,1.21,1.07,31989,16660386.00,12.73,9.09,0.10,2.29
2008-08-22,1.14,1.12,1.15,1.09,19794,9968332.00,5.00,-6.67,-0.08,1.42
2008-08-25,1.12,1.13,1.15,1.12,9638,4897205.00,2.68,0.89,0.01,0.69
2008-08-26,1.12,1.06,1.12,1.02,16457,7859146.00,8.85,-6.19,-0.07,1.18
2008-08-27,1.06,1.09,1.10,1.03,10434,5036418.00,6.60,2.83,0.03,0.75
2008-08-28,1.08,1.09,1.10,1.07,8547,4159452.00,2.75,0.00,0.00,0.61
2008-08-29,1.10,1.12,1.15,1.08,18986,9460693.00,6.42,2.75,0.03,1.36
2008-09-01,1.11,1.12,1.16,1.09,19796,9981131.00,6.25,0.00,0.00,1.42
2008-09-02,1.10,1.13,1.16,1.07,16811,8427926.00,8.04,0.89,0.01,1.21
2008-09-03,1.13,1.17,1.17,1.10,24759,12657689.00,6.19,3.54,0.04,1.78
2008-09-04,1.17,1.15,1.18,1.13,13954,7159970.00,4.27,-1.71,-0.02,1.00
2008-09-05,1.10,1.07,1.11,1.07,15016,7341126.00,3.48,-6.96,-0.08,1.08
2008-09-08,1.07,1.03,1.09,1.02,13603,6461227.00,6.54,-3.74,-0.04,0.98
2008-09-09,1.04,1.06,1.07,1.03,6949,3294685.00,3.88,2.91,0.03,0.50
2008-09-10,1.05,1.08,1.10,1.04,14645,7129068.00,5.66,1.89,0.02,1.05
2008-09-11,1.08,1.04,1.09,1.04,11112,5315087.00,4.63,-3.70,-0.04,0.80
2008-09-12,1.05,1.05,1.08,1.04,7495,3564176.00,3.85,0.96,0.01,0.54
2008-09-16,1.06,1.05,1.09,1.04,14632,7000368.00,4.76,0.00,0.00,1.05
2008-09-17,1.02,1.01,1.07,0.99,16078,7397774.00,7.62,-3.81,-0.04,1.15
2008-09-18,0.99,0.94,0.99,0.89,36441,15448747.00,9.90,-6.93,-0.07,2.61
2008-09-19,1.04,1.05,1.05,1.01,24447,11511392.00,4.26,11.70,0.11,1.75
2008-09-22,1.15,1.12,1.17,1.07,76440,38635938.00,9.52,6.67,0.07,5.48
2008-09-23,1.07,1.05,1.08,1.04,27392,13074291.00,3.57,-6.25,-0.07,1.96
2008-09-24,1.04,1.08,1.09,1.03,18744,9017012.00,5.71,2.86,0.03,1.34
2008-09-25,1.09,1.10,1.11,1.07,30501,14980648.00,3.70,1.85,0.02,2.19
2008-09-26,1.10,1.10,1.11,1.07,22115,10849827.00,3.64,0.00,0.00,1.59
2008-10-06,1.10,1.04,1.10,1.02,15508,7409238.00,7.27,-5.45,-0.06,1.11
2008-10-07,1.02,1.04,1.05,1.00,14905,6910502.00,4.81,0.00,0.00,1.07
2008-10-08,1.01,1.02,1.03,0.99,12292,5631472.00,3.85,-1.92,-0.02,0.88
2008-10-09,1.04,0.99,1.05,0.99,7260,3328362.00,5.88,-2.94,-0.03,0.52
2008-10-10,0.94,0.91,0.96,0.90,17920,7568450.00,6.06,-8.08,-0.08,1.29
2008-10-13,0.90,0.94,0.96,0.87,11158,4623995.00,9.89,3.30,0.03,0.80
2008-10-14,0.98,0.90,0.99,0.89,11858,5141750.00,10.64,-4.26,-0.04,0.85
2008-10-15,0.91,0.90,0.92,0.89,6465,2666225.00,3.33,0.00,0.00,0.46
2008-10-16,0.87,0.83,0.88,0.83,12026,4742771.00,5.56,-7.78,-0.07,0.86
2008-10-17,0.85,0.85,0.89,0.83,12667,5032321.00,7.23,2.41,0.02,0.91
2008-10-20,0.84,0.88,0.89,0.84,10663,4259690.00,5.88,3.53,0.03,0.76
2008-10-21,0.88,0.88,0.90,0.87,11848,4833559.00,3.41,0.00,0.00,0.85
2008-10-22,0.87,0.85,0.88,0.84,10354,4112997.00,4.55,-3.41,-0.03,0.74
2008-10-23,0.83,0.85,0.86,0.82,8466,3294435.00,4.71,0.00,0.00,0.61
2008-10-24,0.85,0.86,0.88,0.85,14793,5929918.00,3.53,1.18,0.01,1.06
2008-10-27,0.83,0.81,0.91,0.81,26755,10626652.00,11.63,-5.81,-0.05,1.92
2008-10-28,0.78,0.83,0.85,0.78,14350,5422738.00,8.64,2.47,0.02,1.03
2008-10-29,0.85,0.81,0.85,0.81,13398,5161916.00,4.82,-2.41,-0.02,0.96
2008-10-30,0.81,0.82,0.84,0.80,7233,2763525.00,4.94,1.23,0.01,0.52
2008-10-31,0.82,0.79,0.83,0.79,9160,3452115.00,4.88,-3.66,-0.03,0.66
2008-11-03,0.77,0.82,0.85,0.77,25329,9696404.00,10.13,3.80,0.03,1.82
2008-11-04,0.82,0.83,0.84,0.80,11586,4418271.00,4.88,1.22,0.01,0.83
2008-11-05,0.85,0.88,0.90,0.84,32966,13297055.00,7.23,6.02,0.05,2.36
2008-11-06,0.86,0.88,0.92,0.85,36274,14891030.00,7.95,0.00,0.00,2.60
2008-11-07,0.87,0.89,0.90,0.85,20885,8509639.00,5.68,1.14,0.01,1.50
2008-11-10,0.92,0.99,0.99,0.91,51514,22484088.00,8.99,11.24,0.10,3.69
2008-11-11,0.99,1.01,1.09,0.96,67971,31960615.00,13.13,2.02,0.02,4.88
2008-11-12,0.99,1.03,1.04,0.97,35807,16299923.00,6.93,1.98,0.02,2.57
2008-11-13,1.02,1.07,1.12,1.01,72910,35047066.00,10.68,3.88,0.04,5.23
2008-11-14,1.08,1.13,1.14,1.06,82119,40417124.00,7.48,5.61,0.06,5.89
2008-11-17,1.14,1.25,1.25,1.13,96154,50815548.00,10.62,10.62,0.12,6.90
2008-11-18,1.23,1.11,1.27,1.11,85910,44952062.00,12.80,-11.20,-0.14,6.16
2008-11-19,1.09,1.17,1.19,1.08,62072,31710210.00,9.91,5.41,0.06,4.45
2008-11-20,1.15,1.13,1.17,1.10,50489,25657836.00,5.98,-3.42,-0.04,3.62
2008-11-21,1.10,1.14,1.17,1.08,51815,26193126.00,7.96,0.88,0.01,3.72
2008-11-24,1.13,1.04,1.16,1.04,36104,17729341.00,10.53,-8.77,-0.10,2.59
2008-11-25,1.07,1.06,1.08,1.02,19325,9167099.00,5.77,1.92,0.02,1.39
2008-11-26,1.06,1.08,1.10,1.05,21435,10427535.00,4.72,1.89,0.02,1.54
2008-11-27,1.18,1.10,1.20,1.10,48826,24978517.00,9.26,1.85,0.02,3.50
2008-11-28,1.09,1.08,1.12,1.07,23128,11336863.00,4.55,-1.82,-0.02,1.66
2008-12-01,1.06,1.12,1.12,1.05,31179,15452144.00,6.48,3.70,0.04,2.24
2008-12-02,1.10,1.16,1.19,1.09,55960,28797367.00,8.93,3.57,0.04,4.01
2008-12-03,1.18,1.22,1.23,1.16,69291,36785645.00,6.03,5.17,0.06,4.97
2008-12-04,1.22,1.19,1.28,1.18,83717,45677977.00,8.20,-2.46,-0.03,6.00
2008-12-05,1.18,1.24,1.24,1.16,48650,26152036.00,6.72,4.20,0.05,3.49
2008-12-08,1.27,1.32,1.33,1.27,85849,49310345.00,4.84,6.45,0.08,6.16
2008-12-09,1.32,1.25,1.32,1.25,51625,29013608.00,5.30,-5.30,-0.07,3.70
2008-12-10,1.25,1.28,1.29,1.22,34911,19503920.00,5.60,2.40,0.03,2.50
2008-12-11,1.27,1.21,1.29,1.20,36608,20227228.00,7.03,-5.47,-0.07,2.63
2008-12-12,1.21,1.15,1.24,1.13,35196,18525288.00,9.09,-4.96,-0.06,2.52
2008-12-15,1.18,1.18,1.20,1.14,24886,12955006.00,5.22,2.61,0.03,1.78
2008-12-16,1.17,1.19,1.19,1.13,25750,13343019.00,5.08,0.85,0.01,1.85
2008-12-17,1.20,1.19,1.21,1.18,23684,12625184.00,2.52,0.00,0.00,1.70
2008-12-18,1.19,1.20,1.21,1.17,25370,13467068.00,3.36,0.84,0.01,1.82
2008-12-19,1.20,1.23,1.23,1.19,31543,17082839.00,3.33,2.50,0.03,2.26
2008-12-22,1.24,1.22,1.24,1.20,27515,14886342.00,3.25,-0.81,-0.01,1.97
2008-12-23,1.23,1.12,1.23,1.12,37262,19287526.00,9.02,-8.20,-0.10,2.67
2008-12-24,1.11,1.09,1.13,1.07,21744,10696590.00,5.36,-2.68,-0.03,1.56
2008-12-25,1.09,1.09,1.11,1.06,15743,7648155.00,4.59,0.00,0.00,1.13
2008-12-26,1.09,1.09,1.10,1.07,10354,5067649.00,2.75,0.00,0.00,0.74
2008-12-29,1.09,1.07,1.09,1.03,14138,6732832.00,5.50,-1.83,-0.02,1.01
2008-12-31,1.06,1.04,1.09,1.04,13346,6389390.00,4.67,-2.80,-0.03,0.96
2009-01-05,1.06,1.10,1.11,1.06,18198,8909339.00,4.81,5.77,0.06,1.31
2009-01-06,1.10,1.13,1.14,1.09,30679,15305958.00,4.55,2.73,0.03,2.20
2009-01-07,1.14,1.12,1.14,1.12,21791,10992157.00,1.77,-0.88,-0.01,1.56
2009-01-08,1.11,1.19,1.19,1.09,49475,25252771.00,8.93,6.25,0.07,3.55
2009-01-09,1.18,1.23,1.28,1.18,106840,58099522.00,8.40,3.36,0.04,7.66
2009-01-12,1.24,1.21,1.26,1.20,51019,27907798.00,4.88,-1.63,-0.02,3.66
2009-01-13,1.19,1.14,1.21,1.13,36025,18729034.00,6.61,-5.79,-0.07,2.58
2009-01-14,1.13,1.21,1.21,1.13,32265,16985120.00,7.02,6.14,0.07,2.31
2009-01-15,1.19,1.28,1.29,1.19,75579,41861484.00,8.26,5.79,0.07,5.42
2009-01-16,1.30,1.25,1.30,1.24,74269,41758899.00,4.69,-2.34,-0.03,5.33
2009-01-19,1.25,1.24,1.27,1.21,42966,23560068.00,4.80,-0.80,-0.01,3.08
2009-01-20,1.24,1.27,1.28,1.23,45590,25359202.00,4.03,2.42,0.03,3.27
2009-01-21,1.25,1.25,1.30,1.23,49738,27797286.00,5.51,-1.57,-0.02,3.57
2009-01-22,1.25,1.24,1.27,1.23,32386,17845653.00,3.20,-0.80,-0.01,2.32
2009-02-02,1.26,1.26,1.27,1.23,35827,19896336.00,3.23,1.61,0.02,2.57
2009-02-03,1.27,1.31,1.31,1.25,67949,38701038.00,4.76,3.97,0.05,4.87
2009-02-04,1.32,1.34,1.36,1.29,67296,39151232.00,5.34,2.29,0.03,4.83
2009-02-05,1.33,1.28,1.33,1.27,63497,36591748.00,4.48,-4.48,-0.06,4.55
2009-02-06,1.28,1.34,1.35,1.28,64263,37483274.00,5.47,4.69,0.06,4.61
2009-02-09,1.37,1.41,1.44,1.36,103561,63534521.00,5.97,5.22,0.07,7.43
2009-02-10,1.40,1.44,1.45,1.37,69825,42933129.00,5.67,2.13,0.03,5.01
2009-02-11,1.42,1.56,1.56,1.40,146750,95721537.00,11.11,8.33,0.12,10.53
2009-02-12,1.54,1.60,1.64,1.52,179841,124152383.00,7.69,2.56,0.04,12.90
2009-02-13,1.60,1.63,1.64,1.57,104664,72814614.00,4.38,1.88,0.03,7.51
2009-02-16,1.62,1.63,1.68,1.56,94039,65599204.00,7.36,0.00,0.00,6.74
2009-02-17,1.61,1.66,1.68,1.54,142043,100100354.00,8.59,1.84,0.03,10.19
2009-02-18,1.60,1.62,1.73,1.59,145188,104239493.00,8.43,-2.41,-0.04,10.41
2009-02-19,1.62,1.71,1.71,1.58,123203,88203077.00,8.02,5.56,0.09,8.84
2009-02-20,1.73,1.82,1.89,1.70,184750,143537175.00,11.11,6.43,0.11,13.25
2009-02-23,1.83,2.01,2.01,1.80,149908,124415409.00,11.54,10.44,0.19,10.75
2009-02-24,2.03,1.96,2.12,1.95,195348,168486208.00,8.46,-2.49,-0.05,14.01
2009-02-25,1.97,2.17,2.17,1.91,261751,230525839.00,13.27,10.71,0.21,18.77
2009-02-26,2.18,1.94,2.29,1.94,221860,201219061.00,16.13,-10.60,-0.23,15.91
2009-02-27,1.88,1.93,2.01,1.74,188479,151539019.00,13.92,-0.52,-0.01,13.52
2009-03-02,1.89,2.06,2.09,1.85,121901,104062419.00,12.44,6.74,0.13,8.74
2009-03-03,2.04,1.98,2.16,1.92,127303,111110586.00,11.65,-3.88,-0.08,9.13
2009-03-04,1.95,2.14,2.15,1.94,193768,171359926.00,10.61,8.08,0.16,13.90
2009-03-05,2.16,2.20,2.30,2.12,165618,154871597.00,8.41,2.80,0.06,11.88
2009-03-06,2.16,2.17,2.22,2.10,100657,91897326.00,5.45,-1.36,-0.03,7.22
2009-03-09,2.17,1.94,2.21,1.94,96379,85128517.00,12.44,-10.60,-0.23,6.91
2009-03-10,1.89,1.94,1.94,1.82,63113,50922740.00,6.19,0.00,0.00,4.53
2009-03-11,1.98,1.92,1.99,1.90,55222,45818025.00,4.64,-1.03,-0.02,3.96
2009-03-12,1.90,1.87,1.90,1.79,52646,41513035.00,5.73,-2.60,-0.05,3.78
2009-03-13,1.88,1.82,1.91,1.81,55462,44408303.00,5.35,-2.67,-0.05,3.98
2009-03-16,1.79,1.89,1.89,1.79,28628,22806299.00,5.49,3.85,0.07,2.05
2009-03-17,1.89,1.95,1.98,1.89,61304,50908492.00,4.76,3.17,0.06,4.40
2009-03-18,1.96,1.98,2.02,1.94,53342,44953025.00,4.10,1.54,0.03,3.83
2009-03-19,1.99,2.07,2.08,1.97,63560,55056270.00,5.56,4.55,0.09,4.56
2009-03-20,2.06,2.09,2.14,1.98,79712,70043242.00,7.73,0.97,0.02,5.72
2009-03-23,2.09,2.11,2.17,2.07,77505,69922320.00,4.78,0.96,0.02,5.56
2009-03-24,2.12,2.08,2.18,2.07,72606,65497568.00,5.21,-1.42,-0.03,5.21
2009-03-25,2.03,2.03,2.12,2.02,44994,39643622.00,4.81,-2.40,-0.05,3.23
2009-03-26,2.04,2.07,2.08,1.99,43828,38010946.00,4.43,1.97,0.04,3.14
2009-03-27,2.07,2.05,2.10,2.04,66350,58142009.00,2.90,-0.97,-0.02,4.76
2009-03-30,2.03,2.13,2.17,2.02,85465,76847220.00,7.32,3.90,0.08,6.13
2009-03-31,2.10,2.36,2.36,2.07,168993,161750767.00,13.62,10.80,0.23,12.12
2009-04-01,2.42,2.34,2.43,2.32,163701,164198196.00,4.66,-0.85,-0.02,11.74
2009-04-02,2.34,2.37,2.44,2.31,120820,121922046.00,5.56,1.28,0.03,8.67
2009-04-03,2.36,2.22,2.39,2.19,118696,115119902.00,8.44,-6.33,-0.15,8.51
2009-04-07,2.23,2.25,2.30,2.22,51337,48931466.00,3.60,1.35,0.03,3.68
2009-04-08,2.25,2.26,2.32,2.19,72345,69318631.00,5.78,0.44,0.01,5.19
2009-04-09,2.27,2.44,2.49,2.22,119541,118741674.00,11.95,7.96,0.18,8.57
2009-04-10,2.42,2.47,2.49,2.41,116551,120969899.00,3.28,1.23,0.03,8.36
2009-04-13,2.49,2.42,2.50,2.36,192017,194591509.00,5.67,-2.02,-0.05,13.77
2009-04-14,2.39,2.36,2.42,2.30,161650,160514233.00,4.96,-2.48,-0.06,11.59
2009-04-15,2.25,2.29,2.29,2.17,247423,233843671.00,5.08,-2.97,-0.07,17.75
2009-04-16,2.25,2.25,2.28,2.20,124987,118273819.00,3.49,-1.75,-0.04,8.96
2009-04-17,2.25,2.20,2.25,2.17,80869,75693830.00,3.56,-2.22,-0.05,5.80
2009-04-20,2.20,2.23,2.23,2.19,80559,75714501.00,1.82,1.36,0.03,5.78
2009-04-21,2.22,2.20,2.22,2.16,97433,90299881.00,2.69,-1.35,-0.03,6.99
2009-04-22,2.22,2.12,2.24,2.10,100710,93728448.00,6.36,-3.64,-0.08,7.22
2009-04-23,2.09,2.06,2.09,2.01,62315,54394358.00,3.77,-2.83,-0.06,4.47
2009-04-24,2.06,2.06,2.09,2.04,47281,41585592.00,2.43,0.00,0.00,3.39
2009-04-27,2.06,1.90,2.06,1.90,63748,53135792.00,7.77,-7.77,-0.16,4.57
2009-04-28,1.90,2.00,2.00,1.87,49074,40672418.00,6.84,5.26,0.10,3.52
2009-04-29,2.01,2.03,2.06,2.00,65013,56315994.00,3.00,1.50,0.03,4.66
2009-04-30,2.06,2.01,2.06,2.00,41334,35594446.00,2.96,-0.99,-0.02,2.96
2009-05-04,2.01,2.10,2.11,2.00,69962,61596548.00,5.47,4.48,0.09,5.02
2009-05-05,2.10,2.14,2.18,2.07,75796,68455014.00,5.24,1.90,0.04,5.44
2009-05-06,2.15,2.15,2.18,2.12,64848,59315573.00,2.80,0.47,0.01,4.65
2009-05-07,2.17,2.11,2.18,2.05,71132,63741522.00,6.05,-1.86,-0.04,4.72
2009-05-08,2.10,2.25,2.29,2.08,156625,146869922.00,9.95,6.64,0.14,10.39
2009-05-11,2.25,2.15,2.27,2.14,107260,100223636.00,5.78,-4.44,-0.10,7.11
2009-05-12,2.12,2.15,2.15,2.08,55204,49617706.00,3.26,0.00,0.00,3.66
2009-05-13,2.15,2.12,2.15,2.11,46791,42209344.00,1.86,-1.40,-0.03,3.10
2009-05-14,2.09,2.06,2.10,2.04,56772,49735964.00,2.83,-2.83,-0.06,3.76
2009-05-15,2.07,2.08,2.11,2.04,34254,30345830.00,3.40,0.97,0.02,2.27
2009-05-19,2.11,2.08,2.12,2.07,54365,48208850.00,2.40,0.00,0.00,3.60
2009-05-20,2.09,2.18,2.20,2.08,101263,91786093.00,5.77,4.81,0.10,6.71
2009-05-21,2.27,2.27,2.37,2.26,299930,292524715.00,5.05,4.13,0.09,19.89
2009-05-22,2.19,2.16,2.21,2.14,93650,86333771.00,3.08,-4.85,-0.11,6.21
2009-05-25,2.12,2.07,2.12,1.98,75515,65603941.00,6.48,-4.17,-0.09,5.01
2009-05-26,2.06,2.04,2.09,2.02,57264,49981967.00,3.38,-1.45,-0.03,3.80
2009-05-27,2.05,2.04,2.06,2.02,37392,32440899.00,1.96,0.00,0.00,2.48
2009-06-01,2.05,2.06,2.07,2.04,43097,37743387.00,1.47,0.98,0.02,2.86
2009-06-02,2.07,2.05,2.07,2.04,50121,43781867.00,1.46,-0.49,-0.01,3.32
2009-06-03,2.04,2.05,2.06,2.03,43535,38022563.00,1.46,0.00,0.00,2.89
2009-06-04,2.05,2.03,2.05,1.99,54643,47058711.00,2.93,-0.98,-0.02,3.62
2009-06-05,2.02,2.01,2.03,2.00,39289,33702025.00,1.48,-0.99,-0.02,2.61
2009-06-08,2.01,2.01,2.02,1.99,30076,25784773.00,1.49,0.00,0.00,1.99
2009-06-09,2.01,1.99,2.02,1.93,43922,36805973.00,4.48,-1.00,-0.02,2.91
2009-06-10,1.99,2.05,2.05,1.96,53565,45942545.00,4.52,3.02,0.06,3.55
2009-06-11,2.03,2.01,2.05,2.00,32582,28062498.00,2.44,-1.95,-0.04,2.16
2009-06-12,2.01,1.94,2.01,1.92,43796,36540472.00,4.48,-3.48,-0.07,2.90
2009-06-15,1.93,1.95,1.96,1.92,21791,18068806.00,2.06,0.52,0.01,1.44
2009-06-16,1.94,1.96,1.97,1.92,28365,23479820.00,2.56,0.51,0.01,1.88
2009-06-17,1.97,2.05,2.06,1.94,102552,88900415.00,6.12,4.59,0.09,6.80
2009-06-18,2.03,2.02,2.04,1.98,74246,63543870.00,2.93,-1.46,-0.03,4.92
2009-06-19,2.02,2.05,2.05,1.98,95676,82347558.00,3.47,1.49,0.03,6.34
2009-06-22,2.05,2.03,2.10,2.02,140708,123412801.00,3.90,-0.98,-0.02,9.33
2009-06-23,1.98,1.98,2.01,1.95,52471,44195488.00,2.96,-2.46,-0.05,3.48
2009-06-24,1.99,2.02,2.03,1.97,47524,40603516.00,3.03,2.02,0.04,3.15
2009-06-25,2.01,2.06,2.06,2.00,107396,93264585.00,2.97,1.98,0.04,7.12
2009-06-26,2.12,2.03,2.12,2.00,100903,88756732.00,5.83,-1.46,-0.03,6.69
2009-06-29,1.99,1.98,2.02,1.98,48500,41179822.00,1.97,-2.46,-0.05,3.22
2009-06-30,1.99,1.97,2.00,1.96,33385,28105320.00,2.02,-0.51,-0.01,2.21
2009-07-01,1.97,2.06,2.06,1.97,93478,80873000.00,4.57,4.57,0.09,6.20
2009-07-02,2.06,2.04,2.08,2.03,129924,114063085.00,2.43,-0.97,-0.02,8.61
2009-07-03,2.01,2.07,2.08,1.99,119874,105029849.00,4.41,1.47,0.03,7.95
2009-07-06,2.06,2.04,2.07,2.02,58057,50542716.00,2.42,-1.45,-0.03,3.85
2009-07-07,2.04,2.09,2.12,2.02,163528,145412307.00,4.90,2.45,0.05,10.84
2009-07-08,2.07,2.08,2.10,2.05,86967,76766430.00,2.39,-0.48,-0.01,5.77
2009-07-09,2.09,2.10,2.12,2.06,72520,64609334.00,2.88,0.96,0.02,4.81
2009-07-10,2.12,2.14,2.15,2.10,92928,83952155.00,2.38,1.90,0.04,6.16
2009-07-13,2.15,2.13,2.16,2.12,74072,67296408.00,1.87,-0.47,-0.01,4.91
2009-07-14,2.14,2.14,2.15,2.11,66492,59839473.00,1.88,0.47,0.01,4.41
2009-07-15,2.14,2.17,2.18,2.13,79062,72183922.00,2.34,1.40,0.03,5.24
2009-07-16,2.18,2.17,2.19,2.15,83946,76715812.00,1.84,0.00,0.00,5.57
2009-07-17,2.19,2.24,2.26,2.19,168200,158044791.00,3.23,3.23,0.07,11.15
2009-07-20,2.24,2.26,2.32,2.24,142067,135749466.00,3.57,0.89,0.02,9.42
2009-07-21,2.27,2.15,2.27,2.14,98306,91220432.00,5.75,-4.87,-0.11,6.52
2009-07-22,2.15,2.16,2.19,2.13,55999,51084305.00,2.79,0.47,0.01,3.71
2009-07-23,2.16,2.23,2.24,2.16,61903,57022486.00,3.70,3.24,0.07,4.10
2009-07-24,2.23,2.16,2.23,2.13,62793,57698515.00,4.48,-3.14,-0.07,4.16
2009-07-27,2.15,2.19,2.20,2.14,55299,50855075.00,2.78,1.39,0.03,3.67
2009-07-28,2.20,2.20,2.20,2.15,63010,57751551.00,2.28,0.46,0.01,4.18
2009-07-29,2.21,2.08,2.24,1.97,95850,87550929.00,12.27,-5.45,-0.12,6.36
2009-07-30,2.06,2.02,2.11,1.94,73726,63108867.00,8.17,-2.88,-0.06,4.89
2009-07-31,2.03,2.07,2.07,2.01,79708,68835220.00,2.97,2.48,0.05,5.29
2009-08-03,2.07,2.10,2.12,2.04,62297,54721605.00,3.86,1.45,0.03,4.13
2009-08-04,2.11,2.17,2.17,2.07,87002,77725461.00,4.76,3.33,0.07,5.77
2009-08-05,2.17,2.19,2.25,2.14,131285,121663479.00,5.07,0.92,0.02,8.71
2009-08-06,2.16,2.14,2.18,2.10,76446,68939824.00,3.65,-2.28,-0.05,5.07
2009-08-07,2.15,2.11,2.16,2.10,56432,50726708.00,2.80,-1.40,-0.03,3.74
2009-08-10,2.11,2.10,2.14,2.06,35334,31365250.00,3.79,-0.47,-0.01,2.34
2009-08-11,2.10,2.11,2.12,2.09,28421,25321553.00,1.43,0.48,0.01,1.88
2009-08-12,2.09,1.97,2.11,1.97,43729,37448325.00,6.64,-6.64,-0.14,2.90
2009-08-13,1.97,1.97,1.99,1.94,27452,22916468.00,2.54,0.00,0.00,1.82
2009-08-14,1.96,1.86,1.98,1.86,37782,30663620.00,6.09,-5.58,-0.11,2.51
2009-08-17,1.83,1.69,1.83,1.68,42709,32321926.00,8.06,-9.14,-0.17,2.83
2009-08-18,1.66,1.72,1.72,1.65,25377,18407653.00,4.14,1.78,0.03,1.68
2009-08-19,1.72,1.59,1.72,1.58,27995,19844794.00,8.14,-7.56,-0.13,1.86
2009-08-20,1.59,1.66,1.66,1.59,24090,16852240.00,4.40,4.40,0.07,1.60
2009-08-21,1.66,1.72,1.72,1.64,39834,28868199.00,4.82,3.61,0.06,2.64
2009-08-24,1.72,1.80,1.81,1.69,60625,45626633.00,6.98,4.65,0.08,4.02
2009-08-25,1.79,1.72,1.79,1.68,32129,23693413.00,6.11,-4.44,-0.08,2.13
2009-08-26,1.69,1.90,1.90,1.69,79122,61668356.00,12.21,10.47,0.18,5.25
2009-08-27,1.88,1.98,2.08,1.86,183926,154696078.00,11.58,4.21,0.08,12.20
2009-08-28,1.99,1.92,2.01,1.91,79526,66053295.00,5.05,-3.03,-0.06,5.27
2009-08-31,1.88,1.72,1.88,1.71,46279,34813073.00,8.85,-10.42,-0.20,3.07
2009-09-01,1.68,1.75,1.78,1.67,30032,22308425.00,6.40,1.74,0.03,1.99
2009-09-02,1.73,1.91,1.92,1.73,138208,110330080.00,10.86,9.14,0.16,9.16
2009-09-03,1.91,1.96,1.98,1.86,184913,151148797.00,6.28,2.62,0.05,12.26
2009-09-04,1.90,1.95,2.01,1.89,134754,111065650.00,6.12,-0.51,-0.01,8.94
2009-09-07,1.94,1.91,1.96,1.90,64580,52979921.00,3.08,-2.05,-0.04,4.28
2009-09-08,1.91,1.92,1.93,1.87,47248,38156346.00,3.14,0.52,0.01,3.13
2009-09-09,1.91,1.91,1.92,1.87,49146,39567681.00,2.60,-0.52,-0.01,3.26
2009-09-10,1.88,1.95,1.97,1.88,85998,70789428.00,4.71,2.09,0.04,5.70
2009-09-11,1.93,1.93,1.96,1.91,49219,40557862.00,2.56,-1.03,-0.02,3.26
2009-09-14,1.92,1.96,1.97,1.92,46801,38683691.00,2.59,1.55,0.03,3.10
2009-09-15,1.96,1.97,1.99,1.93,67365,56097895.00,3.06,0.51,0.01,4.47
2009-09-16,1.97,1.93,1.97,1.91,45589,37528903.00,3.05,-2.03,-0.04,3.02
2009-09-17,1.93,1.98,1.99,1.93,63226,52863355.00,3.11,2.59,0.05,4.19
2009-09-18,1.98,1.96,2.04,1.89,75341,63478413.00,7.58,-1.01,-0.02,5.00
2009-09-21,1.93,2.00,2.00,1.91,47361,39273669.00,4.59,2.04,0.04,3.14
2009-09-22,1.99,1.95,2.05,1.92,63542,53986966.00,6.50,-2.50,-0.05,4.21
2009-09-23,1.93,1.81,1.96,1.81,47355,37984417.00,7.69,-7.18,-0.14,3.14
2009-09-24,1.81,1.81,1.84,1.76,24338,18785323.00,4.42,0.00,0.00,1.61
2009-09-25,1.79,1.79,1.82,1.77,19862,15219034.00,2.76,-1.10,-0.02,1.32
2009-09-28,1.80,1.73,1.82,1.73,15425,11708199.00,5.03,-3.35,-0.06,1.02
2009-09-29,1.74,1.69,1.75,1.65,16582,12043443.00,5.78,-2.31,-0.04,1.10
2009-09-30,1.72,1.72,1.74,1.70,16268,11951664.00,2.37,1.78,0.03,1.08
2009-10-09,1.75,1.81,1.83,1.73,21760,16667886.00,5.81,5.23,0.09,1.44
2009-10-12,1.81,1.79,1.82,1.78,16310,12511445.00,2.21,-1.10,-0.02,1.08
2009-10-13,1.78,1.84,1.84,1.78,22099,17084205.00,3.35,2.79,0.05,1.47
2009-10-14,1.83,1.87,1.91,1.83,35082,27880285.00,4.35,1.63,0.03,2.33
2009-10-15,1.88,1.92,1.94,1.86,53274,43239148.00,4.28,2.67,0.05,3.53
2009-10-16,1.93,1.89,1.95,1.87,35722,28756696.00,4.17,-1.56,-0.03,2.37
2009-10-19,1.88,1.98,1.99,1.88,70970,58892323.00,5.82,4.76,0.09,4.71
2009-10-20,1.98,1.98,2.00,1.96,111513,93700207.00,2.02,0.00,0.00,7.39
2009-10-21,1.95,1.95,2.02,1.93,84448,70981873.00,4.55,-1.52,-0.03,5.60
2009-10-22,1.94,1.95,1.97,1.92,38097,31344489.00,2.56,0.00,0.00,2.53
2009-10-23,1.96,1.97,2.01,1.94,66044,55504935.00,3.59,1.03,0.02,4.38
2009-10-26,1.97,1.93,1.97,1.91,31713,26036165.00,3.05,-2.03,-0.04,2.10
2009-10-27,1.91,1.88,1.92,1.88,28540,23047090.00,2.07,-2.59,-0.05,1.89
2009-10-28,1.88,1.94,1.94,1.88,30084,24398202.00,3.19,3.19,0.06,1.99
2009-10-29,1.93,1.94,1.99,1.91,91573,76217743.00,4.12,0.00,0.00,6.07
2009-10-30,1.95,1.96,1.99,1.92,89873,75189838.00,3.61,1.03,0.02,5.96
2009-11-02,1.96,2.03,2.03,1.91,100299,84677382.00,6.12,3.57,0.07,6.65
2009-11-03,2.00,2.04,2.05,1.98,105798,90666320.00,3.45,0.49,0.01,7.02
2009-11-04,2.04,2.03,2.07,2.01,65547,56422160.00,2.94,-0.49,-0.01,4.35
2009-11-05,2.03,2.04,2.05,2.01,62345,53546951.00,1.97,0.49,0.01,4.13
2009-11-06,2.05,2.25,2.25,2.04,300853,275798343.00,10.29,10.29,0.21,19.95
2009-11-09,2.25,2.25,2.29,2.18,312456,295757618.00,4.89,0.00,0.00,20.72
2009-11-10,2.24,2.27,2.30,2.21,267860,255270738.00,4.00,0.89,0.02,17.76
2009-11-11,2.25,2.26,2.30,2.22,154723,147612467.00,3.52,-0.44,-0.01,10.26
2009-11-12,2.26,2.19,2.26,2.16,117318,109638790.00,4.42,-3.10,-0.07,7.78
2009-11-13,2.19,2.21,2.22,2.14,81397,74913944.00,3.65,0.91,0.02,5.40
2009-11-16,2.21,2.27,2.29,2.19,137397,129870242.00,4.52,2.71,0.06,9.11
2009-11-17,2.25,2.24,2.27,2.22,66591,62713729.00,2.20,-1.32,-0.03,4.42
2009-11-18,2.24,2.26,2.28,2.22,105812,100442963.00,2.68,0.89,0.02,7.02
2009-11-19,2.27,2.31,2.35,2.27,148866,145340920.00,3.54,2.21,0.05,9.87
2009-11-20,2.31,2.28,2.31,2.25,91260,87528701.00,2.60,-1.30,-0.03,6.05
2009-11-23,2.26,2.29,2.30,2.26,80101,76792125.00,1.75,0.44,0.01,5.31
2009-11-24,2.30,2.16,2.37,2.12,130266,125361558.00,10.92,-5.68,-0.13,8.64
2009-11-25,2.13,2.22,2.23,2.11,74299,68055438.00,5.56,2.78,0.06,4.93
2009-11-26,2.22,2.06,2.22,2.05,101380,91423841.00,7.66,-7.21,-0.16,6.72
2009-11-27,2.05,2.04,2.09,2.01,47227,40969472.00,3.88,-0.97,-0.02,3.13
2009-11-30,2.06,2.14,2.15,2.06,58045,51855645.00,4.41,4.90,0.10,3.85
2009-12-01,2.14,2.24,2.24,2.13,82015,75807057.00,5.14,4.67,0.10,5.44
2009-12-02,2.29,2.29,2.37,2.27,153618,149288171.00,4.46,2.23,0.05,10.19
2009-12-03,2.33,2.37,2.40,2.28,149661,147359039.00,5.24,3.49,0.08,9.92
2009-12-04,2.35,2.26,2.38,2.21,132204,127635590.00,7.17,-4.64,-0.11,8.77
2009-12-07,2.27,2.40,2.42,2.27,130803,129478352.00,6.64,6.19,0.14,8.67
2009-12-08,2.39,2.40,2.44,2.36,106112,106802192.00,3.33,0.00,0.00,7.04
2009-12-09,2.38,2.33,2.40,2.31,67215,66310138.00,3.75,-2.92,-0.07,4.46
2009-12-10,2.34,2.42,2.43,2.32,80254,80007037.00,4.72,3.86,0.09,5.32
2009-12-11,2.42,2.38,2.48,2.37,91223,93001336.00,4.55,-1.65,-0.04,6.05
2009-12-14,2.38,2.45,2.48,2.35,91746,92704452.00,5.46,2.94,0.07,6.08
2009-12-15,2.45,2.45,2.49,2.43,79043,81597944.00,2.45,0.00,0.00,5.24
2009-12-16,2.43,2.52,2.55,2.41,135466,142196756.00,5.71,2.86,0.07,8.98
2009-12-17,2.51,2.53,2.63,2.48,167973,179674326.00,5.95,0.40,0.01,11.14
2009-12-18,2.48,2.33,2.50,2.32,109164,110118973.00,7.11,-7.91,-0.20,7.24
2009-12-21,2.33,2.38,2.38,2.29,47655,47099298.00,3.86,2.15,0.05,3.16
2009-12-22,2.38,2.24,2.39,2.23,70516,67736868.00,6.72,-5.88,-0.14,4.68
2009-12-23,2.24,2.25,2.27,2.21,47740,45155936.00,2.68,0.45,0.01,3.17
2009-12-24,2.27,2.34,2.36,2.25,52302,50914092.00,4.89,4.00,0.09,3.47
2009-12-25,2.33,2.37,2.39,2.32,44712,44456356.00,2.99,1.28,0.03,2.96
2009-12-28,2.38,2.44,2.48,2.37,74659,76573296.00,4.64,2.95,0.07,4.95
2009-12-29,2.44,2.45,2.49,2.41,52963,54349370.00,3.28,0.41,0.01,3.51
2009-12-30,2.45,2.45,2.50,2.42,54954,56483556.00,3.27,0.00,0.00,3.64
2009-12-31,2.46,2.51,2.54,2.43,76365,79792334.00,4.49,2.45,0.06,5.06
2010-01-04,2.51,2.47,2.52,2.47,52662,54898825.00,1.99,-1.59,-0.04,3.49
2010-01-05,2.47,2.46,2.49,2.41,73343,75026751.00,3.24,-0.40,-0.01,4.86
2010-01-06,2.46,2.46,2.49,2.43,72577,74915292.00,2.44,0.00,0.00,4.81
2010-01-07,2.45,2.35,2.46,2.33,106715,106427083.00,5.28,-4.47,-0.11,7.08
2010-01-08,2.37,2.40,2.42,2.34,51943,51959382.00,3.40,2.13,0.05,3.44
2010-01-11,2.40,2.36,2.41,2.34,45413,45089927.00,2.92,-1.67,-0.04,3.01
2010-01-12,2.36,2.47,2.48,2.36,56324,57311657.00,5.08,4.66,0.11,3.73
2010-01-13,2.42,2.44,2.52,2.41,92526,95539613.00,4.45,-1.21,-0.03,6.14
2010-01-14,2.44,2.50,2.54,2.44,85466,89460417.00,4.10,2.46,0.06,5.67
2010-01-15,2.50,2.56,2.57,2.49,76398,81173931.00,3.20,2.40,0.06,5.07
2010-01-18,2.58,2.57,2.64,2.56,102056,110620281.00,3.13,0.39,0.01,6.77
2010-01-19,2.56,2.58,2.64,2.56,87365,95225467.00,3.11,0.39,0.01,5.79
2010-01-20,2.58,2.46,2.58,2.44,93346,98285046.00,5.43,-4.65,-0.12,6.19
2010-01-21,2.46,2.52,2.56,2.44,69422,72996778.00,4.88,2.44,0.06,4.60
2010-01-22,2.51,2.62,2.63,2.45,155437,166656670.00,7.14,3.97,0.10,10.31
2010-01-25,2.56,2.60,2.68,2.55,116814,128147957.00,4.96,-0.76,-0.02,7.75
2010-01-26,2.57,2.44,2.62,2.37,87326,91527394.00,9.62,-6.15,-0.16,5.79
2010-01-27,2.43,2.39,2.45,2.36,56445,56954717.00,3.69,-2.05,-0.05,3.74
2010-01-28,2.40,2.43,2.44,2.38,40163,40569612.00,2.51,1.67,0.04,2.66
2010-01-29,2.43,2.47,2.51,2.40,53873,55913395.00,4.53,1.65,0.04,3.57
2010-02-01,2.47,2.55,2.59,2.47,89624,95302717.00,4.86,3.24,0.08,5.94
2010-02-02,2.52,2.53,2.61,2.51,66156,70941322.00,3.92,-0.78,-0.02,4.39
2010-02-03,2.54,2.66,2.66,2.49,129912,141242513.00,6.72,5.14,0.13,8.61
2010-02-04,2.63,2.67,2.70,2.61,141512,157362282.00,3.38,0.38,0.01,9.38
2010-02-05,2.61,2.57,2.64,2.53,84918,91790328.00,4.12,-3.75,-0.10,5.63
2010-02-08,2.58,2.67,2.67,2.55,54230,59286787.00,4.67,3.89,0.10,3.60
2010-02-09,2.64,2.61,2.70,2.56,62364,68314506.00,5.24,-2.25,-0.06,4.14
2010-02-10,2.61,2.61,2.65,2.58,38775,42493231.00,2.68,0.00,0.00,2.57
2010-02-11,2.62,2.53,2.62,2.52,67214,71825155.00,3.83,-3.07,-0.08,4.46
2010-02-12,2.56,2.56,2.58,2.54,25749,27616370.00,1.58,1.19,0.03,1.71
2010-02-22,2.56,2.59,2.62,2.54,35027,37875490.00,3.13,1.17,0.03,2.32
2010-02-23,2.56,2.68,2.69,2.53,70908,77656628.00,6.18,3.47,0.09,4.70
2010-02-24,2.66,2.71,2.73,2.63,86979,98080744.00,3.73,1.12,0.03,5.77
2010-02-25,2.71,2.71,2.78,2.69,85672,97746798.00,3.32,0.00,0.00,5.68
2010-02-26,2.69,2.87,2.97,2.69,167932,198854891.00,10.33,5.90,0.16,11.14
2010-03-01,2.87,3.06,3.13,2.85,236261,297118866.00,9.76,6.62,0.19,15.67
2010-03-02,3.06,3.03,3.08,2.96,136080,170730834.00,3.92,-0.98,-0.03,9.02
2010-03-03,3.03,3.04,3.07,2.96,101227,127098838.00,3.63,0.33,0.01,6.71
2010-03-04,3.03,2.83,3.05,2.81,136410,165149225.00,7.89,-6.91,-0.21,9.04
2010-03-05,2.85,2.79,2.89,2.75,72601,85090551.00,4.95,-1.41,-0.04,4.81
2010-03-08,2.81,2.93,2.95,2.80,72914,87687428.00,5.38,5.02,0.14,4.83
2010-03-09,2.91,2.89,2.92,2.86,40087,48191896.00,2.05,-1.37,-0.04,2.66
2010-03-10,2.86,2.84,2.94,2.80,42142,50352645.00,4.84,-1.73,-0.05,2.79
2010-03-11,2.83,2.80,2.88,2.76,38088,44505460.00,4.23,-1.41,-0.04,2.53
2010-03-12,2.81,2.78,2.84,2.76,31929,37206502.00,2.86,-0.71,-0.02,2.12
2010-03-15,2.76,2.74,2.80,2.72,31847,36439723.00,2.88,-1.44,-0.04,2.11
2010-03-16,2.75,2.84,2.85,2.74,39215,45844828.00,4.01,3.65,0.10,2.60
2010-03-17,2.84,2.90,2.92,2.83,57376,68835127.00,3.17,2.11,0.06,3.80
2010-03-18,2.90,2.88,2.94,2.86,45568,54908733.00,2.76,-0.69,-0.02,3.02
2010-03-19,2.87,2.90,2.93,2.87,45231,54551421.00,2.08,0.69,0.02,3.00
2010-03-22,2.91,2.94,2.96,2.89,55011,66906775.00,2.41,1.38,0.04,3.65
2010-03-23,2.92,2.95,3.02,2.92,68963,85056812.00,3.40,0.34,0.01,4.57
2010-03-24,2.97,2.98,3.02,2.94,50072,61914193.00,2.71,1.02,0.03,3.32
2010-03-25,2.99,3.04,3.07,2.95,98582,123390866.00,4.03,2.01,0.06,6.54
2010-03-26,3.03,2.98,3.03,2.94,68530,84735512.00,2.96,-1.97,-0.06,4.54
2010-03-29,2.99,2.93,2.99,2.91,54541,66901848.00,2.68,-1.68,-0.05,3.62
2010-03-30,2.93,2.98,3.00,2.93,32359,39943665.00,2.39,1.71,0.05,2.15
2010-03-31,2.99,2.91,3.00,2.91,51786,63420101.00,3.02,-2.35,-0.07,3.43
2010-04-01,2.91,2.99,2.99,2.89,73759,90383337.00,3.44,2.75,0.08,4.89
2010-04-02,2.98,3.10,3.12,2.98,108017,137677199.00,4.68,3.68,0.11,7.16
2010-04-06,3.10,3.20,3.23,3.10,118411,157200543.00,4.19,3.23,0.10,7.85
2010-04-07,3.19,3.23,3.25,3.16,74487,99203628.00,2.81,0.94,0.03,4.94
2010-04-08,3.21,3.29,3.32,3.21,102746,139700956.00,3.41,1.86,0.06,6.81
2010-04-09,3.30,3.44,3.45,3.30,111661,157383353.00,4.56,4.56,0.15,7.40
2010-04-12,3.50,3.50,3.54,3.41,101756,146294107.00,3.78,1.74,0.06,6.75
2010-04-13,3.50,3.37,3.55,3.16,124779,174412799.00,11.14,-3.71,-0.13,8.27
2010-04-14,3.36,3.52,3.56,3.32,101315,145878019.00,7.12,4.45,0.15,6.72
2010-04-15,3.53,3.21,3.55,3.19,170294,234429190.00,10.23,-8.81,-0.31,11.29
2010-04-16,3.35,3.36,3.50,3.33,265579,375350942.00,5.30,4.67,0.15,17.61
2010-04-19,3.28,3.16,3.28,3.16,150466,200752963.00,3.57,-5.95,-0.20,9.98
2010-04-20,3.20,3.25,3.27,3.12,86504,114463669.00,4.75,2.85,0.09,5.74
2010-04-21,3.26,3.36,3.37,3.21,85872,117508904.00,4.92,3.38,0.11,5.69
2010-04-22,3.36,3.31,3.36,3.26,82706,113655151.00,2.98,-1.49,-0.05,5.48
2010-04-23,3.30,3.35,3.41,3.28,61569,85684164.00,3.93,1.21,0.04,4.08
2010-04-26,3.38,3.32,3.38,3.29,43625,60278309.00,2.69,-0.90,-0.03,2.89
2010-04-27,3.31,3.20,3.31,3.13,66623,88341816.00,5.42,-3.61,-0.12,4.42
2010-04-28,3.17,3.21,3.24,3.14,35742,47426435.00,3.13,0.31,0.01,2.37
2010-04-29,3.22,3.16,3.27,3.16,40110,53576157.00,3.43,-1.56,-0.05,2.66
2010-04-30,3.12,3.17,3.18,3.05,64907,84476824.00,4.11,0.32,0.01,4.30
2010-05-04,3.13,3.23,3.24,3.08,34765,46241346.00,5.05,1.89,0.06,2.31
2010-05-05,3.21,3.33,3.35,3.18,49992,67997526.00,5.26,3.10,0.10,3.31
2010-05-06,3.34,3.22,3.38,3.21,74491,102523174.00,5.11,-3.30,-0.11,4.94
2010-05-07,3.12,3.23,3.31,3.10,42258,56311807.00,6.52,0.31,0.01,2.80
2010-05-11,3.27,2.90,3.31,2.90,78132,99654888.00,12.69,-10.22,-0.33,5.18
2010-05-12,2.86,2.64,2.86,2.60,62919,71484474.00,8.97,-8.97,-0.26,4.17
2010-05-13,2.65,2.77,2.78,2.59,40041,44863998.00,7.20,4.92,0.13,2.66
2010-05-14,2.73,2.79,2.85,2.71,39705,46363036.00,5.05,0.72,0.02,2.63
2010-05-17,2.72,2.59,2.76,2.58,36852,40912912.00,6.45,-7.17,-0.20,2.44
2010-05-18,2.56,2.65,2.67,2.53,32524,35334593.00,5.41,2.32,0.06,2.16
2010-05-19,2.63,2.65,2.71,2.60,25484,28261375.00,4.15,0.00,0.00,1.69
2010-05-20,2.63,2.61,2.71,2.60,25041,27867882.00,4.15,-1.51,-0.04,1.66
2010-05-21,2.53,2.68,2.69,2.51,33995,37159567.00,6.90,2.68,0.07,2.25
2010-05-24,2.70,2.79,2.82,2.69,44777,51984076.00,4.85,4.10,0.11,2.97
2010-05-25,2.78,2.86,2.88,2.73,47922,56118314.00,5.38,2.51,0.07,3.18
2010-05-26,2.81,2.82,2.86,2.80,27537,32440745.00,2.10,-1.40,-0.04,1.83
2010-05-27,2.80,2.85,2.88,2.77,35269,41604601.00,3.90,1.06,0.03,2.34
2010-05-28,2.89,2.93,2.96,2.84,50133,60213293.00,4.21,2.81,0.08,3.32
2010-05-31,2.89,2.92,3.03,2.86,54340,66334295.00,5.80,-0.34,-0.01,3.60
2010-06-01,2.98,2.87,2.98,2.78,43533,51956416.00,6.85,-1.71,-0.05,2.89
2010-06-02,2.85,2.92,2.93,2.80,47930,57505556.00,4.53,1.74,0.05,3.18
2010-06-03,2.91,2.88,2.96,2.87,50154,61094654.00,3.08,-1.37,-0.04,3.33
2010-06-04,2.85,2.87,2.94,2.82,32690,39026400.00,4.17,-0.35,-0.01,2.17
2010-06-07,2.80,2.81,2.85,2.78,27422,32188373.00,2.44,-2.09,-0.06,1.82
2010-06-08,2.80,2.88,2.92,2.80,35127,42026734.00,4.27,2.49,0.07,2.33
2010-06-09,2.92,3.00,3.00,2.89,58800,71951641.00,3.82,4.17,0.12,3.63
2010-06-10,2.98,2.97,3.00,2.94,43921,54195203.00,2.00,-1.00,-0.03,2.71
2010-06-11,2.97,2.98,3.05,2.97,41041,51290068.00,2.69,0.34,0.01,2.53
2010-06-17,3.00,2.94,3.03,2.93,28394,35357533.00,3.36,-1.34,-0.04,1.75
2010-06-18,2.92,2.85,2.98,2.83,38114,46051385.00,5.10,-3.06,-0.09,2.35
2010-06-22,2.94,3.08,3.10,2.94,74405,93576707.00,5.61,8.07,0.23,4.59
2010-06-23,3.03,3.06,3.13,3.00,50439,64049434.00,4.22,-0.65,-0.02,3.11
2010-06-24,3.06,3.14,3.15,3.03,60690,78337814.00,3.92,2.61,0.08,3.74
2010-06-25,3.11,3.12,3.17,3.07,40754,52871449.00,3.18,-0.64,-0.02,2.51
2010-06-28,3.10,3.07,3.13,3.03,24316,31091229.00,3.21,-1.60,-0.05,1.50
2010-06-29,3.07,2.83,3.08,2.81,42615,51743898.00,8.79,-7.82,-0.24,2.63
2010-06-30,2.80,2.83,2.85,2.71,34978,40498619.00,4.95,0.00,0.00,2.16
2010-07-01,2.79,2.92,2.96,2.77,51052,61160397.00,6.71,3.18,0.09,3.15
2010-07-02,2.88,2.85,2.96,2.78,49143,58768515.00,6.16,-2.40,-0.07,3.03
2010-07-05,2.86,2.93,2.95,2.82,40720,49193901.00,4.56,2.81,0.08,2.51
2010-07-06,2.93,2.93,2.96,2.87,59139,71768252.00,3.07,0.00,0.00,3.65
2010-07-07,2.95,2.87,2.95,2.84,53068,63709569.00,3.75,-2.05,-0.06,3.27
2010-07-08,2.86,2.89,2.95,2.85,36374,21822306.00,3.48,0.70,0.02,1.12
2010-07-09,2.83,2.89,2.90,2.72,117119,68761805.00,6.23,0.00,0.00,3.61
2010-07-12,2.86,3.06,3.11,2.84,172412,106822563.00,9.34,5.88,0.17,5.31
2010-07-13,3.01,2.94,3.03,2.93,96915,59145540.00,3.27,-3.92,-0.12,2.99
2010-07-14,2.95,2.95,2.99,2.90,86529,52662330.00,3.06,0.34,0.01,2.67
2010-07-15,2.91,2.86,2.97,2.86,65151,39095580.00,3.73,-3.05,-0.09,2.01
2010-07-16,2.84,2.83,2.86,2.74,55680,32069548.00,4.20,-1.05,-0.03,1.72
2010-07-19,2.79,2.91,2.92,2.76,61444,36292671.00,5.65,2.83,0.08,1.89
2010-07-20,2.92,2.97,3.01,2.92,88167,53994609.00,3.09,2.06,0.06,2.72
2010-07-21,2.97,2.95,2.98,2.94,81891,49959406.00,1.35,-0.67,-0.02,2.52
2010-07-22,2.94,2.98,2.99,2.93,72655,44480434.00,2.03,1.02,0.03,2.24
2010-07-23,2.98,2.94,3.00,2.88,109296,66230638.00,4.03,-1.34,-0.04,3.37
2010-07-26,2.94,2.93,2.95,2.88,89003,53580280.00,2.38,-0.34,-0.01,2.74
2010-07-27,2.93,3.03,3.05,2.91,181396,112088534.00,4.78,3.41,0.10,5.59
2010-07-28,3.01,3.07,3.08,2.99,153542,96194088.00,2.97,1.32,0.04,4.73
2010-07-29,3.07,3.18,3.23,3.02,243079,155993420.00,6.84,3.58,0.11,7.49
2010-07-30,3.17,3.20,3.22,3.12,209712,137673874.00,3.14,0.63,0.02,6.46
2010-08-03,3.29,3.22,3.50,3.21,332927,228505196.00,9.06,0.63,0.02,10.26
2010-08-04,3.21,3.26,3.27,3.09,170580,112039187.00,5.59,1.24,0.04,5.26
2010-08-05,3.25,3.31,3.34,3.18,171665,115290447.00,4.91,1.53,0.05,5.29
2010-08-06,3.28,3.33,3.35,3.26,149606,101822610.00,2.72,0.60,0.02,4.61
2010-08-09,3.35,3.36,3.41,3.33,153878,106474968.00,2.40,0.90,0.03,4.74
2010-08-10,3.36,3.17,3.36,3.17,150954,101027538.00,5.65,-5.65,-0.19,4.65
2010-08-11,3.13,3.19,3.21,3.11,70538,46069366.00,3.15,0.63,0.02,2.17
2010-08-12,3.12,3.10,3.19,3.09,76033,48952110.00,3.13,-2.82,-0.09,2.34
2010-08-13,3.10,3.16,3.17,3.09,70314,45440905.00,2.58,1.94,0.06,2.17
2010-08-16,3.16,3.24,3.26,3.14,91451,60351904.00,3.80,2.53,0.08,2.82
2010-08-17,3.23,3.25,3.27,3.22,97197,64893375.00,1.54,0.31,0.01,3.00
2010-08-18,3.25,3.21,3.27,3.16,80632,53235662.00,3.38,-1.23,-0.04,2.49
2010-08-19,3.22,3.16,3.23,3.15,94481,61931740.00,2.49,-1.56,-0.05,2.91
2010-08-20,3.15,3.13,3.21,3.13,73888,48075493.00,2.53,-0.95,-0.03,2.28
2010-08-23,3.13,3.14,3.16,3.11,57595,37179027.00,1.60,0.32,0.01,1.78
2010-08-24,3.13,3.18,3.21,3.10,78103,50776606.00,3.50,1.27,0.04,2.41
2010-08-25,3.16,3.09,3.21,3.08,78551,50760619.00,4.09,-2.83,-0.09,2.42
2010-08-26,3.11,3.05,3.11,3.01,65438,41298077.00,3.24,-1.29,-0.04,2.02
2010-08-27,3.06,3.08,3.09,3.04,30745,19410632.00,1.64,0.98,0.03,0.95
2010-08-30,3.10,3.20,3.22,3.10,102691,66851863.00,3.90,3.90,0.12,3.17
2010-08-31,3.21,3.30,3.33,3.18,191438,129404049.00,4.69,3.13,0.10,5.90
2010-09-01,3.30,3.21,3.31,3.16,131266,87002454.00,4.55,-2.73,-0.09,4.05
2010-09-02,3.24,3.54,3.54,3.24,614184,438531862.00,9.35,10.28,0.33,18.93
2010-09-03,3.60,3.61,3.85,3.41,667392,492440618.00,12.43,1.98,0.07,20.57
2010-09-06,3.65,3.74,3.85,3.59,596490,455740168.00,7.20,3.60,0.13,18.39
2010-09-07,3.74,3.65,3.79,3.58,397774,301662637.00,5.61,-2.41,-0.09,12.26
2010-09-08,3.61,3.75,3.81,3.52,366620,274814429.00,7.95,2.74,0.10,11.30
2010-09-09,3.75,3.65,3.83,3.63,328403,250979889.00,5.33,-2.67,-0.10,10.12
2010-09-10,3.70,3.64,3.70,3.57,182217,135346304.00,3.56,-0.27,-0.01,5.62
2010-09-13,3.62,3.65,3.65,3.56,163132,120720712.00,2.47,0.27,0.01,5.03
2010-09-14,3.67,3.63,3.67,3.57,128317,95326697.00,2.74,-0.55,-0.02,3.96
2010-09-15,3.63,3.48,3.63,3.47,136730,99231048.00,4.41,-4.13,-0.15,4.21
2010-09-16,3.48,3.34,3.52,3.26,130654,91097223.00,7.47,-4.02,-0.14,4.03
2010-09-17,3.34,3.36,3.46,3.34,83008,57989179.00,3.59,0.60,0.02,2.56
2010-09-20,3.38,3.40,3.45,3.36,59726,41722742.00,2.68,1.19,0.04,1.84
2010-09-21,3.42,3.38,3.46,3.35,38502,26810325.00,3.24,-0.59,-0.02,1.19
2010-09-27,3.42,3.46,3.49,3.37,62826,44222669.00,3.55,2.37,0.08,1.94
2010-09-28,3.46,3.51,3.54,3.43,86775,62399736.00,3.18,1.45,0.05,2.67
2010-09-29,3.51,3.57,3.63,3.46,134329,98219803.00,4.84,1.71,0.06,4.14
2010-09-30,3.55,3.56,3.60,3.52,73108,53292020.00,2.24,-0.28,-0.01,2.25
2010-10-08,3.55,3.57,3.64,3.55,113015,83140963.00,2.53,0.28,0.01,3.48
2010-10-11,3.57,3.52,3.57,3.49,129940,94022038.00,2.24,-1.40,-0.05,4.01
2010-10-12,3.54,3.48,3.55,3.47,102950,73934177.00,2.27,-1.14,-0.04,3.17
2010-10-13,3.48,3.50,3.58,3.47,146702,105723192.00,3.16,0.57,0.02,4.52
2010-10-14,3.51,3.32,3.55,3.31,153344,106976650.00,6.86,-5.14,-0.18,4.73
2010-10-15,3.31,3.29,3.36,3.21,115776,78109270.00,4.52,-0.90,-0.03,3.57
2010-10-18,3.29,3.19,3.29,3.16,104427,68704882.00,3.95,-3.04,-0.10,3.22
2010-10-19,3.19,3.36,3.36,3.17,90641,61203076.00,5.96,5.33,0.17,2.79
2010-10-20,3.33,3.40,3.43,3.26,114026,79080274.00,5.06,1.19,0.04,3.51
2010-10-21,3.40,3.53,3.58,3.37,187346,134888119.00,6.18,3.82,0.13,5.78
2010-10-22,3.56,3.52,3.56,3.44,101269,72618723.00,3.40,-0.28,-0.01,3.12
2010-10-25,3.48,3.61,3.70,3.47,278726,205394272.00,6.53,2.56,0.09,8.59
2010-10-26,3.60,3.62,3.69,3.54,259757,191696300.00,4.16,0.28,0.01,8.01
2010-10-27,3.67,3.56,3.67,3.52,253804,187853778.00,4.14,-1.66,-0.06,7.82
2010-10-28,3.59,3.59,3.68,3.48,185563,135947992.00,5.62,0.84,0.03,5.72
2010-10-29,3.58,3.59,3.64,3.49,219054,160908269.00,4.18,0.00,0.00,6.75
2010-11-01,3.61,3.59,3.66,3.55,177185,130336114.00,3.06,0.00,0.00,5.46
2010-11-02,3.60,3.51,3.62,3.50,150212,108768644.00,3.34,-2.23,-0.08,4.63
2010-11-03,3.48,3.44,3.51,3.43,99604,70785818.00,2.28,-1.99,-0.07,3.07
2010-11-04,3.44,3.51,3.52,3.41,78562,56097708.00,3.20,2.03,0.07,2.42
2010-11-05,3.51,3.52,3.53,3.47,110270,79192211.00,1.71,0.28,0.01,3.40
2010-11-08,3.53,3.61,3.65,3.52,183877,135886968.00,3.69,2.56,0.09,5.67
2010-11-09,3.62,3.69,3.70,3.58,249084,185660021.00,3.32,2.22,0.08,7.68
2010-11-10,3.70,3.81,3.83,3.61,328631,250573400.00,5.96,3.25,0.12,10.13
2010-11-11,3.76,3.64,3.84,3.63,265965,205077868.00,5.51,-4.46,-0.17,8.20
2010-11-12,3.62,3.46,3.76,3.44,228393,168725164.00,8.79,-4.95,-0.18,7.04
2010-11-15,3.47,3.60,3.62,3.44,120617,87317694.00,5.20,4.05,0.14,3.72
2010-11-16,3.60,3.97,3.97,3.56,695088,549881394.00,11.39,10.28,0.37,21.43
2010-11-17,3.91,3.57,3.95,3.57,438879,334954539.00,9.57,-10.08,-0.40,13.53
2010-11-18,3.49,3.66,3.67,3.39,232979,168581007.00,7.84,2.52,0.09,7.18
2010-11-19,3.65,3.70,3.74,3.54,197818,147755716.00,5.46,1.09,0.04,6.10
2010-11-22,3.63,3.71,3.78,3.62,209064,159349035.00,4.32,0.27,0.01,6.44
2010-11-23,3.70,3.54,3.70,3.50,138863,101664728.00,5.39,-4.58,-0.17,4.28
2010-11-24,3.51,3.64,3.65,3.48,118020,86976530.00,4.80,2.82,0.10,3.64
2010-11-25,3.64,3.68,3.74,3.62,136543,103265780.00,3.30,1.10,0.04,4.21
2010-11-26,3.70,3.83,3.90,3.66,281498,217369777.00,6.52,4.08,0.15,8.68
2010-11-29,3.81,4.10,4.21,3.77,537687,444861977.00,11.49,7.05,0.27,16.57
2010-11-30,4.06,3.98,4.11,3.78,344806,278059151.00,8.05,-2.93,-0.12,10.63
2010-12-01,3.93,4.23,4.36,3.91,505616,437367862.00,11.31,6.28,0.25,15.59
2010-12-02,4.26,4.31,4.33,4.12,431174,373476453.00,4.96,1.89,0.08,13.29
2010-12-03,4.26,4.07,4.30,4.04,264768,224016394.00,6.03,-5.57,-0.24,8.16
2010-12-06,4.03,3.97,4.14,3.93,155542,127773520.00,5.16,-2.46,-0.10,4.79
2010-12-07,3.97,4.01,4.03,3.83,127151,102384192.00,5.04,1.01,0.04,3.92
2010-12-08,3.96,3.93,4.08,3.92,124099,101640959.00,3.99,-2.00,-0.08,3.83
2010-12-09,3.90,3.73,3.90,3.71,137741,107477434.00,4.83,-5.09,-0.20,4.25
2010-12-10,3.69,3.80,3.81,3.66,80381,62097853.00,4.02,1.88,0.07,2.48
2010-12-13,3.83,3.93,3.97,3.83,98073,78380066.00,3.68,3.42,0.13,3.02
2010-12-14,3.93,3.95,3.98,3.87,108805,87258453.00,2.80,0.51,0.02,3.35
2010-12-15,3.96,3.86,3.96,3.84,101060,80585333.00,3.04,-2.28,-0.09,3.12
2010-12-16,3.86,4.03,4.06,3.85,182935,149609459.00,5.44,4.40,0.17,5.64
2010-12-17,4.00,4.03,4.06,3.96,103122,84693267.00,2.48,0.00,0.00,3.18
2010-12-20,4.02,3.92,4.09,3.71,135498,109379161.00,9.43,-2.73,-0.11,4.18
2010-12-21,3.91,3.96,3.98,3.85,91057,72932544.00,3.32,1.02,0.04,2.81
2010-12-22,3.94,3.87,3.98,3.86,83489,66813247.00,3.03,-2.27,-0.09,2.57
2010-12-23,3.86,3.76,3.86,3.71,97479,75587706.00,3.88,-2.84,-0.11,3.00
2010-12-24,3.75,3.71,3.77,3.67,57163,43482213.00,2.66,-1.33,-0.05,1.76
2010-12-27,3.72,3.56,3.80,3.56,76285,57785802.00,6.47,-4.04,-0.15,2.35
2010-12-28,3.55,3.41,3.56,3.36,96608,68231964.00,5.62,-4.21,-0.15,2.98
2010-12-29,3.42,3.47,3.48,3.37,37017,26007021.00,3.23,1.76,0.06,1.14
2010-12-30,3.47,3.44,3.47,3.38,39879,28039111.00,2.59,-0.86,-0.03,1.23
2010-12-31,3.42,3.66,3.80,3.42,82359,60326661.00,11.05,6.40,0.22,2.54
2011-01-04,3.64,3.85,3.87,3.59,126562,96942649.00,7.65,5.19,0.19,3.90
2011-01-05,3.83,3.81,3.94,3.77,169550,132880618.00,4.42,-1.04,-0.04,5.23
2011-01-06,3.82,3.73,3.89,3.72,77485,59653416.00,4.46,-2.10,-0.08,2.39
2011-01-07,3.73,3.67,3.73,3.63,58304,43929496.00,2.68,-1.61,-0.06,1.80
2011-01-10,3.64,3.60,3.70,3.59,39757,29717636.00,3.00,-1.91,-0.07,1.23
2011-01-11,3.56,3.62,3.63,3.52,36401,26690068.00,3.06,0.56,0.02,1.12
2011-01-12,3.62,3.63,3.68,3.57,30086,22308594.00,3.04,0.28,0.01,0.93
2011-01-13,3.67,3.57,3.67,3.56,28106,20713541.00,3.03,-1.65,-0.06,0.87
2011-01-14,3.57,3.48,3.61,3.47,30651,22105323.00,3.92,-2.52,-0.09,0.94
2011-01-17,3.47,3.38,3.47,3.37,44080,30881353.00,2.87,-2.87,-0.10,1.36
2011-01-18,3.38,3.42,3.44,3.34,30240,21166023.00,2.96,1.18,0.04,0.93
2011-01-19,3.42,3.49,3.52,3.40,36245,25799202.00,3.51,2.05,0.07,1.12
2011-01-20,3.49,3.33,3.49,3.33,46954,32763967.00,4.58,-4.58,-0.16,1.45
2011-01-21,3.33,3.37,3.43,3.31,30553,21199298.00,3.60,1.20,0.04,0.94
2011-01-24,3.36,3.31,3.39,3.31,24810,17029424.00,2.37,-1.78,-0.06,0.76
2011-01-25,3.30,3.31,3.34,3.25,22450,15172049.00,2.72,0.00,0.00,0.69
2011-01-26,3.33,3.36,3.37,3.31,17152,11814417.00,1.81,1.51,0.05,0.53
2011-01-27,3.34,3.38,3.40,3.31,28236,19549984.00,2.68,0.60,0.02,0.87
2011-01-28,3.38,3.44,3.48,3.38,25878,18305546.00,2.96,1.78,0.06,0.80
2011-01-31,3.44,3.45,3.48,3.38,29947,21127954.00,2.91,0.29,0.01,0.92
2011-02-01,3.46,3.43,3.49,3.42,22533,15947227.00,2.03,-0.58,-0.02,0.69
2011-02-09,3.42,3.39,3.45,3.38,27305,19133586.00,2.04,-1.17,-0.04,0.84
2011-02-10,3.38,3.46,3.47,3.33,39900,28008716.00,4.13,2.06,0.07,1.23
2011-02-11,3.46,3.49,3.51,3.45,39155,27977745.00,1.73,0.87,0.03,1.21
2011-02-14,3.48,3.54,3.56,3.46,51622,37356937.00,2.87,1.43,0.05,1.59
2011-02-15,3.54,3.55,3.61,3.53,68300,49981878.00,2.26,0.28,0.01,2.11
2011-02-16,3.55,3.60,3.61,3.53,52916,38793341.00,2.25,1.41,0.05,1.63
2011-02-17,3.61,3.56,3.61,3.51,52920,38660935.00,2.78,-1.11,-0.04,1.63
2011-02-18,3.56,3.50,3.57,3.50,43518,31442104.00,1.97,-1.69,-0.06,1.34
2011-02-21,3.48,3.56,3.57,3.46,43937,31897062.00,3.14,1.71,0.06,1.35
2011-02-22,3.56,3.49,3.60,3.48,52224,37866029.00,3.37,-1.97,-0.07,1.61
2011-02-23,3.46,3.53,3.56,3.45,45212,32514068.00,3.15,1.15,0.04,1.39
2011-02-24,3.53,3.64,3.64,3.53,82694,60977864.00,3.12,3.12,0.11,2.55
2011-02-25,3.64,3.61,3.64,3.56,45031,33248592.00,2.20,-0.82,-0.03,1.39
2011-02-28,3.61,3.68,3.69,3.57,64446,48373973.00,3.32,1.94,0.07,1.99
2011-03-01,3.68,3.64,3.68,3.61,76807,57351549.00,1.90,-1.09,-0.04,2.37
2011-03-02,3.62,3.76,3.81,3.56,147559,111999936.00,6.87,3.30,0.12,4.55
2011-03-03,3.78,3.76,3.80,3.70,131740,101265212.00,2.66,0.00,0.00,4.06
2011-03-04,3.76,3.94,4.01,3.72,191163,151244040.00,7.71,4.79,0.18,5.89
2011-03-07,3.91,3.94,4.13,3.88,256052,206406141.00,6.35,0.00,0.00,7.89
2011-03-08,3.90,3.86,3.98,3.81,127069,100302335.00,4.31,-2.03,-0.08,3.92
2011-03-09,3.86,3.81,3.88,3.77,94931,73851446.00,2.85,-1.30,-0.05,2.93
2011-03-10,3.81,3.80,3.85,3.76,68936,53741713.00,2.36,-0.26,-0.01,2.13
2011-03-11,3.78,3.71,3.82,3.71,72940,56311206.00,2.89,-2.37,-0.09,2.25
2011-03-14,3.70,3.74,3.75,3.70,53827,41098057.00,1.35,0.81,0.03,1.66
2011-03-15,3.72,3.62,3.72,3.56,78106,58121301.00,4.28,-3.21,-0.12,2.41
2011-03-16,3.62,3.68,3.69,3.59,64776,48415591.00,2.76,1.66,0.06,2.00
2011-03-17,3.65,3.55,3.67,3.55,61518,45598406.00,3.26,-3.53,-0.13,1.90
2011-03-18,3.60,3.60,3.62,3.58,36432,26888428.00,1.13,1.41,0.05,1.12
2011-03-21,3.59,3.63,3.64,3.59,33406,24776272.00,1.39,0.83,0.03,1.03
2011-03-22,3.64,3.66,3.67,3.61,50220,37583061.00,1.65,0.83,0.03,1.55
2011-03-23,3.66,3.69,3.69,3.64,44284,33351410.00,1.37,0.82,0.03,1.37
2011-03-24,3.69,3.65,3.71,3.64,52134,39249238.00,1.90,-1.08,-0.04,1.61
2011-03-25,3.66,3.66,3.68,3.64,56736,42531450.00,1.10,0.27,0.01,1.75
2011-03-28,3.66,3.62,3.68,3.61,68839,51285710.00,1.91,-1.09,-0.04,2.12
2011-03-29,3.62,3.63,3.67,3.59,56977,42366546.00,2.21,0.28,0.01,1.76
2011-03-30,3.63,3.57,3.63,3.55,51325,37666977.00,2.20,-1.65,-0.06,1.58
2011-03-31,3.59,3.56,3.63,3.56,36433,26833319.00,1.96,-0.28,-0.01,1.12
2011-04-01,3.58,3.60,3.61,3.54,40829,29878260.00,1.97,1.12,0.04,1.26
2011-04-06,3.59,3.60,3.61,3.54,49613,36346437.00,1.94,0.00,0.00,1.53
2011-04-07,3.60,3.64,3.67,3.59,70836,52889528.00,2.22,1.11,0.04,2.18
2011-04-08,3.64,3.68,3.69,3.60,72059,53899949.00,2.47,1.10,0.04,2.22
2011-04-11,3.68,3.69,3.78,3.64,124016,94597913.00,3.80,0.27,0.01,3.82
2011-04-12,3.68,3.67,3.71,3.63,73646,55457583.00,2.17,-0.54,-0.02,2.27
2011-04-13,3.66,3.68,3.68,3.61,47257,35336393.00,1.91,0.27,0.01,1.46
2011-04-14,3.68,3.64,3.69,3.62,50655,37892022.00,1.90,-1.09,-0.04,1.56
2011-04-15,3.64,3.61,3.65,3.59,48292,35728964.00,1.65,-0.82,-0.03,1.49
2011-04-19,3.60,3.65,3.67,3.59,66061,49206103.00,2.22,1.11,0.04,2.04
2011-04-20,3.68,3.72,3.74,3.64,123341,93788986.00,2.74,1.92,0.07,3.80
2011-04-21,3.75,3.71,3.75,3.68,71788,54670860.00,1.88,-0.27,-0.01,2.21
2011-04-22,3.70,3.79,3.85,3.70,144365,111945521.00,4.04,2.16,0.08,4.45
2011-04-25,3.77,3.85,3.88,3.73,153972,120606863.00,3.96,1.58,0.06,4.75
2011-04-26,3.83,3.74,3.83,3.66,82502,62727394.00,4.42,-2.86,-0.11,2.54
2011-04-27,3.74,3.79,3.84,3.73,100643,77637353.00,2.94,1.34,0.05,3.10
2011-04-28,3.79,3.64,3.89,3.63,120258,92233351.00,6.86,-3.96,-0.15,3.71
2011-04-29,3.60,3.73,3.74,3.40,108112,78350261.00,9.34,2.47,0.09,3.33
2011-05-03,3.68,3.88,3.88,3.65,142042,109892412.00,6.17,4.02,0.15,4.38
2011-05-04,3.83,3.81,3.92,3.79,196114,153546266.00,3.35,-1.80,-0.07,6.05
2011-05-05,3.82,3.89,3.95,3.81,189766,150074823.00,3.67,2.10,0.08,5.85
2011-05-06,3.89,3.94,3.99,3.79,198113,157135509.00,5.14,1.29,0.05,4.35
2011-05-09,3.94,4.01,4.06,3.89,267288,216499965.00,4.31,1.78,0.07,5.87
2011-05-10,4.02,4.02,4.06,3.97,254621,207244059.00,2.24,0.25,0.01,5.59
2011-05-11,4.03,3.95,4.09,3.87,437434,350765930.00,5.47,-1.74,-0.07,9.60
2011-05-12,3.94,3.95,4.00,3.89,297802,239050332.00,2.78,0.00,0.00,6.54
2011-05-13,3.98,4.09,4.11,3.88,434958,354886561.00,5.82,3.54,0.14,9.55
2011-05-16,4.13,4.09,4.16,4.03,254134,211190770.00,3.18,0.00,0.00,5.58
2011-05-17,4.13,4.00,4.14,3.95,328018,269948838.00,4.65,-2.20,-0.09,7.20
2011-05-18,4.01,4.02,4.06,3.91,243072,196671516.00,3.75,0.50,0.02,5.34
2011-05-19,4.02,3.86,4.05,3.85,231102,185311404.00,4.98,-3.98,-0.16,5.07
2011-05-20,3.81,3.81,3.86,3.75,135341,104387358.00,2.85,-1.30,-0.05,2.97
2011-05-23,3.81,3.60,3.88,3.59,134773,102285010.00,7.61,-5.51,-0.21,2.96
2011-05-24,3.60,3.58,3.61,3.50,80106,57921080.00,3.06,-0.56,-0.02,1.76
2011-05-25,3.58,3.50,3.61,3.49,52554,37957999.00,3.35,-2.23,-0.08,1.15
2011-05-26,3.53,3.49,3.57,3.48,51292,36628813.00,2.57,-0.29,-0.01,1.13
2011-05-27,3.48,3.46,3.52,3.44,46398,32883565.00,2.29,-0.86,-0.03,1.02
2011-05-30,3.44,3.34,3.44,3.33,51861,35658386.00,3.18,-3.47,-0.12,1.14
2011-05-31,3.34,3.50,3.55,3.34,62609,43907026.00,6.29,4.79,0.16,1.37
2011-06-01,3.48,3.51,3.53,3.48,29980,21382416.00,1.43,0.29,0.01,0.66
2011-06-02,3.48,3.33,3.48,3.28,91955,62744406.00,5.70,-5.13,-0.18,2.02
2011-06-03,3.33,3.37,3.40,3.31,36725,25189614.00,2.70,1.20,0.04,0.81
2011-06-07,3.37,3.39,3.41,3.35,29277,20154810.00,1.78,0.59,0.02,0.64
2011-06-08,3.39,3.41,3.42,3.32,38633,26487503.00,2.95,0.59,0.02,0.85
2011-06-09,3.43,3.36,3.49,3.36,58409,40726266.00,3.81,-1.47,-0.05,1.28
2011-06-10,3.36,3.33,3.37,3.29,43554,29574118.00,2.38,-0.89,-0.03,0.96
2011-06-13,3.32,3.37,3.39,3.29,24648,16794390.00,3.00,1.20,0.04,0.54
2011-06-14,3.38,3.41,3.45,3.36,37734,26216070.00,2.67,1.19,0.04,0.83
2011-06-15,3.41,3.37,3.47,3.36,33222,23042381.00,3.23,-1.17,-0.04,0.73
2011-06-16,3.34,3.29,3.35,3.29,38346,25788527.00,1.78,-2.37,-0.08,0.84
2011-06-17,3.29,3.23,3.34,3.22,32329,21617090.00,3.65,-1.82,-0.06,0.71
2011-06-20,3.24,3.16,3.27,3.13,30760,19845635.00,4.33,-2.17,-0.07,0.68
2011-06-21,3.16,3.22,3.22,3.15,28693,18616374.00,2.22,1.90,0.06,0.63
2011-06-22,3.22,3.16,3.22,3.15,23569,15278024.00,2.17,-1.86,-0.06,0.52
2011-06-23,3.16,3.25,3.28,3.15,38188,25138770.00,4.11,2.85,0.09,0.84
2011-06-24,3.25,3.32,3.34,3.24,57149,38442305.00,3.08,2.15,0.07,1.25
2011-06-27,3.32,3.33,3.38,3.31,41510,28231103.00,2.11,0.30,0.01,0.91
2011-06-28,3.31,3.38,3.39,3.29,50470,34213511.00,3.00,1.50,0.05,1.11
2011-06-29,3.38,3.30,3.38,3.29,57631,39137662.00,2.66,-2.37,-0.08,1.27
2011-06-30,3.30,3.35,3.37,3.28,40159,27283764.00,2.73,1.52,0.05,0.88
2011-07-01,3.38,3.35,3.38,3.34,31844,21742561.00,1.19,0.00,0.00,0.70
2011-07-04,3.37,3.41,3.43,3.34,59599,41123034.00,2.69,1.79,0.06,1.31
2011-07-05,3.41,3.41,3.42,3.37,55948,38614664.00,1.47,0.00,0.00,1.23
2011-07-06,3.39,3.38,3.39,3.33,53757,36786767.00,1.76,-0.88,-0.03,1.18
2011-07-07,3.41,3.41,3.45,3.37,71085,49355053.00,2.37,0.89,0.03,1.56
2011-07-08,3.41,3.36,3.41,3.35,46166,31710125.00,1.76,-1.47,-0.05,1.01
2011-07-11,3.37,3.38,3.39,3.35,36222,24838941.00,1.19,0.60,0.02,0.80
2011-07-12,3.34,3.27,3.34,3.27,62984,42217889.00,2.07,-3.25,-0.11,1.38
2011-07-13,3.27,3.36,3.38,3.27,60662,41196244.00,3.36,2.75,0.09,1.33
2011-07-15,3.38,3.43,3.44,3.36,78624,54506097.00,2.38,2.08,0.07,1.73
2011-07-18,3.43,3.41,3.46,3.38,47666,33028217.00,2.33,-0.58,-0.02,1.05
2011-07-19,3.41,3.37,3.41,3.36,32316,22167072.00,1.47,-1.17,-0.04,0.71
2011-07-20,3.39,3.44,3.45,3.37,79815,55544207.00,2.37,2.08,0.07,1.75
2011-07-21,3.42,3.36,3.43,3.36,38651,26615349.00,2.03,-2.33,-0.08,0.85
2011-07-22,3.38,3.38,3.42,3.37,30412,20981654.00,1.49,0.60,0.02,0.67
2011-07-26,3.24,3.25,3.28,3.19,44143,29061337.00,2.66,-3.85,-0.13,0.97
2011-07-27,3.24,3.30,3.31,3.20,42067,27818625.00,3.38,1.54,0.05,0.92
2011-07-28,3.25,3.22,3.26,3.19,34783,22850003.00,2.12,-2.42,-0.08,0.76
2011-07-29,3.22,3.24,3.27,3.20,32328,21331179.00,2.17,0.62,0.02,0.71
2011-08-01,3.21,3.26,3.26,3.21,20374,13462885.00,1.54,0.62,0.02,0.45
2011-08-02,3.24,3.20,3.24,3.15,29763,19289131.00,2.76,-1.84,-0.06,0.65
2011-08-03,3.18,3.28,3.29,3.16,48782,32209349.00,4.06,2.50,0.08,1.07
2011-08-04,3.27,3.47,3.51,3.27,152516,105507389.00,7.32,5.79,0.19,3.35
2011-08-05,3.38,3.42,3.57,3.34,223222,156701999.00,6.63,-1.44,-0.05,4.90
2011-08-08,3.33,3.17,3.43,3.08,120811,79881856.00,10.23,-7.31,-0.25,2.65
2011-08-09,3.06,3.14,3.19,2.98,58861,37149338.00,6.62,-0.95,-0.03,1.29
2011-08-10,3.22,3.15,3.24,3.14,48577,31549191.00,3.18,0.32,0.01,1.07
2011-08-11,3.09,3.23,3.25,3.07,59345,38512579.00,5.71,2.54,0.08,1.30
2011-08-12,3.24,3.24,3.30,3.23,46751,31072254.00,2.17,0.31,0.01,1.03
2011-08-15,3.26,3.29,3.32,3.22,47249,31441592.00,3.09,1.54,0.05,1.04
2011-08-16,3.29,3.34,3.35,3.24,69478,46882782.00,3.34,1.52,0.05,1.53
2011-08-17,3.23,3.15,3.25,3.13,114687,74315981.00,3.59,-5.69,-0.19,2.52
2011-08-18,3.15,3.07,3.15,3.07,54048,34162018.00,2.54,-2.54,-0.08,1.19
2011-08-19,3.01,3.05,3.06,3.00,28411,17581421.00,1.95,-0.65,-0.02,0.62
2011-08-22,3.06,3.02,3.08,3.01,24712,15328615.00,2.30,-0.98,-0.03,0.54
2011-08-23,3.04,3.09,3.11,3.01,25195,15683335.00,3.31,2.32,0.07,0.55
2011-08-24,3.11,3.06,3.12,3.04,34353,21565941.00,2.59,-0.97,-0.03,0.75
2011-08-25,3.09,3.11,3.13,3.04,45917,28888968.00,2.94,1.63,0.05,1.01
2011-08-26,3.11,3.11,3.15,3.08,38269,24241096.00,2.25,0.00,0.00,0.84
2011-08-29,3.10,3.05,3.10,3.03,35984,22467409.00,2.25,-1.93,-0.06,0.79
2011-08-30,3.06,3.01,3.08,3.01,40574,25148820.00,2.30,-1.31,-0.04,0.89
2011-08-31,3.01,3.03,3.04,2.98,30231,18547780.00,1.99,0.66,0.02,0.66
2011-09-01,3.04,3.02,3.05,3.01,19716,12162592.00,1.32,-0.33,-0.01,0.43
2011-09-02,3.02,2.93,3.02,2.92,34446,20795500.00,3.31,-2.98,-0.09,0.76
2011-09-05,2.89,2.79,2.92,2.76,34295,19688419.00,5.46,-4.78,-0.14,0.75
2011-09-06,2.77,2.79,2.80,2.74,12572,7133255.00,2.15,0.00,0.00,0.28
2011-09-07,2.80,2.83,2.84,2.79,15528,8920921.00,1.79,1.43,0.04,0.34
2011-09-08,2.83,2.77,2.86,2.77,24470,13989433.00,3.18,-2.12,-0.06,0.54
2011-09-09,2.78,2.77,2.83,2.75,11331,6424858.00,2.89,0.00,0.00,0.25
2011-09-13,2.73,2.72,2.73,2.69,11380,6303899.00,1.44,-1.81,-0.05,0.25
2011-09-14,2.72,2.76,2.76,2.70,13038,7276289.00,2.21,1.47,0.04,0.29
2011-09-15,2.76,3.02,3.04,2.75,124606,74404132.00,10.51,9.42,0.26,2.74
2011-09-16,2.97,3.08,3.13,2.97,98510,61033157.00,5.30,1.99,0.06,2.16
2011-09-19,3.07,3.02,3.22,2.97,196369,122079876.00,8.12,-1.95,-0.06,4.31
2011-09-20,2.98,3.05,3.09,2.95,88091,53765240.00,4.64,0.99,0.03,1.93
2011-09-21,2.99,3.04,3.07,2.97,125549,76990998.00,3.28,-0.33,-0.01,2.76
2011-09-22,2.99,2.84,3.03,2.84,64020,38312992.00,6.25,-6.58,-0.20,1.41
2011-09-23,2.79,2.80,2.84,2.74,31227,17795285.00,3.52,-1.41,-0.04,0.69
2011-09-26,2.79,2.80,2.86,2.76,23846,13648389.00,3.57,0.00,0.00,0.52
2011-09-27,2.82,2.81,2.84,2.79,20853,11965076.00,1.79,0.36,0.01,0.46
2011-09-28,2.82,2.74,2.84,2.69,21042,11941918.00,5.34,-2.49,-0.07,0.46
2011-09-29,2.72,2.58,2.73,2.58,27340,14879607.00,5.47,-5.84,-0.16,0.60
2011-09-30,2.59,2.61,2.62,2.53,16188,8572531.00,3.49,1.16,0.03,0.36
2011-10-10,2.63,2.58,2.63,2.56,8372,4441081.00,2.68,-1.15,-0.03,0.18
2011-10-12,2.59,2.65,2.66,2.52,22498,12041470.00,5.43,2.71,0.07,0.49
2011-10-13,2.65,2.65,2.68,2.63,22299,12129970.00,1.89,0.00,0.00,0.49
2011-10-14,2.64,2.64,2.67,2.62,14632,7887431.00,1.89,-0.38,-0.01,0.32
2011-10-17,2.67,2.65,2.67,2.63,11483,6208958.00,1.52,0.38,0.01,0.25
2011-10-18,2.65,2.55,2.65,2.54,17669,9284151.00,4.15,-3.77,-0.10,0.39
2011-10-19,2.55,2.53,2.57,2.52,11933,6190221.00,1.96,-0.78,-0.02,0.26
2011-10-20,2.54,2.45,2.54,2.44,18050,9086688.00,3.95,-3.16,-0.08,0.40
2011-10-21,2.45,2.43,2.46,2.40,14686,7316553.00,2.45,-0.82,-0.02,0.32
2011-10-24,2.44,2.45,2.47,2.38,13409,6683488.00,3.70,0.82,0.02,0.29
2011-10-25,2.46,2.50,2.50,2.42,45368,22864056.00,3.27,2.04,0.05,1.00
2011-10-26,2.48,2.51,2.53,2.47,39254,20066826.00,2.40,0.40,0.01,0.86
2011-10-27,2.53,2.51,2.58,2.51,27997,14490653.00,2.79,0.00,0.00,0.61
2011-10-28,2.54,2.56,2.60,2.54,53476,28097341.00,2.39,1.99,0.05,1.17
2011-10-31,2.54,2.74,2.78,2.54,90361,48911538.00,9.38,7.03,0.18,1.98
2011-11-01,2.69,2.67,2.73,2.66,87215,48175420.00,2.55,-2.55,-0.07,1.91
2011-11-02,2.59,2.66,2.67,2.53,40165,21377778.00,5.24,-0.37,-0.01,0.88
2011-11-03,2.65,2.65,2.71,2.64,48851,26762255.00,2.63,-0.38,-0.01,1.07
2011-11-04,2.65,2.65,2.67,2.63,23901,12937720.00,1.51,0.00,0.00,0.52
2011-11-07,2.65,2.68,2.73,2.64,42087,23184618.00,3.40,1.13,0.03,0.92
2011-11-08,2.68,2.60,2.70,2.59,19813,10693475.00,4.10,-2.99,-0.08,0.43
2011-11-09,2.61,2.63,2.64,2.55,17791,9461700.00,3.46,1.15,0.03,0.39
2011-11-10,2.60,2.57,2.61,2.56,26780,14148201.00,1.90,-2.28,-0.06,0.59
2011-11-11,2.57,2.61,2.65,2.56,17048,9066983.00,3.50,1.56,0.04,0.37
2011-11-14,2.62,2.73,2.75,2.62,52174,28739126.00,4.98,4.60,0.12,1.15
2011-11-15,2.72,2.70,2.73,2.67,54101,29772888.00,2.20,-1.10,-0.03,1.19
2011-11-16,2.68,2.59,2.69,2.57,30340,16295926.00,4.44,-4.07,-0.11,0.67
2011-11-17,2.58,2.59,2.62,2.58,13533,7175832.00,1.54,0.00,0.00,0.30
2011-11-18,2.59,2.55,2.62,2.53,18998,9929782.00,3.47,-1.54,-0.04,0.42
2011-11-21,2.55,2.56,2.57,2.52,11894,6181399.00,1.96,0.39,0.01,0.26
2011-11-22,2.52,2.56,2.57,2.52,10781,5607299.00,1.95,0.00,0.00,0.24
2011-11-23,2.56,2.54,2.57,2.53,8105,4214970.00,1.56,-0.78,-0.02,0.18
2011-11-25,2.54,2.49,2.54,2.46,20105,10237259.00,3.15,-1.97,-0.05,0.44
2011-11-28,2.55,2.58,2.59,2.50,23594,12311976.00,3.61,3.61,0.09,0.52
2011-11-29,2.59,2.58,2.63,2.54,29389,15532342.00,3.49,0.00,0.00,0.65
2011-11-30,2.58,2.47,2.58,2.44,20647,10523111.00,5.43,-4.26,-0.11,0.45
2011-12-01,2.54,2.49,2.56,2.49,31316,16139407.00,2.83,0.81,0.02,0.69
2011-12-02,2.49,2.41,2.49,2.40,16169,8044376.00,3.61,-3.21,-0.08,0.35
2011-12-05,2.39,2.35,2.42,2.35,9437,4598799.00,2.90,-2.49,-0.06,0.21
2011-12-06,2.34,2.37,2.38,2.32,9917,4776878.00,2.55,0.85,0.02,0.22
2011-12-07,2.39,2.37,2.39,2.35,5082,2465173.00,1.69,0.00,0.00,0.11
2011-12-08,2.35,2.35,2.38,2.32,11994,5782228.00,2.53,-0.84,-0.02,0.26
2011-12-09,2.33,2.31,2.36,2.28,9896,4708333.00,3.40,-1.70,-0.04,0.22
2011-12-12,2.32,2.23,2.32,2.23,12190,5652760.00,3.90,-3.46,-0.08,0.27
2011-12-13,2.24,2.10,2.24,2.09,15830,6981147.00,6.73,-5.83,-0.13,0.35
2011-12-14,2.10,2.02,2.12,2.02,12085,5159428.00,4.76,-3.81,-0.08,0.27
2011-12-15,2.03,1.94,2.03,1.93,14967,6054136.00,4.95,-3.96,-0.08,0.33
2011-12-16,1.96,1.99,1.99,1.91,9928,3987804.00,4.12,2.58,0.05,0.22
2011-12-19,1.98,2.03,2.03,1.94,15286,6259969.00,4.52,2.01,0.04,0.34
2011-12-20,1.99,2.00,2.04,1.99,15010,6236298.00,2.46,-1.48,-0.03,0.33
2011-12-21,2.03,2.00,2.06,1.99,15201,6331109.00,3.50,0.00,0.00,0.33
2011-12-22,1.97,1.94,1.98,1.89,17081,6771321.00,4.50,-3.00,-0.06,0.37
2011-12-23,1.93,1.96,1.99,1.93,8437,3408130.00,3.09,1.03,0.02,0.19
2011-12-26,1.94,1.97,2.00,1.94,7576,3082896.00,3.06,0.51,0.01,0.17
2011-12-27,1.96,1.97,2.00,1.96,9766,3973191.00,2.03,0.00,0.00,0.21
2011-12-28,1.96,1.98,1.98,1.91,10623,4238428.00,3.55,0.51,0.01,0.23
2011-12-29,1.97,1.98,2.00,1.94,9608,3919338.00,3.03,0.00,0.00,0.21
2011-12-30,1.96,2.01,2.04,1.96,13338,5529493.00,4.04,1.52,0.03,0.29
2012-01-05,1.94,1.86,1.96,1.86,11691,4607525.00,4.98,-7.46,-0.15,0.26
2012-01-06,1.84,1.79,1.86,1.71,31016,11343188.00,8.06,-3.76,-0.07,0.68
2012-01-09,1.78,1.86,1.87,1.75,21869,8249164.00,6.70,3.91,0.07,0.48
2012-01-10,1.86,1.96,1.96,1.86,34277,13511616.00,5.38,5.38,0.10,0.75
2012-01-11,1.96,1.97,2.00,1.95,34744,14069294.00,2.55,0.51,0.01,0.76
2012-01-12,1.97,1.98,2.04,1.96,41492,17061538.00,4.06,0.51,0.01,0.91
2012-01-13,2.00,1.89,2.01,1.87,29043,11514269.00,7.07,-4.55,-0.09,0.64
2012-01-16,1.89,1.83,1.93,1.83,10508,4083205.00,5.29,-3.17,-0.06,0.23
2012-01-17,1.79,1.94,1.94,1.79,20003,7789127.00,8.20,6.01,0.11,0.44
2012-01-18,1.94,1.93,1.98,1.91,13954,5559465.00,3.61,-0.52,-0.01,0.31
2012-01-19,1.90,1.91,1.95,1.87,13716,5418069.00,4.15,-1.04,-0.02,0.30
2012-01-20,1.91,1.96,1.96,1.89,14810,5908374.00,3.66,2.62,0.05,0.33
2012-01-30,1.97,1.94,1.98,1.94,8188,3285800.00,2.04,-1.02,-0.02,0.18
2012-01-31,1.94,1.94,1.94,1.91,7254,2877984.00,1.55,0.00,0.00,0.16
2012-02-01,1.92,1.91,1.95,1.91,7502,2973158.00,2.06,-1.55,-0.03,0.16
2012-02-02,1.90,1.94,1.94,1.90,6715,2668978.00,2.09,1.57,0.03,0.15
2012-02-03,1.98,1.98,2.01,1.94,19226,7846334.00,3.61,2.06,0.04,0.42
2012-02-06,2.01,1.99,2.01,1.97,17225,7070681.00,2.02,0.51,0.01,0.38
2012-02-07,1.99,1.96,1.99,1.95,9419,3810824.00,2.01,-1.51,-0.03,0.21
2012-02-08,1.95,2.00,2.01,1.94,23795,9710366.00,3.57,2.04,0.04,0.52
2012-02-09,2.01,2.02,2.04,1.99,25631,10652221.00,2.50,1.00,0.02,0.56
2012-02-10,2.03,2.04,2.09,2.02,23910,10090452.00,3.47,0.99,0.02,0.52
2012-02-13,2.02,2.02,2.05,1.99,27519,11428798.00,2.94,-0.98,-0.02,0.60
2012-02-14,2.03,2.07,2.09,2.02,32056,13607591.00,3.47,2.48,0.05,0.70
2012-02-15,2.07,2.11,2.11,2.07,30200,12997252.00,1.93,1.93,0.04,0.66
2012-02-16,2.11,2.13,2.19,2.08,53089,23383201.00,5.21,0.95,0.02,1.17
2012-02-17,2.13,2.12,2.16,2.10,26759,11700708.00,2.82,-0.47,-0.01,0.59
2012-02-20,2.14,2.13,2.16,2.12,23407,10275179.00,1.89,0.47,0.01,0.51
2012-02-21,2.11,2.15,2.15,2.11,17336,7575896.00,1.88,0.94,0.02,0.38
2012-02-22,2.14,2.30,2.33,2.14,76922,35361461.00,8.84,6.98,0.15,1.69
2012-02-23,2.25,2.26,2.30,2.25,67950,31681372.00,2.17,-1.74,-0.04,1.49
2012-02-24,2.25,2.27,2.28,2.22,34483,15953796.00,2.65,0.44,0.01,0.76
2012-02-27,2.29,2.25,2.30,2.25,33933,15817296.00,2.20,-0.88,-0.02,0.74
2012-02-28,2.24,2.22,2.24,2.19,33143,15052265.00,2.22,-1.33,-0.03,0.73
2012-02-29,2.21,2.19,2.22,2.18,20280,9150991.00,1.80,-1.35,-0.03,0.45
2012-03-01,2.19,2.20,2.21,2.16,15407,6918679.00,2.28,0.46,0.01,0.34
2012-03-02,2.21,2.25,2.25,2.20,22409,10243675.00,2.27,2.27,0.05,0.49
2012-03-05,2.25,2.26,2.28,2.24,24235,11257439.00,1.78,0.44,0.01,0.53
2012-03-06,2.25,2.21,2.26,2.19,16418,7452685.00,3.10,-2.21,-0.05,0.36
2012-03-07,2.20,2.28,2.29,2.17,37166,17151470.00,5.43,3.17,0.07,0.82
2012-03-08,2.28,2.29,2.32,2.26,38626,18187203.00,2.63,0.44,0.01,0.85
2012-03-09,2.28,2.29,2.32,2.25,26237,12235241.00,3.06,0.00,0.00,0.58
2012-03-12,2.29,2.36,2.39,2.27,62593,29988284.00,5.24,3.06,0.07,1.37
2012-03-13,2.35,2.39,2.42,2.34,64239,31458778.00,3.39,1.27,0.03,1.41
2012-03-14,2.63,2.38,2.63,2.32,156920,80775572.00,12.97,-0.42,-0.01,3.44
2012-03-15,2.34,2.20,2.35,2.19,71882,33473797.00,6.72,-7.56,-0.18,1.58
2012-03-16,2.22,2.32,2.34,2.21,46345,21690341.00,5.91,5.45,0.12,1.02
2012-03-19,2.32,2.45,2.49,2.30,61749,30667915.00,8.19,5.60,0.13,1.36
2012-03-20,2.46,2.35,2.46,2.35,35647,17460729.00,4.49,-4.08,-0.10,0.78
2012-03-21,2.37,2.33,2.41,2.28,33035,15681969.00,5.53,-0.85,-0.02,0.73
2012-03-22,2.37,2.32,2.37,2.30,17233,8207666.00,3.00,-0.43,-0.01,0.38
2012-03-23,2.33,2.31,2.38,2.28,24436,11671837.00,4.31,-0.43,-0.01,0.54
2012-03-26,2.31,2.34,2.35,2.29,18825,8967308.00,2.60,1.30,0.03,0.41
2012-03-27,2.36,2.33,2.40,2.32,24216,11750377.00,3.42,-0.43,-0.01,0.53
2012-03-28,2.33,2.22,2.33,2.18,29707,13641157.00,6.44,-4.72,-0.11,0.65
2012-03-29,2.20,2.13,2.21,2.10,22544,9950522.00,4.95,-4.05,-0.09,0.49
2012-03-30,2.14,2.13,2.20,2.04,15294,6707492.00,7.51,0.00,0.00,0.34
2012-04-05,2.14,2.17,2.19,2.09,19594,8640027.00,4.69,1.88,0.04,0.43
2012-04-06,2.20,2.22,2.23,2.16,12723,5761402.00,3.23,2.30,0.05,0.28
2012-04-09,2.21,2.17,2.22,2.17,7357,3300261.00,2.25,-2.25,-0.05,0.16
2012-04-10,2.17,2.18,2.18,2.11,12401,5465351.00,3.23,0.46,0.01,0.27
2012-04-11,2.16,2.23,2.24,2.13,17838,8052552.00,5.05,2.29,0.05,0.39
2012-04-12,2.24,2.26,2.27,2.21,14026,6460567.00,2.69,1.35,0.03,0.31
2012-04-13,2.26,2.28,2.31,2.25,21768,10194621.00,2.65,0.88,0.02,0.48
2012-04-16,2.27,2.35,2.37,2.27,30707,14731282.00,4.39,3.07,0.07,0.67
2012-04-17,2.38,2.31,2.38,2.31,22996,10952804.00,2.98,-1.70,-0.04,0.50
2012-04-18,2.35,2.41,2.42,2.33,55477,27217319.00,3.90,4.33,0.10,1.22
2012-04-19,2.40,2.38,2.43,2.38,28779,14113539.00,2.07,-1.24,-0.03,0.63
2012-04-20,2.63,2.63,2.63,2.63,111410,59827009.00,0.00,10.50,0.25,2.45
2012-04-23,2.83,2.85,2.90,2.70,435670,249014847.00,7.60,8.37,0.22,9.56
2012-04-24,2.77,2.79,2.84,2.65,192878,108045838.00,6.67,-2.11,-0.06,4.23
2012-04-25,2.78,2.97,3.07,2.74,304455,183061172.00,11.83,6.45,0.18,6.68
2012-04-26,2.93,3.03,3.06,2.89,146577,88837411.00,5.72,2.02,0.06,3.22
2012-04-27,2.99,2.99,3.11,2.91,160116,97532621.00,6.60,-1.32,-0.04,3.52
2012-05-02,3.07,2.90,3.07,2.82,192396,113903844.00,8.36,-3.01,-0.09,4.22
2012-05-03,2.88,2.94,2.97,2.85,99216,58764009.00,4.14,1.38,0.04,2.18
2012-05-04,2.93,3.01,3.12,2.89,177859,109268563.00,7.82,2.38,0.07,3.90
2012-05-07,3.07,3.01,3.07,2.93,127795,77728019.00,4.65,0.00,0.00,2.81
2012-05-08,3.00,2.98,3.03,2.93,113820,68964971.00,3.32,-1.00,-0.03,2.50
2012-05-09,2.95,2.95,3.07,2.94,122270,74766803.00,4.36,-1.01,-0.03,2.68
2012-05-10,2.96,2.97,3.01,2.94,67022,40435077.00,2.37,0.68,0.02,1.47
2012-05-11,2.97,3.01,3.02,2.96,76503,46661449.00,2.02,1.35,0.04,1.68
2012-05-14,3.01,2.93,3.03,2.93,91172,55292138.00,3.32,-2.66,-0.08,2.00
2012-05-16,2.95,2.81,2.97,2.80,119863,70002736.00,5.80,-4.10,-0.12,2.63
2012-05-17,2.81,2.84,2.86,2.78,60899,35154811.00,2.85,1.07,0.03,1.34
2012-05-18,2.82,2.76,2.84,2.76,41676,23848692.00,2.82,-2.82,-0.08,0.91
2012-05-21,2.75,2.81,2.84,2.75,27205,15547572.00,3.26,1.81,0.05,0.60
2012-05-22,2.81,2.85,2.86,2.81,34610,20074572.00,1.78,1.42,0.04,0.76
2012-05-23,2.85,2.83,2.85,2.76,37734,21604978.00,3.16,-0.70,-0.02,0.83
2012-05-24,2.82,2.79,2.83,2.77,27961,15933922.00,2.12,-1.41,-0.04,0.61
2012-05-25,2.77,2.75,2.81,2.74,23353,13234587.00,2.51,-1.43,-0.04,0.51
2012-05-28,2.67,2.82,2.82,2.67,58156,32705062.00,5.45,2.55,0.07,0.98
2012-05-29,2.81,2.87,2.89,2.80,85379,49818270.00,3.19,1.77,0.05,1.45
2012-05-30,2.85,2.83,2.86,2.82,51359,29736943.00,1.39,-1.39,-0.04,0.87
2012-05-31,2.82,2.84,2.86,2.80,37183,21573612.00,2.12,0.35,0.01,0.63
2012-06-01,2.83,2.80,2.88,2.78,60728,35027053.00,3.52,-1.41,-0.04,1.03
2012-06-04,2.71,2.56,2.73,2.54,116797,62993346.00,6.79,-8.57,-0.24,1.98
2012-06-05,2.58,2.54,2.60,2.52,53546,27983460.00,3.13,-0.78,-0.02,0.91
2012-06-06,2.55,2.50,2.56,2.48,56714,29232419.00,3.15,-1.57,-0.04,0.96
2012-06-07,2.54,2.52,2.56,2.49,47465,24542901.00,2.80,0.80,0.02,0.80
2012-06-08,2.54,2.53,2.55,2.49,34476,17795424.00,2.38,0.40,0.01,0.58
2012-06-11,2.53,2.56,2.58,2.50,40409,21001259.00,3.16,1.19,0.03,0.68
2012-06-12,2.54,2.52,2.54,2.51,30600,15791206.00,1.17,-1.56,-0.04,0.52
2012-06-13,2.54,2.57,2.57,2.52,48553,25322771.00,1.98,1.98,0.05,0.82
2012-06-14,2.56,2.58,2.61,2.55,47639,25140669.00,2.33,0.39,0.01,0.81
2012-06-15,2.59,2.58,2.59,2.52,53804,28160719.00,2.71,0.00,0.00,0.91
2012-06-18,2.60,2.61,2.65,2.58,59379,31750411.00,2.71,1.16,0.03,1.01
2012-06-19,2.61,2.66,2.69,2.60,70311,38203131.00,3.45,1.92,0.05,1.19
2012-06-20,2.68,2.72,2.73,2.66,86213,47519719.00,2.63,2.26,0.06,1.46
2012-06-21,2.73,2.62,2.75,2.61,118620,64728220.00,5.15,-3.68,-0.10,2.01
2012-06-25,2.64,2.55,2.66,2.53,68047,36222893.00,4.96,-2.67,-0.07,1.15
2012-06-26,2.55,2.64,2.64,2.51,53944,28400305.00,5.10,3.53,0.09,0.91
2012-06-27,2.63,2.52,2.64,2.51,79172,41591836.00,4.92,-4.55,-0.12,1.34
2012-06-28,2.54,2.34,2.57,2.34,107299,26835502.00,9.13,-7.14,-0.18,0.91
2012-06-29,2.28,2.32,2.34,2.25,140738,33248423.00,3.85,-0.85,-0.02,1.19
2012-07-02,2.34,2.27,2.35,2.24,126676,29760170.00,4.74,-2.16,-0.05,1.07
2012-07-03,2.27,2.38,2.50,2.26,241299,59224863.00,10.57,4.85,0.11,2.04
2012-07-04,2.36,2.41,2.47,2.35,141790,35056275.00,5.04,1.26,0.03,1.20
2012-07-05,2.39,2.34,2.40,2.30,101948,24459815.00,4.15,-2.90,-0.07,0.86
2012-07-06,2.35,2.43,2.45,2.26,144841,35245227.00,8.12,3.85,0.09,1.23
2012-07-09,2.38,2.33,2.43,2.31,117197,28472283.00,4.94,-4.12,-0.10,0.99
2012-07-10,2.32,2.31,2.35,2.29,61244,14546084.00,2.58,-0.86,-0.02,0.52
2012-07-11,2.31,2.32,2.34,2.30,54724,13019424.00,1.73,0.43,0.01,0.46
2012-07-12,2.32,2.34,2.36,2.26,100505,23862674.00,4.31,0.86,0.02,0.85
2012-07-13,2.33,2.34,2.37,2.32,63406,15251694.00,2.14,0.00,0.00,0.54
2012-07-16,2.35,2.24,2.35,2.22,105349,24523595.00,5.56,-4.27,-0.10,0.89
2012-07-17,2.22,2.25,2.27,2.21,67200,15412138.00,2.68,0.45,0.01,0.57
2012-07-18,2.25,2.36,2.42,2.21,166139,39547910.00,9.33,4.89,0.11,1.41
2012-07-19,2.34,2.35,2.38,2.29,136405,32833459.00,3.81,-0.42,-0.01,1.16
2012-07-20,2.35,2.28,2.35,2.27,85068,20209074.00,3.40,-2.98,-0.07,0.72
2012-07-23,2.28,2.27,2.30,2.24,82208,19117773.00,2.63,-0.44,-0.01,0.70
2012-07-24,2.26,2.27,2.30,2.25,60154,14050707.00,2.20,0.00,0.00,0.51
2012-07-25,2.26,2.24,2.27,2.23,71768,16591978.00,1.76,-1.32,-0.03,0.61
2012-07-26,2.23,2.21,2.26,2.21,83412,19128875.00,2.23,-1.34,-0.03,0.71
2012-07-27,2.22,2.17,2.23,2.17,79098,17853803.00,2.71,-1.81,-0.04,0.67
2012-07-30,2.17,2.07,2.19,2.06,108931,23692024.00,5.99,-4.61,-0.10,0.92
2012-07-31,2.05,1.97,2.07,1.95,143348,29430385.00,5.80,-4.83,-0.10,1.21
2012-08-01,1.97,2.02,2.03,1.97,81180,16826396.00,3.05,2.54,0.05,0.69
2012-08-02,2.02,1.98,2.02,1.96,64507,13235663.00,2.97,-1.98,-0.04,0.55
2012-08-03,1.99,2.14,2.18,1.97,221413,47423235.00,10.61,8.08,0.16,1.87
2012-08-06,2.09,2.19,2.20,2.08,201815,44484922.00,5.61,2.34,0.05,1.71
2012-08-07,2.19,2.42,2.42,2.16,571519,139739201.00,11.87,10.50,0.23,4.84
2012-08-08,2.45,2.41,2.60,2.40,780093,198382030.00,8.26,-0.41,-0.01,6.61
2012-08-09,2.35,2.40,2.43,2.32,256744,62447639.00,4.56,-0.41,-0.01,2.17
2012-08-10,2.39,2.36,2.39,2.30,197996,47608650.00,3.75,-1.67,-0.04,1.68
2012-08-13,2.34,2.33,2.39,2.30,140967,33886800.00,3.81,-1.27,-0.03,1.19
2012-08-14,2.31,2.35,2.36,2.27,155667,36949995.00,3.86,0.86,0.02,1.32
2012-08-15,2.35,2.28,2.35,2.27,101383,23923281.00,3.40,-2.98,-0.07,0.86
2012-08-16,2.26,2.22,2.28,2.22,101714,23445673.00,2.63,-2.63,-0.06,0.86
2012-08-17,2.21,2.21,2.23,2.18,71974,16293839.00,2.25,-0.45,-0.01,0.61
2012-08-20,2.19,2.28,2.30,2.16,85603,19552423.00,6.33,3.17,0.07,0.72
2012-08-21,2.28,2.31,2.33,2.24,112033,26440742.00,3.95,1.32,0.03,0.95
2012-08-22,2.31,2.36,2.49,2.30,277332,67985192.00,8.23,2.16,0.05,2.35
2012-08-23,2.34,2.38,2.42,2.33,137114,33336931.00,3.81,0.85,0.02,1.16
2012-08-24,2.37,2.31,2.38,2.31,84749,20326431.00,2.94,-2.94,-0.07,0.72
2012-08-27,2.23,2.18,2.23,2.15,127263,28644245.00,3.46,-5.63,-0.13,1.08
2012-08-28,2.17,2.22,2.26,2.15,96569,22037340.00,5.05,1.83,0.04,0.82
2012-08-29,2.20,2.17,2.23,2.15,92922,20852905.00,3.60,-2.25,-0.05,0.79
2012-08-30,2.17,2.13,2.19,2.08,85568,18845730.00,5.07,-1.84,-0.04,0.72
2012-08-31,2.13,2.15,2.16,2.11,46921,10298083.00,2.35,0.94,0.02,0.40
2012-09-03,2.15,2.17,2.19,2.12,65877,14657442.00,3.26,0.93,0.02,0.56
2012-09-04,2.16,2.11,2.18,2.10,81876,17913092.00,3.69,-2.76,-0.06,0.69
2012-09-05,2.10,2.13,2.17,2.08,72961,16013805.00,4.27,0.95,0.02,0.62
2012-09-06,2.11,2.13,2.15,2.10,82830,18081390.00,2.35,0.00,0.00,0.70
2012-09-07,2.15,2.26,2.29,2.15,235446,53900321.00,6.57,6.10,0.13,1.99
2012-09-10,2.26,2.34,2.41,2.24,276677,66067592.00,7.52,3.54,0.08,2.34
2012-09-11,2.30,2.28,2.31,2.25,146140,34068405.00,2.56,-2.56,-0.06,1.24
2012-09-12,2.28,2.31,2.32,2.25,115670,27105691.00,3.07,1.32,0.03,0.98
2012-09-13,2.30,2.26,2.32,2.25,102990,24166018.00,3.03,-2.16,-0.05,0.87
2012-09-14,2.30,2.29,2.32,2.24,159767,37392082.00,3.54,1.33,0.03,1.35
2012-09-17,2.28,2.17,2.28,2.16,139276,31652882.00,5.24,-5.24,-0.12,1.18
2012-09-18,2.17,2.17,2.21,2.14,68050,15242054.00,3.23,0.00,0.00,0.58
2012-09-19,2.18,2.23,2.23,2.16,99502,22519156.00,3.23,2.76,0.06,0.84
2012-09-20,2.22,2.14,2.22,2.13,96706,21537346.00,4.04,-4.04,-0.09,0.82
2012-09-21,2.12,2.11,2.16,2.09,102025,22273646.00,3.27,-1.40,-0.03,0.86
2012-09-24,2.09,2.16,2.19,2.05,123630,27046226.00,6.64,2.37,0.05,1.05
2012-09-25,2.17,2.38,2.38,2.14,946359,228843031.00,11.11,10.19,0.22,8.01
2012-09-26,2.39,2.30,2.40,2.24,641802,152043979.00,6.72,-3.36,-0.08,5.43
2012-09-27,2.26,2.38,2.52,2.17,624528,150720478.00,15.22,3.48,0.08,5.29
2012-09-28,2.33,2.34,2.37,2.27,398427,94621233.00,4.20,-1.68,-0.04,3.37
2012-10-08,2.34,2.31,2.34,2.28,171890,40631866.00,2.56,-1.28,-0.03,1.46
2012-10-09,2.29,2.35,2.36,2.29,270120,64750710.00,3.03,1.73,0.04,2.29
2012-10-10,2.35,2.43,2.49,2.33,460081,114128261.00,6.81,3.40,0.08,3.90
2012-10-11,2.40,2.42,2.52,2.38,450840,113678580.00,5.76,-0.41,-0.01,3.82
2012-10-12,2.42,2.48,2.49,2.37,307335,76693433.00,4.96,2.48,0.06,2.60
2012-10-15,2.47,2.51,2.58,2.46,378068,97653109.00,4.84,1.21,0.03,3.20
2012-10-16,2.51,2.46,2.51,2.41,223384,56231977.00,3.98,-1.99,-0.05,1.89
2012-10-17,2.45,2.45,2.46,2.38,217431,53869883.00,3.25,-0.41,-0.01,1.84
2012-10-18,2.42,2.53,2.58,2.42,433129,111661455.00,6.53,3.27,0.08,3.67
2012-10-19,2.52,2.48,2.55,2.46,227653,58225541.00,3.56,-1.98,-0.05,1.93
2012-10-22,2.47,2.48,2.50,2.44,120148,30443318.00,2.42,0.00,0.00,1.02
2012-10-23,2.48,2.42,2.53,2.40,306767,77487116.00,5.24,-2.42,-0.06,2.60
2012-10-24,2.40,2.57,2.67,2.40,877271,230436274.00,11.16,6.20,0.15,7.43
2012-10-25,2.55,2.69,2.81,2.53,1138693,310064448.00,10.89,4.67,0.12,9.64
2012-10-26,2.64,2.73,2.79,2.57,832375,227375191.00,8.18,1.49,0.04,7.05
2012-10-29,2.69,2.88,2.89,2.64,995546,283433824.00,9.16,5.49,0.15,8.43
2012-10-30,2.82,2.62,2.88,2.59,1201258,334290592.00,10.07,-9.03,-0.26,10.17
2012-10-31,2.60,2.66,2.68,2.50,701426,186936120.00,6.87,1.53,0.04,5.94
2012-11-01,2.59,2.71,2.76,2.59,629650,172938247.00,6.39,1.88,0.05,5.33
2012-11-02,2.69,2.77,2.87,2.65,877866,247968315.00,8.12,2.21,0.06,7.43
2012-11-05,2.74,2.70,2.79,2.66,446678,123484801.00,4.69,-2.53,-0.07,3.78
2012-11-06,2.69,2.62,2.70,2.56,404780,108036776.00,5.19,-2.96,-0.08,3.43
2012-11-07,2.60,2.58,2.64,2.57,256671,68278235.00,2.67,-1.53,-0.04,2.17
2012-11-08,2.56,2.42,2.56,2.41,399164,101673417.00,5.81,-6.20,-0.16,3.38
2012-11-09,2.42,2.47,2.48,2.40,249111,62451427.00,3.31,2.07,0.05,2.11
2012-11-12,2.46,2.49,2.51,2.44,181288,46019761.00,2.83,0.81,0.02,1.54
2012-11-13,2.48,2.39,2.49,2.37,262796,64875907.00,4.82,-4.02,-0.10,2.23
2012-11-14,2.39,2.36,2.41,2.32,216386,52254487.00,3.77,-1.26,-0.03,1.83
2012-11-15,2.34,2.36,2.41,2.32,161296,39172603.00,3.81,0.00,0.00,1.37
2012-11-16,2.33,2.33,2.36,2.30,128614,30640706.00,2.54,-1.27,-0.03,1.09
2012-11-19,2.33,2.41,2.42,2.32,169452,41108370.00,4.29,3.43,0.08,1.43
2012-11-20,2.42,2.38,2.45,2.37,163011,40314509.00,3.32,-1.24,-0.03,1.38
2012-11-21,2.39,2.42,2.42,2.31,159659,38825365.00,4.62,1.68,0.04,1.35
2012-11-22,2.39,2.37,2.41,2.33,125027,30451773.00,3.31,-2.07,-0.05,1.06
2012-11-23,2.35,2.40,2.45,2.33,206490,50670147.00,5.06,1.27,0.03,1.75
2012-11-26,2.38,2.36,2.41,2.35,111900,27260873.00,2.50,-1.67,-0.04,0.95
2012-11-27,2.34,2.18,2.35,2.17,224617,51988891.00,7.63,-7.63,-0.18,1.90
2012-11-28,2.17,2.12,2.17,2.10,150255,32869676.00,3.21,-2.75,-0.06,1.27
2012-11-29,2.13,2.13,2.19,2.12,135591,30018476.00,3.30,0.47,0.01,1.15
2012-11-30,2.15,2.19,2.21,2.14,170488,38232383.00,3.29,2.82,0.06,1.44
2012-12-03,2.17,2.16,2.23,2.15,133127,29924692.00,3.65,-1.37,-0.03,1.13
2012-12-04,2.13,2.21,2.22,2.12,176830,39515991.00,4.63,2.31,0.05,1.50
2012-12-05,2.22,2.32,2.35,2.19,329815,77673673.00,7.24,4.98,0.11,2.79
2012-12-06,2.31,2.32,2.36,2.29,220979,52637652.00,3.02,0.00,0.00,1.87
2012-12-07,2.30,2.56,2.56,2.29,634478,159767658.00,11.64,10.34,0.24,5.37
2012-12-10,2.59,2.61,2.70,2.54,948242,253539405.00,6.25,1.95,0.05,8.03
2012-12-11,2.55,2.58,2.67,2.53,546406,144791179.00,5.36,-1.15,-0.03,4.63
2012-12-12,2.59,2.65,2.66,2.56,566273,151914688.00,3.88,2.71,0.07,4.80
2012-12-13,2.64,2.58,2.67,2.57,445337,119094259.00,3.77,-2.64,-0.07,3.77
2012-12-14,2.56,2.68,2.76,2.56,847108,231872805.00,7.75,3.88,0.10,7.17
2012-12-17,2.68,2.64,2.71,2.60,563248,152178753.00,4.10,-1.49,-0.04,4.77
2012-12-18,2.63,2.59,2.68,2.57,411002,110276849.00,4.17,-1.89,-0.05,3.48
2012-12-19,2.58,2.56,2.60,2.52,320163,83786965.00,3.09,-1.16,-0.03,2.71
2012-12-20,2.55,2.64,2.67,2.53,430461,114702740.00,5.47,3.13,0.08,3.65
2012-12-21,2.63,2.57,2.65,2.55,328585,87160619.00,3.79,-2.65,-0.07,2.78
2012-12-24,2.54,2.58,2.61,2.54,177525,46793424.00,2.72,0.39,0.01,1.50
2012-12-25,2.57,2.64,2.66,2.54,497476,133745860.00,4.65,2.33,0.06,4.21
2012-12-26,2.64,2.70,2.72,2.61,514023,140070722.00,4.17,2.27,0.06,4.35
2012-12-27,2.69,2.65,2.71,2.63,363907,98998031.00,2.96,-1.85,-0.05,3.08
2012-12-28,2.63,2.66,2.67,2.61,258979,70031962.00,2.26,0.38,0.01,2.19
2012-12-31,2.66,2.66,2.68,2.63,302706,82207096.00,1.88,0.00,0.00,2.56
2013-01-04,2.68,2.62,2.70,2.60,259180,69828700.00,3.76,-1.50,-0.04,2.19
2013-01-07,2.62,2.77,2.82,2.58,718761,199157281.00,9.16,5.73,0.15,6.09
2013-01-08,2.77,2.72,2.79,2.68,519303,144442258.00,3.97,-1.81,-0.05,4.40
2013-01-09,2.72,2.79,2.81,2.68,590932,166219627.00,4.78,2.57,0.07,5.00
2013-01-10,2.84,2.76,2.87,2.73,493962,140019128.00,5.02,-1.08,-0.03,4.18
2013-01-11,2.73,2.61,2.74,2.60,456283,124264552.00,5.07,-5.43,-0.15,3.86
2013-01-14,2.57,2.69,2.72,2.57,336427,91271563.00,5.75,3.07,0.08,2.85
2013-01-15,2.69,2.69,2.72,2.66,398309,109586647.00,2.23,0.00,0.00,3.37
2013-01-16,2.68,2.66,2.69,2.60,345104,93371884.00,3.35,-1.12,-0.03,2.92
2013-01-17,2.65,2.63,2.67,2.61,190509,51421095.00,2.26,-1.13,-0.03,1.61
2013-01-18,2.63,2.67,2.68,2.62,244290,66344147.00,2.28,1.52,0.04,2.07
2013-01-21,2.67,2.70,2.71,2.64,283041,77710302.00,2.62,1.12,0.03,2.40
2013-01-22,2.69,2.62,2.69,2.61,280373,75913095.00,2.96,-2.96,-0.08,2.37
2013-01-23,2.61,2.63,2.64,2.57,192372,51294431.00,2.67,0.38,0.01,1.63
2013-01-24,2.61,2.57,2.66,2.55,275769,73667976.00,4.18,-2.28,-0.06,2.34
2013-01-25,2.57,2.58,2.59,2.55,126854,33386794.00,1.56,0.39,0.01,1.07
2013-01-28,2.58,2.65,2.67,2.56,241161,64579471.00,4.26,2.71,0.07,2.04
2013-01-29,2.64,2.68,2.69,2.60,317343,86170320.00,3.40,1.13,0.03,2.69
2013-01-30,2.67,2.66,2.68,2.61,277701,75043320.00,2.61,-0.75,-0.02,2.35
2013-01-31,2.65,2.63,2.66,2.61,189247,50959782.00,1.88,-1.13,-0.03,1.60
2013-02-01,2.63,2.64,2.65,2.61,193353,52124023.00,1.52,0.38,0.01,1.64
2013-02-04,2.64,2.58,2.64,2.56,269217,71396812.00,3.03,-2.27,-0.06,2.28
2013-02-05,2.57,2.64,2.66,2.56,221990,59373525.00,3.88,2.33,0.06,1.88
2013-02-06,2.62,2.63,2.68,2.61,207046,55958497.00,2.65,-0.38,-0.01,1.75
2013-02-07,2.63,2.62,2.65,2.59,147997,39708052.00,2.28,-0.38,-0.01,1.25
2013-02-08,2.63,2.66,2.66,2.62,254708,68938892.00,1.53,1.53,0.04,2.16
2013-02-18,2.66,2.68,2.69,2.65,335160,91662073.00,1.50,0.75,0.02,2.84
2013-02-19,2.68,2.68,2.70,2.62,373911,101711835.00,2.99,0.00,0.00,3.17
2013-02-20,2.66,2.74,2.75,2.65,423275,117057597.00,3.73,2.24,0.06,3.58
2013-02-21,2.70,2.66,2.73,2.64,333284,91472270.00,3.28,-2.92,-0.08,2.82
2013-02-22,2.65,2.62,2.68,2.62,162078,43910928.00,2.26,-1.50,-0.04,1.37
2013-02-25,2.62,2.64,2.66,2.61,187754,50566665.00,1.91,0.76,0.02,1.59
2013-02-26,2.64,2.56,2.64,2.55,208278,55401830.00,3.41,-3.03,-0.08,1.76
2013-02-27,2.57,2.58,2.60,2.56,104701,27584190.00,1.56,0.78,0.02,0.89
2013-02-28,2.58,2.65,2.66,2.58,216507,58120402.00,3.10,2.71,0.07,1.83
2013-03-01,2.64,2.62,2.64,2.60,169109,45300983.00,1.51,-1.13,-0.03,1.43
2013-03-04,2.59,2.51,2.60,2.48,282238,73308616.00,4.58,-4.20,-0.11,2.39
2013-03-05,2.50,2.54,2.54,2.50,157606,40578929.00,1.59,1.20,0.03,1.33
2013-03-06,2.54,2.58,2.60,2.50,221415,58044876.00,3.94,1.57,0.04,1.88
2013-03-07,2.57,2.57,2.60,2.54,175452,46051495.00,2.33,-0.39,-0.01,1.49
2013-03-08,2.57,2.55,2.59,2.55,118312,31098094.00,1.56,-0.78,-0.02,1.00
2013-03-11,2.54,2.56,2.57,2.53,84227,21971814.00,1.57,0.39,0.01,0.71
2013-03-12,2.55,2.50,2.57,2.46,153511,39537924.00,4.30,-2.34,-0.06,1.30
2013-03-13,2.49,2.44,2.51,2.43,128588,32353078.00,3.20,-2.40,-0.06,1.09
2013-03-14,2.45,2.47,2.49,2.44,116096,29292711.00,2.05,1.23,0.03,0.98
2013-03-15,2.46,2.46,2.50,2.44,88061,22240940.00,2.43,-0.40,-0.01,0.75
2013-03-18,2.45,2.38,2.46,2.36,124403,30625030.00,4.07,-3.25,-0.08,1.05
2013-03-19,2.38,2.40,2.42,2.34,124387,30422944.00,3.36,0.84,0.02,1.05
2013-03-20,2.40,2.45,2.45,2.39,116776,29040484.00,2.50,2.08,0.05,0.99
2013-03-21,2.45,2.45,2.47,2.43,157677,39533483.00,1.63,0.00,0.00,1.34
2013-03-22,2.45,2.46,2.48,2.42,142258,35757352.00,2.45,0.41,0.01,1.20
2013-03-25,2.46,2.45,2.46,2.43,91656,22964606.00,1.22,-0.41,-0.01,0.78
2013-03-26,2.44,2.39,2.45,2.38,118350,29137466.00,2.86,-2.45,-0.06,1.00
2013-03-27,2.39,2.40,2.44,2.39,118429,29259889.00,2.09,0.42,0.01,1.00
2013-03-28,2.40,2.31,2.40,2.30,149134,35819988.00,4.17,-3.75,-0.09,1.26
2013-03-29,2.33,2.32,2.34,2.30,94299,22417481.00,1.73,0.43,0.01,0.80
2013-04-01,2.33,2.33,2.35,2.31,59808,14308785.00,1.72,0.43,0.01,0.51
2013-04-02,2.34,2.32,2.36,2.31,79487,18988410.00,2.15,-0.43,-0.01,0.67
2013-04-03,2.32,2.31,2.33,2.29,81936,19418103.00,1.72,-0.43,-0.01,0.69
2013-04-08,2.29,2.30,2.30,2.23,66237,15434200.00,3.03,-0.43,-0.01,0.56
2013-04-09,2.29,2.34,2.35,2.29,88378,21115032.00,2.61,1.74,0.04,0.75
2013-04-10,2.34,2.35,2.37,2.32,87252,20990189.00,2.14,0.43,0.01,0.74
2013-04-11,2.36,2.34,2.37,2.33,56009,13452750.00,1.70,-0.43,-0.01,0.47
2013-04-12,2.33,2.30,2.35,2.28,82861,19605857.00,2.99,-1.71,-0.04,0.70
2013-04-15,2.30,2.30,2.30,2.26,71316,16693130.00,1.74,0.00,0.00,0.60
2013-04-16,2.28,2.35,2.35,2.26,112121,26645684.00,3.91,2.17,0.05,0.95
2013-04-17,2.35,2.33,2.35,2.29,81835,19504041.00,2.55,-0.85,-0.02,0.69
2013-04-18,2.31,2.32,2.34,2.30,63001,14976614.00,1.72,-0.43,-0.01,0.53
2013-04-19,2.32,2.35,2.37,2.32,126379,30414026.00,2.16,1.29,0.03,1.07
2013-04-22,2.59,2.59,2.59,2.53,1015858,268630752.00,2.55,10.21,0.24,8.60
2013-04-23,2.57,2.43,2.57,2.41,927425,234008491.00,6.18,-6.18,-0.16,7.85
2013-04-24,2.40,2.40,2.43,2.36,353070,86444830.00,2.88,-1.23,-0.03,2.99
2013-04-25,2.40,2.32,2.40,2.30,309894,74551418.00,4.17,-3.33,-0.08,2.62
2013-04-26,2.34,2.30,2.36,2.28,192925,45987122.00,3.45,-0.86,-0.02,1.63
2013-05-02,2.30,2.31,2.33,2.27,125299,29619830.00,2.61,0.43,0.01,1.06
2013-05-03,2.31,2.33,2.35,2.30,161262,38541383.00,2.16,0.87,0.02,1.37
2013-05-06,2.33,2.34,2.35,2.32,162543,38912302.00,1.29,0.43,0.01,1.38
2013-05-07,2.33,2.32,2.34,2.30,152002,36087821.00,1.71,-0.85,-0.02,1.29
2013-05-08,2.33,2.32,2.35,2.31,132514,31570826.00,1.72,0.00,0.00,1.12
2013-05-09,2.31,2.28,2.32,2.27,177205,41639244.00,2.16,-1.72,-0.04,1.50
2013-05-10,2.27,2.30,2.30,2.27,139506,32777687.00,1.32,0.88,0.02,1.18
2013-05-13,2.31,2.31,2.31,2.28,111118,26146040.00,1.30,0.43,0.01,0.94
2013-05-14,2.30,2.28,2.31,2.26,118323,27673374.00,2.16,-1.30,-0.03,1.00
2013-05-15,2.28,2.29,2.30,2.27,87286,20437043.00,1.32,0.44,0.01,0.74
2013-05-16,2.30,2.31,2.32,2.27,168872,39880712.00,2.18,0.87,0.02,1.43
2013-05-17,2.30,2.34,2.35,2.29,210854,50426860.00,2.60,1.30,0.03,1.79
2013-05-20,2.34,2.36,2.37,2.32,218385,52637449.00,2.14,0.85,0.02,1.85
2013-05-21,2.35,2.36,2.37,2.35,174146,42121930.00,0.85,0.00,0.00,1.47
2013-05-22,2.37,2.41,2.42,2.35,349595,85702906.00,2.97,2.12,0.05,2.96
2013-05-23,2.47,2.41,2.55,2.40,537195,135352923.00,6.22,0.00,0.00,4.55
2013-05-24,2.39,2.39,2.42,2.36,236725,57919692.00,2.49,-0.83,-0.02,2.00
2013-05-27,2.39,2.42,2.43,2.38,188375,46519783.00,2.09,1.26,0.03,1.60
2013-05-28,2.41,2.44,2.46,2.40,199812,49814556.00,2.48,0.83,0.02,1.69
2013-05-29,2.45,2.43,2.45,2.41,182086,45349109.00,1.64,-0.41,-0.01,1.54
2013-05-30,2.42,2.41,2.42,2.39,155353,38310557.00,1.23,-0.82,-0.02,1.32
2013-05-31,2.40,2.38,2.41,2.37,143923,35220305.00,1.66,-1.24,-0.03,1.22
2013-06-03,2.37,2.39,2.41,2.37,107805,26411640.00,1.68,0.42,0.01,0.91
2013-06-04,2.39,2.32,2.39,2.31,130560,31366956.00,3.35,-2.93,-0.07,1.11
2013-06-05,2.32,2.32,2.34,2.30,73483,17486351.00,1.72,0.00,0.00,0.62
2013-06-06,2.33,2.30,2.33,2.29,84204,19891298.00,1.72,-0.86,-0.02,0.71
2013-06-07,2.30,2.27,2.31,2.26,100613,23550328.00,2.17,-1.30,-0.03,0.85
2013-06-13,2.25,2.19,2.25,2.17,121446,27351039.00,3.52,-3.52,-0.08,1.03
2013-06-14,2.18,2.22,2.22,2.18,75040,16964683.00,1.83,1.37,0.03,0.64
2013-06-17,2.22,2.22,2.23,2.20,54363,12355446.00,1.35,0.00,0.00,0.46
2013-06-18,2.23,2.23,2.24,2.21,48848,11148116.00,1.35,0.45,0.01,0.41
2013-06-19,2.22,2.21,2.22,2.17,62984,14171921.00,2.24,-0.90,-0.02,0.53
2013-06-20,2.20,2.14,2.20,2.13,75629,16867632.00,3.17,-3.17,-0.07,0.64
2013-06-21,2.12,2.12,2.13,2.09,70056,15197501.00,1.87,-0.93,-0.02,0.59
2013-06-24,2.12,1.97,2.13,1.94,129234,26944616.00,8.96,-7.08,-0.15,1.09
2013-06-25,1.94,1.94,1.97,1.80,180851,35211307.00,8.63,-1.52,-0.03,1.53
2013-06-26,1.95,1.94,1.95,1.90,115825,22991926.00,2.58,0.00,0.00,0.98
2013-06-27,1.94,1.95,1.98,1.92,109795,22077001.00,3.09,0.52,0.01,0.93
2013-06-28,1.94,1.95,2.00,1.91,100491,20265985.00,4.62,0.00,0.00,0.85
2013-07-01,1.94,1.96,1.97,1.92,73028,14645053.00,2.56,0.51,0.01,0.62
2013-07-02,1.97,1.96,1.98,1.94,56047,11276653.00,2.04,0.00,0.00,0.47
2013-07-03,1.96,1.94,1.96,1.90,65666,13058598.00,3.06,-1.02,-0.02,0.56
2013-07-04,1.93,1.96,1.97,1.91,90882,18239556.00,3.09,1.03,0.02,0.77
2013-07-05,1.96,1.97,2.00,1.95,106008,21374775.00,2.55,0.51,0.01,0.90
2013-07-08,1.96,1.88,1.96,1.88,110392,21573611.00,4.06,-4.57,-0.09,0.93
2013-07-09,1.88,1.90,1.91,1.87,58095,11219002.00,2.13,1.06,0.02,0.49
2013-07-10,1.90,2.00,2.02,1.89,155400,31085236.00,6.84,5.26,0.10,1.32
2013-07-11,2.00,2.04,2.09,1.96,245448,50614297.00,6.50,2.00,0.04,2.08
2013-07-12,2.03,1.99,2.04,1.99,117558,24132652.00,2.45,-2.45,-0.05,1.00
2013-07-15,1.99,2.03,2.04,1.99,85048,17507677.00,2.51,2.01,0.04,0.72
2013-07-16,2.02,2.04,2.04,2.00,116511,24055198.00,1.97,0.49,0.01,0.99
2013-07-17,2.03,2.01,2.05,2.01,87891,18147164.00,1.96,-1.47,-0.03,0.74
2013-07-18,2.01,2.03,2.06,1.98,101663,20764711.00,3.98,1.00,0.02,0.86
2013-07-19,2.12,2.04,2.16,2.03,507536,108783810.00,6.40,0.49,0.01,4.30
2013-07-22,1.98,1.98,1.99,1.95,188524,37923876.00,1.96,-2.94,-0.06,1.60
2013-07-23,1.99,2.02,2.02,1.97,159275,32515810.00,2.53,2.02,0.04,1.35
2013-07-24,2.00,1.99,2.01,1.98,104963,21309490.00,1.49,-1.49,-0.03,0.89
2013-07-25,2.00,1.98,2.00,1.98,73103,14817689.00,1.01,-0.50,-0.01,0.62
2013-07-26,1.98,1.96,1.99,1.95,83640,16797249.00,2.02,-1.01,-0.02,0.71
2013-07-29,1.96,1.92,1.96,1.91,87728,17304479.00,2.55,-2.04,-0.04,0.74
2013-07-30,1.93,1.92,1.95,1.90,71631,14101837.00,2.60,0.00,0.00,0.61
2013-07-31,1.93,1.94,1.97,1.92,94602,18750650.00,2.60,1.04,0.02,0.80
2013-08-01,1.94,1.99,1.99,1.92,133271,26697376.00,3.61,2.58,0.05,1.13
2013-08-02,1.99,1.98,2.00,1.96,102326,20638427.00,2.01,-0.50,-0.01,0.87
2013-08-06,2.06,2.01,2.06,1.99,201474,41465607.00,3.54,1.52,0.03,1.71
2013-08-07,2.00,1.99,2.01,1.98,119472,24348251.00,1.49,-1.00,-0.02,1.01
2013-08-08,1.99,2.01,2.01,1.98,84527,17205426.00,1.51,1.01,0.02,0.72
2013-08-09,2.01,2.00,2.02,1.98,113739,23166934.00,1.99,-0.50,-0.01,0.96
2013-08-12,1.99,2.03,2.04,1.99,168152,34657274.00,2.50,1.50,0.03,1.42
2013-08-13,2.03,2.06,2.08,2.02,205620,43173124.00,2.96,1.48,0.03,1.74
2013-08-14,2.07,2.04,2.07,2.02,186740,38948663.00,2.43,-0.97,-0.02,1.58
2013-08-15,2.05,2.02,2.05,2.01,102947,21318128.00,1.96,-0.98,-0.02,0.87
2013-08-16,2.01,2.02,2.06,1.99,185416,38337604.00,3.47,0.00,0.00,1.57
2013-08-19,1.99,2.02,2.02,1.99,91571,18732525.00,1.49,0.00,0.00,0.78
2013-08-20,2.01,2.04,2.07,2.00,161881,33653396.00,3.47,0.99,0.02,1.37
2013-08-21,2.04,2.05,2.05,2.01,85519,17674337.00,1.96,0.49,0.01,0.72
2013-08-22,2.04,2.04,2.05,2.02,83973,17412126.00,1.46,-0.49,-0.01,0.71
2013-08-23,2.04,2.01,2.04,1.99,93201,19161147.00,2.45,-1.47,-0.03,0.79
2013-08-26,2.00,2.07,2.09,1.99,219330,45945460.00,4.98,2.99,0.06,1.86
2013-08-27,2.06,2.07,2.08,2.04,154486,32474491.00,1.93,0.00,0.00,1.31
2013-08-28,2.05,2.06,2.08,2.03,135972,28457224.00,2.42,-0.48,-0.01,1.15
2013-08-29,2.06,2.09,2.13,2.05,230435,49277556.00,3.88,1.46,0.03,1.95
2013-08-30,2.10,2.12,2.17,2.09,287476,62415429.00,3.83,1.44,0.03,2.43
2013-09-02,2.11,2.13,2.14,2.07,164625,35342583.00,3.30,0.47,0.01,1.39
2013-09-03,2.12,2.16,2.18,2.11,166611,36491745.00,3.29,1.41,0.03,1.41
2013-09-04,2.16,2.21,2.24,2.13,364483,81911872.00,5.09,2.31,0.05,3.09
2013-09-05,2.20,2.14,2.20,2.14,252761,55538491.00,2.71,-3.17,-0.07,2.14
2013-09-06,2.13,2.15,2.16,2.12,156667,34217629.00,1.87,0.47,0.01,1.33
2013-09-09,2.14,2.18,2.18,2.14,190344,41987618.00,1.86,1.40,0.03,1.61
2013-09-10,2.18,2.23,2.24,2.16,303971,68312948.00,3.67,2.29,0.05,2.57
2013-09-11,2.24,2.29,2.34,2.21,518561,120539507.00,5.83,2.69,0.06,4.39
2013-09-12,2.28,2.31,2.36,2.25,443798,104520029.00,4.80,0.87,0.02,3.76
2013-09-13,2.29,2.24,2.31,2.21,302335,69285475.00,4.33,-3.03,-0.07,2.56
2013-09-16,2.24,2.25,2.26,2.20,165393,37523071.00,2.68,0.45,0.01,1.40
2013-09-17,2.24,2.17,2.24,2.16,194332,43450965.00,3.56,-3.56,-0.08,1.65
2013-09-18,2.17,2.19,2.19,2.15,109255,24185881.00,1.84,0.92,0.02,0.93
2013-09-23,2.19,2.20,2.21,2.17,114386,25530388.00,1.83,0.46,0.01,0.97
2013-09-24,2.20,2.18,2.20,2.14,151876,33494522.00,2.73,-0.91,-0.02,1.29
2013-09-25,2.17,2.16,2.18,2.14,114328,25222231.00,1.83,-0.92,-0.02,0.97
2013-09-26,2.16,2.10,2.16,2.09,118471,25650701.00,3.24,-2.78,-0.06,1.00
2013-09-27,2.10,2.09,2.12,2.08,75371,16129576.00,1.90,-0.48,-0.01,0.64
2013-09-30,2.10,2.11,2.12,2.09,51215,10959860.00,1.44,0.96,0.02,0.43
2013-10-08,2.10,2.14,2.15,2.09,85619,18527940.00,2.84,1.42,0.03,0.73
2013-10-09,2.14,2.15,2.15,2.12,88765,19331617.00,1.40,0.47,0.01,0.75
2013-10-10,2.14,2.16,2.19,2.13,154196,33916200.00,2.79,0.47,0.01,1.31
2013-10-11,2.14,2.17,2.18,2.14,133798,29511625.00,1.85,0.46,0.01,1.13
2013-10-14,2.17,2.20,2.20,2.16,196738,43758151.00,1.84,1.38,0.03,1.67
2013-10-15,2.19,2.18,2.20,2.16,126813,28037341.00,1.82,-0.91,-0.02,1.07
2013-10-16,2.17,2.12,2.18,2.11,132615,28833106.00,3.21,-2.75,-0.06,1.12
2013-10-17,2.13,2.17,2.18,2.13,126833,27745439.00,2.36,2.36,0.05,1.07
2013-10-18,2.18,2.17,2.18,2.14,89148,19623618.00,1.84,0.00,0.00,0.75
2013-10-21,2.16,2.20,2.23,2.13,198696,44203795.00,4.61,1.38,0.03,1.68
2013-10-22,2.19,2.24,2.28,2.16,347776,78564248.00,5.45,1.82,0.04,2.95
2013-10-23,2.36,2.27,2.46,2.26,1083389,260711104.00,8.93,1.34,0.03,9.17
2013-10-24,2.17,2.20,2.25,2.17,397757,89151944.00,3.52,-3.08,-0.07,3.37
2013-10-25,2.18,2.14,2.21,2.12,231699,50945144.00,4.09,-2.73,-0.06,1.96
2013-10-28,2.14,2.12,2.16,2.11,148065,31997658.00,2.34,-0.93,-0.02,1.25
2013-10-29,2.12,2.07,2.14,2.03,218129,46357714.00,5.19,-2.36,-0.05,1.85
2013-10-30,2.07,2.11,2.11,2.04,134882,28516863.00,3.38,1.93,0.04,1.14
2013-10-31,2.10,2.10,2.11,2.07,102362,21771253.00,1.90,-0.47,-0.01,0.87
2013-11-01,2.11,2.09,2.12,2.06,185303,39345402.00,2.86,-0.48,-0.01,1.57
2013-11-04,2.09,2.08,2.09,2.06,84125,17788243.00,1.44,-0.48,-0.01,0.71
2013-11-05,2.08,2.09,2.10,2.04,110700,23336213.00,2.88,0.48,0.01,0.94
2013-11-06,2.08,2.07,2.09,2.06,89242,18877931.00,1.44,-0.96,-0.02,0.76
2013-11-07,2.06,2.05,2.08,2.04,71147,14938447.00,1.93,-0.97,-0.02,0.60
2013-11-08,2.05,2.03,2.05,2.01,68859,14273326.00,1.95,-0.98,-0.02,0.58
2013-11-11,2.03,2.03,2.03,2.00,113421,23288622.00,1.48,0.00,0.00,0.96
2013-11-12,2.02,2.03,2.04,2.01,124535,25667750.00,1.48,0.00,0.00,1.05
2013-11-13,2.02,1.99,2.03,1.98,96252,19668178.00,2.46,-1.97,-0.04,0.82
2013-11-14,1.98,2.00,2.01,1.97,82289,16690112.00,2.01,0.50,0.01,0.70
2013-11-15,2.00,2.03,2.05,1.98,127893,26390212.00,3.50,1.50,0.03,1.08
2013-11-18,2.03,2.07,2.07,2.03,128691,26857941.00,1.97,1.97,0.04,1.09
2013-11-19,2.07,2.07,2.07,2.04,102771,21567776.00,1.45,0.00,0.00,0.87
2013-11-20,2.07,2.08,2.09,2.05,131746,27829248.00,1.93,0.48,0.01,1.12
2013-11-21,2.08,2.07,2.09,2.06,87875,18547864.00,1.44,-0.48,-0.01,0.74
2013-11-22,2.07,2.09,2.09,2.06,129304,27386079.00,1.45,0.97,0.02,1.09
2013-11-25,2.07,2.07,2.09,2.06,105149,22197637.00,1.44,-0.96,-0.02,0.89
2013-11-26,2.07,2.08,2.08,2.05,148793,31295339.00,1.45,0.48,0.01,1.26
2013-11-27,2.07,2.08,2.08,2.06,94470,19969931.00,0.96,0.00,0.00,0.80
2013-11-28,2.08,2.09,2.11,2.07,149090,31804364.00,1.92,0.48,0.01,1.26
2013-11-29,2.10,2.11,2.12,2.09,185801,39941304.00,1.44,0.96,0.02,1.57
2013-12-02,2.08,2.04,2.10,2.01,184012,38674189.00,4.27,-3.32,-0.07,1.56
2013-12-03,2.04,2.08,2.08,2.02,81685,17086317.00,2.94,1.96,0.04,0.69
2013-12-04,2.07,2.10,2.11,2.06,166215,35484242.00,2.40,0.96,0.02,1.41
2013-12-05,2.09,2.10,2.10,2.08,95349,20311552.00,0.95,0.00,0.00,0.81
2013-12-06,2.10,2.12,2.14,2.09,211968,45796042.00,2.38,0.95,0.02,1.80
2013-12-09,2.13,2.14,2.16,2.12,160266,34941133.00,1.89,0.94,0.02,1.36
2013-12-10,2.13,2.12,2.14,2.11,118355,25579610.00,1.40,-0.93,-0.02,1.00
2013-12-11,2.12,2.08,2.12,2.07,108595,23137362.00,2.36,-1.89,-0.04,0.92
2013-12-12,2.08,2.09,2.10,2.08,58662,12483545.00,0.96,0.48,0.01,0.50
2013-12-13,2.08,2.09,2.11,2.08,59675,12724178.00,1.44,0.00,0.00,0.51
2013-12-16,2.08,2.06,2.10,2.05,72148,15209482.00,2.39,-1.44,-0.03,0.61
2013-12-17,2.07,2.04,2.07,2.03,78736,16426844.00,1.94,-0.97,-0.02,0.67
2013-12-18,2.04,2.05,2.06,2.03,44294,9241935.00,1.47,0.49,0.01,0.38
2013-12-19,2.05,2.03,2.07,2.02,58157,12110879.00,2.44,-0.98,-0.02,0.49
2013-12-20,2.03,2.00,2.04,1.99,75596,15516970.00,2.46,-1.48,-0.03,0.64
2013-12-23,2.01,2.02,2.02,1.98,61181,12489848.00,2.00,1.00,0.02,0.52
2013-12-24,2.02,2.01,2.03,2.00,52786,10850935.00,1.49,-0.50,-0.01,0.45
2013-12-25,2.01,2.04,2.04,2.01,55960,11561042.00,1.49,1.49,0.03,0.47
2013-12-26,2.04,2.00,2.04,2.00,71628,14723206.00,1.96,-1.96,-0.04,0.61
2013-12-27,2.00,2.03,2.03,1.99,50727,10437004.00,2.00,1.50,0.03,0.43
2013-12-30,2.02,2.02,2.04,2.01,51740,10683177.00,1.48,-0.49,-0.01,0.44
2013-12-31,2.02,2.02,2.04,2.00,54742,11285829.00,1.98,0.00,0.00,0.46
2014-01-02,2.02,2.02,2.03,2.01,41066,8461586.00,0.99,0.00,0.00,0.35
2014-01-03,2.02,2.00,2.02,1.98,67472,13737102.00,1.98,-0.99,-0.02,0.57
2014-01-06,1.99,1.95,2.00,1.93,97445,19429317.00,3.50,-2.50,-0.05,0.83
2014-01-07,1.94,1.94,1.96,1.93,41564,8256564.00,1.54,-0.51,-0.01,0.35
2014-01-08,1.94,1.94,1.95,1.93,46298,9173718.00,1.03,0.00,0.00,0.39
2014-01-09,1.94,1.92,1.96,1.91,67222,13302340.00,2.58,-1.03,-0.02,0.57
2014-01-10,1.92,1.90,1.92,1.88,71482,13835199.00,2.08,-1.04,-0.02,0.61
2014-01-13,1.89,1.90,1.92,1.88,51678,10044153.00,2.11,0.00,0.00,0.44
2014-01-14,1.90,1.93,1.93,1.89,52420,10243435.00,2.11,1.58,0.03,0.44
2014-01-15,1.92,1.97,1.97,1.91,100546,19899720.00,3.11,2.07,0.04,0.85
2014-01-16,1.96,1.96,2.00,1.95,87666,17564015.00,2.54,-0.51,-0.01,0.74
2014-01-17,1.96,1.92,1.96,1.90,67943,13339196.00,3.06,-2.04,-0.04,0.58
2014-01-20,1.91,1.91,1.93,1.89,40291,7850412.00,2.08,-0.52,-0.01,0.34
2014-01-21,1.92,1.98,1.98,1.91,94768,18864003.00,3.66,3.66,0.07,0.80
2014-01-22,1.98,2.03,2.03,1.97,157779,32364205.00,3.03,2.53,0.05,1.34
2014-01-23,2.02,2.03,2.04,2.00,108459,22299808.00,1.97,0.00,0.00,0.92
2014-01-24,2.06,2.05,2.09,2.03,274794,57599863.00,2.96,0.99,0.02,2.33
2014-01-27,2.04,2.00,2.04,2.00,112461,23087728.00,1.95,-2.44,-0.05,0.95
2014-01-28,1.99,2.00,2.02,1.99,60115,12255050.00,1.50,0.00,0.00,0.51
2014-01-29,2.01,2.01,2.01,1.99,44655,9114750.00,1.00,0.50,0.01,0.38
2014-01-30,2.01,1.97,2.01,1.97,43645,8848436.00,1.99,-1.99,-0.04,0.37
2014-02-07,1.98,2.01,2.01,1.97,55949,11362615.00,2.03,2.03,0.04,0.47
2014-02-10,2.02,2.05,2.05,2.01,133574,27713581.00,1.99,1.99,0.04,1.13
2014-02-11,2.04,2.04,2.06,2.03,113329,23607935.00,1.46,-0.49,-0.01,0.96
2014-02-12,2.04,2.07,2.09,2.03,198439,41565874.00,2.94,1.47,0.03,1.68
2014-02-13,2.06,2.03,2.07,2.03,133777,27994734.00,1.93,-1.93,-0.04,1.13
2014-02-14,2.03,2.07,2.07,2.03,153688,32233000.00,1.97,1.97,0.04,1.30
2014-02-17,2.07,2.09,2.10,2.06,160645,34055873.00,1.93,0.97,0.02,1.36
2014-02-18,2.08,2.08,2.10,2.06,138034,29195021.00,1.91,-0.48,-0.01,1.17
2014-02-19,2.07,2.11,2.12,2.06,203078,43426637.00,2.88,1.44,0.03,1.72
2014-02-20,2.10,2.09,2.11,2.07,142706,30421152.00,1.90,-0.95,-0.02,1.21
2014-02-21,2.09,2.06,2.09,2.05,107070,22611421.00,1.91,-1.44,-0.03,0.91
2014-02-24,2.04,2.01,2.05,1.99,156632,32185116.00,2.91,-2.43,-0.05,1.33
2014-02-25,2.01,1.94,2.02,1.93,180899,36546241.00,4.48,-3.48,-0.07,1.53
2014-02-26,1.95,1.97,1.97,1.93,78284,15587592.00,2.06,1.55,0.03,0.66
2014-02-27,1.97,1.95,1.98,1.94,76032,15215196.00,2.03,-1.02,-0.02,0.64
2014-02-28,1.95,1.97,1.97,1.94,82648,16497292.00,1.54,1.03,0.02,0.70
2014-03-03,1.97,2.00,2.00,1.96,90023,18260236.00,2.03,1.52,0.03,0.76
2014-03-04,2.00,1.99,2.00,1.98,65145,13211465.00,1.00,-0.50,-0.01,0.55
2014-03-05,1.99,1.98,2.02,1.98,93860,19141281.00,2.01,-0.50,-0.01,0.79
2014-03-06,1.98,2.01,2.01,1.97,67592,13737771.00,2.02,1.52,0.03,0.57
2014-03-07,2.01,1.98,2.01,1.98,49974,10168609.00,1.49,-1.49,-0.03,0.42
2014-03-10,1.98,1.95,1.99,1.93,97601,19479472.00,3.03,-1.52,-0.03,0.83
2014-03-11,1.95,1.96,1.97,1.93,62529,12434593.00,2.05,0.51,0.01,0.53
2014-03-12,1.96,1.97,1.98,1.94,68415,13689821.00,2.04,0.51,0.01,0.58
2014-03-13,1.97,1.99,1.99,1.96,57487,11597172.00,1.52,1.02,0.02,0.49
2014-03-14,1.98,1.99,1.99,1.95,104019,20893525.00,2.01,0.00,0.00,0.88
2014-03-17,2.00,2.05,2.05,2.00,192787,39782593.00,2.51,3.02,0.06,1.63
2014-03-18,2.04,2.01,2.04,2.00,168108,34606169.00,1.95,-1.95,-0.04,1.42
2014-03-19,2.01,2.00,2.02,1.98,94987,19368187.00,1.99,-0.50,-0.01,0.80
2014-03-20,2.00,1.98,2.02,1.98,89527,18305834.00,2.00,-1.00,-0.02,0.76
2014-03-21,1.98,2.07,2.07,1.96,251894,51978351.00,5.56,4.55,0.09,2.13
2014-03-24,2.09,2.06,2.10,2.03,248366,52250855.00,3.38,-0.48,-0.01,2.10
2014-03-25,2.07,2.05,2.08,2.04,165834,34857087.00,1.94,-0.49,-0.01,1.40
2014-03-26,2.05,2.08,2.08,2.03,138714,29055913.00,2.44,1.46,0.03,1.17
2014-03-27,2.06,2.05,2.08,2.04,94601,19873589.00,1.92,-1.44,-0.03,0.80
2014-03-28,2.05,2.03,2.07,2.03,98559,20573650.00,1.95,-0.98,-0.02,0.83
2014-03-31,2.03,2.03,2.06,2.02,82652,17179806.00,1.97,0.00,0.00,0.70
2014-04-01,2.03,2.05,2.05,2.03,63194,13138915.00,0.99,0.99,0.02,0.54
2014-04-02,2.05,2.07,2.08,2.03,168014,35335919.00,2.44,0.98,0.02,1.42
2014-04-03,2.06,2.04,2.08,2.03,119842,25078635.00,2.42,-1.45,-0.03,1.01
2014-04-04,2.04,2.07,2.08,2.03,117455,24688422.00,2.45,1.47,0.03,0.99
2014-04-08,2.06,2.08,2.09,2.05,137778,29075228.00,1.93,0.48,0.01,1.17
2014-04-09,2.07,2.07,2.09,2.06,119282,25148884.00,1.44,-0.48,-0.01,1.01
2014-04-10,2.07,2.07,2.08,2.05,134654,28352315.00,1.45,0.00,0.00,1.14
2014-04-11,2.06,2.07,2.07,2.05,133165,27932916.00,0.97,0.00,0.00,1.13
2014-04-14,2.06,2.11,2.14,2.05,286713,61126778.00,4.35,1.93,0.04,2.43
2014-04-15,2.11,2.08,2.11,2.06,263782,56111609.00,2.37,-1.42,-0.03,2.23
2014-04-16,2.07,2.06,2.08,2.06,92441,19479152.00,0.96,-0.96,-0.02,0.78
2014-04-17,2.06,2.05,2.08,2.05,86325,18123818.00,1.46,-0.49,-0.01,0.73
2014-04-18,2.05,2.05,2.06,2.04,65386,13672904.00,0.98,0.00,0.00,0.55
2014-04-21,2.05,2.01,2.05,2.00,104908,21719256.00,2.44,-1.95,-0.04,0.89
2014-04-22,2.01,2.02,2.03,1.99,111037,22717230.00,1.99,0.50,0.01,0.94
2014-04-23,2.01,2.00,2.03,1.99,105874,21623157.00,1.98,-0.99,-0.02,0.90
2014-04-24,2.00,2.01,2.02,1.99,82496,16897062.00,1.50,0.50,0.01,0.70
2014-04-25,2.01,1.98,2.03,1.97,94480,19276048.00,2.99,-1.49,-0.03,0.80
2014-04-28,1.97,1.94,1.99,1.93,98398,19631223.00,3.03,-2.02,-0.04,0.83
2014-04-29,1.93,1.93,1.94,1.90,110128,21611529.00,2.06,-0.52,-0.01,0.93
2014-04-30,1.93,1.94,1.95,1.92,69485,13733682.00,1.55,0.52,0.01,0.59
2014-05-05,1.94,1.95,1.95,1.92,56395,11166875.00,1.55,0.52,0.01,0.48
2014-05-06,1.95,1.95,1.97,1.94,60225,12002424.00,1.54,0.00,0.00,0.51
2014-05-07,1.95,1.93,1.95,1.93,50598,10011998.00,1.03,-1.03,-0.02,0.43
2014-05-08,1.93,1.95,1.97,1.92,54402,10788824.00,2.59,1.04,0.02,0.46
2014-05-09,1.94,1.93,1.95,1.92,60516,11919031.00,1.54,-1.03,-0.02,0.51
2014-05-12,1.94,1.97,1.98,1.93,89297,17844587.00,2.59,2.07,0.04,0.76
2014-05-13,1.97,1.96,1.98,1.95,53523,10725428.00,1.52,-0.51,-0.01,0.45
2014-05-14,1.96,1.96,1.97,1.95,43489,8707497.00,1.02,0.00,0.00,0.37
2014-05-15,1.96,1.94,1.97,1.93,61164,12166918.00,2.04,-1.02,-0.02,0.52
2014-05-16,1.94,1.95,1.96,1.92,63428,12528773.00,2.06,0.52,0.01,0.54
2014-05-19,1.94,1.93,1.95,1.92,49869,9816756.00,1.54,-1.03,-0.02,0.42
2014-05-20,1.94,1.94,1.95,1.93,33207,6563536.00,1.04,0.52,0.01,0.28
2014-05-21,1.93,1.94,1.95,1.92,48555,9600265.00,1.55,0.00,0.00,0.41
2014-05-22,1.94,1.94,1.96,1.93,57029,11311439.00,1.55,0.00,0.00,0.48
2014-05-23,1.93,1.94,1.95,1.92,36130,7140844.00,1.55,0.00,0.00,0.31
2014-05-26,1.95,1.94,1.96,1.93,57284,11377530.00,1.55,0.00,0.00,0.49
2014-05-27,1.94,1.95,1.96,1.94,34229,6803680.00,1.03,0.52,0.01,0.29
2014-05-28,1.95,1.96,1.96,1.94,66923,13303672.00,1.03,0.51,0.01,0.57
2014-05-29,1.96,1.95,1.96,1.94,50565,10053744.00,1.02,-0.51,-0.01,0.43
2014-05-30,1.95,1.94,1.96,1.93,53892,10694833.00,1.54,-0.51,-0.01,0.46
2014-06-03,1.94,1.94,1.96,1.94,52350,10411373.00,1.03,0.00,0.00,0.44
2014-06-04,1.94,1.93,1.95,1.92,39282,7735062.00,1.55,-0.52,-0.01,0.33
2014-06-05,1.93,1.95,1.95,1.92,35997,7109147.00,1.55,1.04,0.02,0.30
2014-06-06,1.95,1.92,1.95,1.92,32753,6456633.00,1.54,-1.54,-0.03,0.28
2014-06-09,1.92,1.93,1.94,1.92,54115,10637321.00,1.04,0.52,0.01,0.46
2014-06-10,1.93,1.94,1.95,1.92,53048,10474724.00,1.55,0.52,0.01,0.45
2014-06-11,1.95,1.95,1.95,1.93,33570,6645798.00,1.03,0.52,0.01,0.28
2014-06-12,1.94,1.94,1.95,1.93,39206,7769010.00,1.03,-0.51,-0.01,0.33
2014-06-13,1.94,1.96,1.96,1.94,54247,10810021.00,1.03,1.03,0.02,0.46
2014-06-16,1.97,1.97,1.98,1.96,56348,11201319.00,1.02,0.51,0.01,0.48
2014-06-17,1.96,1.96,1.97,1.95,40838,8080861.00,1.02,-0.51,-0.01,0.35
2014-06-18,1.96,1.96,1.97,1.95,68738,13608241.00,1.02,0.00,0.00,0.58
2014-06-19,1.96,1.95,1.97,1.93,53482,10504560.00,2.04,-0.51,-0.01,0.45
2014-06-20,1.94,1.94,1.96,1.93,55560,10910015.00,1.54,-0.51,-0.01,0.47
2014-06-23,1.94,1.94,1.95,1.93,43163,8456893.00,1.03,0.00,0.00,0.37
2014-06-24,1.93,1.94,1.95,1.93,46601,9129961.00,1.03,0.00,0.00,0.39
2014-06-25,1.94,1.93,1.94,1.93,29125,5683744.00,0.52,-0.52,-0.01,0.25
2014-06-26,1.93,1.95,1.96,1.93,63739,12540836.00,1.55,1.04,0.02,0.54
2014-06-27,1.95,1.98,2.01,1.94,166800,33407838.00,3.59,1.54,0.03,1.41
2014-06-30,1.98,2.00,2.00,1.96,88689,17798902.00,2.02,1.01,0.02,0.75
2014-07-01,2.00,1.99,2.00,1.98,65372,13124443.00,1.00,-0.50,-0.01,0.55
2014-07-02,2.00,2.00,2.01,1.98,86246,17373341.00,1.51,0.50,0.01,0.73
2014-07-03,1.99,2.04,2.05,1.99,214630,43965477.00,3.00,2.00,0.04,1.82
2014-07-04,2.04,2.03,2.05,2.02,123340,25287108.00,1.47,-0.49,-0.01,1.04
2014-07-07,2.04,2.04,2.05,2.02,108833,22427568.00,1.48,0.49,0.01,0.92
2014-07-08,2.03,2.03,2.04,2.01,109279,22310032.00,1.47,-0.49,-0.01,0.93
2014-07-09,2.02,1.98,2.03,1.98,124746,25209345.00,2.46,-2.46,-0.05,1.06
2014-07-10,1.98,2.00,2.01,1.98,74669,15024000.00,1.52,1.01,0.02,0.63
2014-07-11,1.99,2.01,2.02,1.99,67780,13728530.00,1.50,0.50,0.01,0.57
2014-07-14,2.01,2.03,2.04,2.01,104544,21364580.00,1.49,1.00,0.02,0.89
2014-07-15,2.04,2.04,2.04,2.02,110119,22572778.00,0.99,0.49,0.01,0.93
2014-07-16,2.04,2.03,2.05,2.03,134337,27670305.00,0.98,-0.49,-0.01,1.14
2014-07-17,2.04,2.01,2.04,2.01,87024,17769326.00,1.48,-0.99,-0.02,0.74
2014-07-18,2.02,2.02,2.04,2.01,56304,11514387.00,1.49,0.50,0.01,0.48
2014-07-21,2.02,2.03,2.04,2.01,52313,10688827.00,1.49,0.50,0.01,0.44
2014-07-22,2.03,2.04,2.04,2.01,94031,19246836.00,1.48,0.49,0.01,0.80
2014-07-23,2.04,2.03,2.05,2.02,137018,28128568.00,1.47,-0.49,-0.01,1.16
2014-07-24,2.02,2.04,2.04,2.01,160554,32885827.00,1.48,0.49,0.01,1.36
2014-07-25,2.04,2.06,2.07,2.02,266780,55218814.00,2.45,0.98,0.02,2.26
2014-07-28,2.06,2.08,2.09,2.06,266606,55947901.00,1.46,0.97,0.02,2.26
2014-07-29,2.09,2.09,2.10,2.07,241517,50859512.00,1.44,0.48,0.01,2.05
2014-07-30,2.09,2.10,2.10,2.07,198847,41939099.00,1.44,0.48,0.01,1.68
2014-07-31,2.09,2.17,2.26,2.09,833891,184095908.00,8.10,3.33,0.07,7.06
2014-08-01,2.15,2.13,2.17,2.12,384761,83363211.00,2.30,-1.84,-0.04,3.26
2014-08-04,2.13,2.18,2.19,2.13,331800,72588042.00,2.82,2.35,0.05,2.81
2014-08-05,2.18,2.18,2.21,2.16,264897,58182956.00,2.29,0.00,0.00,2.24
2014-08-06,2.18,2.25,2.29,2.16,562404,127069931.00,5.96,3.21,0.07,4.76
2014-08-07,2.24,2.20,2.27,2.18,373456,83635016.00,4.00,-2.22,-0.05,3.16
2014-08-08,2.21,2.19,2.22,2.16,201888,44449236.00,2.73,-0.45,-0.01,1.71
2014-08-11,2.20,2.22,2.23,2.19,194899,43465787.00,1.83,1.37,0.03,1.65
2014-08-12,2.22,2.22,2.23,2.18,188391,41830299.00,2.25,0.00,0.00,1.60
2014-08-13,2.22,2.20,2.22,2.17,184799,40894759.00,2.25,-0.90,-0.02,1.56
2014-08-14,2.19,2.18,2.23,2.17,225823,50155906.00,2.73,-0.91,-0.02,1.91
2014-08-15,2.18,2.20,2.20,2.17,190448,42018217.00,1.38,0.92,0.02,1.61
2014-08-18,2.19,2.23,2.25,2.19,267031,59827480.00,2.73,1.36,0.03,2.26
2014-08-19,2.23,2.24,2.26,2.21,209770,47279638.00,2.24,0.45,0.01,1.78
2014-08-20,2.24,2.25,2.26,2.23,265338,60078900.00,1.34,0.45,0.01,2.25
2014-08-21,2.24,2.29,2.35,2.24,540711,125082695.00,4.89,1.78,0.04,4.58
2014-08-22,2.29,2.28,2.29,2.25,226850,51907814.00,1.75,-0.44,-0.01,1.92
2014-08-25,2.28,2.26,2.30,2.25,212679,48638508.00,2.19,-0.88,-0.02,1.80
2014-08-26,2.26,2.21,2.27,2.19,248636,56111968.00,3.54,-2.21,-0.05,2.11
2014-08-27,2.21,2.23,2.24,2.19,178599,39973476.00,2.26,0.90,0.02,1.51
2014-08-28,2.21,2.20,2.23,2.19,139271,31074764.00,1.79,-1.35,-0.03,1.18
2014-08-29,2.20,2.23,2.23,2.19,117076,26153858.00,1.82,1.36,0.03,0.99
2014-09-01,2.27,2.28,2.32,2.26,298088,68718152.00,2.69,2.24,0.05,2.52
2014-09-02,2.28,2.32,2.33,2.26,292890,67778487.00,3.07,1.75,0.04,2.48
2014-09-03,2.32,2.32,2.33,2.30,227444,53067007.00,1.29,0.00,0.00,1.93
2014-09-04,2.31,2.37,2.43,2.29,465498,110322487.00,6.03,2.16,0.05,3.94
2014-09-05,2.36,2.38,2.40,2.34,259251,61888513.00,2.53,0.42,0.01,2.20
2014-09-09,2.40,2.43,2.46,2.39,365854,89655427.00,2.94,2.10,0.05,3.10
2014-09-10,2.42,2.50,2.51,2.40,442486,110465686.00,4.53,2.88,0.07,3.75
2014-09-11,2.49,2.75,2.75,2.48,628031,171495811.00,10.80,10.00,0.25,5.32
2014-09-12,2.83,2.91,3.03,2.81,2286011,669450656.00,8.00,5.82,0.16,19.36
2014-09-15,2.86,2.87,2.91,2.77,1025493,293994240.00,4.81,-1.37,-0.04,8.68
2014-09-16,2.83,3.04,3.16,2.82,1972522,601771232.00,11.85,5.92,0.17,16.70
2014-09-17,3.07,3.23,3.35,2.91,1908903,600831920.00,14.47,6.25,0.19,16.17
2014-09-18,3.08,3.10,3.33,3.05,1261862,399512736.00,8.67,-4.02,-0.13,10.69
2014-09-19,3.08,3.03,3.10,2.98,839209,255494319.00,3.87,-2.26,-0.07,7.11
2014-09-22,3.01,2.97,3.01,2.94,521506,155576728.00,2.31,-1.98,-0.06,4.42
2014-09-23,2.98,3.07,3.07,2.94,639061,193639076.00,4.38,3.37,0.10,5.41
2014-09-24,3.04,3.09,3.17,3.02,661260,206211003.00,4.89,0.65,0.02,5.60
2014-09-25,3.08,3.04,3.11,2.99,595662,183096965.00,3.88,-1.62,-0.05,5.04
2014-09-26,3.02,3.16,3.31,2.98,1044164,331041984.00,10.86,3.95,0.12,8.84
2014-09-29,3.11,3.10,3.18,3.07,600343,187861145.00,3.48,-1.90,-0.06,5.08
2014-09-30,3.12,3.12,3.19,3.08,433136,136383404.00,3.55,0.65,0.02,3.67
2014-10-08,3.15,3.16,3.22,3.14,382760,121912704.00,2.56,1.28,0.04,3.24
2014-10-09,3.17,3.32,3.33,3.17,798263,261216474.00,5.06,5.06,0.16,6.76
2014-10-10,3.32,3.27,3.37,3.25,503538,167181448.00,3.61,-1.51,-0.05,4.26
2014-10-13,3.26,3.28,3.42,3.24,605523,202647582.00,5.50,0.31,0.01,5.13
2014-10-14,3.29,3.18,3.32,3.15,608184,196874168.00,5.18,-3.05,-0.10,5.15
2014-10-15,3.20,3.19,3.23,3.11,448837,142674120.00,3.77,0.31,0.01,3.80
2014-10-16,3.16,3.05,3.20,2.98,559738,174579439.00,6.90,-4.39,-0.14,4.74
2014-10-17,3.04,2.96,3.04,2.81,524376,155473697.00,7.54,-2.95,-0.09,4.44
2014-10-20,2.98,3.01,3.01,2.90,269054,80380398.00,3.72,1.69,0.05,2.28
2014-10-21,3.02,2.96,3.02,2.95,206092,61830241.00,2.33,-1.66,-0.05,1.75
2014-10-22,2.96,2.88,2.97,2.84,229923,67417181.00,4.39,-2.70,-0.08,1.95
2014-10-23,2.86,2.78,2.87,2.77,280461,79210484.00,3.47,-3.47,-0.10,2.38
2014-10-24,2.77,2.80,2.84,2.77,181192,51152800.00,2.52,0.72,0.02,1.53
2014-10-27,2.81,2.83,2.87,2.79,166502,47503283.00,2.86,1.07,0.03,1.41
2014-10-28,2.84,2.93,2.93,2.84,222179,64621103.00,3.18,3.53,0.10,1.88
2014-10-29,2.95,2.98,3.03,2.94,329656,98822868.00,3.07,1.71,0.05,2.79
2014-10-30,2.99,3.09,3.17,2.97,595610,184124756.00,6.71,3.69,0.11,5.04
2014-10-31,3.11,3.06,3.17,3.01,514956,158919459.00,5.18,-0.97,-0.03,4.36
2014-11-03,3.05,3.18,3.21,3.02,671903,212142526.00,6.21,3.92,0.12,5.69
2014-11-04,3.17,3.26,3.28,3.13,803266,259791997.00,4.72,2.52,0.08,6.80
2014-11-05,3.40,3.59,3.59,3.40,1284625,458255072.00,5.83,10.12,0.33,10.88
2014-11-06,3.63,3.41,3.63,3.31,1577415,543632208.00,8.91,-5.01,-0.18,13.36
2014-11-07,3.38,3.26,3.48,3.22,1077819,362473920.00,7.62,-4.40,-0.15,9.13
2014-11-10,3.30,3.33,3.35,3.19,593246,196435072.00,4.91,2.15,0.07,5.02
2014-11-11,3.33,3.14,3.34,3.11,614419,197931016.00,6.91,-5.71,-0.19,5.20
2014-11-12,3.12,3.19,3.20,3.10,268077,85323265.00,3.18,1.59,0.05,2.27
2014-11-13,3.19,3.15,3.19,3.11,253133,80235970.00,2.51,-1.25,-0.04,2.14
2014-11-14,3.11,3.17,3.17,3.09,250443,79107012.00,2.54,0.63,0.02,2.12
2014-11-17,3.18,3.17,3.22,3.14,277341,89011649.00,2.52,0.00,0.00,2.35
2014-11-18,3.16,3.19,3.21,3.14,185173,59364686.00,2.21,0.63,0.02,1.57
2014-11-19,3.19,3.19,3.21,3.16,184915,59328412.00,1.57,0.00,0.00,1.57
2014-11-20,3.19,3.30,3.30,3.17,470480,153879439.00,4.08,3.45,0.11,3.98
2014-11-21,3.30,3.28,3.32,3.25,249955,82248473.00,2.12,-0.61,-0.02,2.12
2014-11-24,3.32,3.33,3.38,3.26,503392,168757724.00,3.66,1.52,0.05,4.26
2014-11-25,3.33,3.31,3.35,3.27,408643,135862309.00,2.40,-0.60,-0.02,3.46
2014-11-26,3.31,3.36,3.48,3.22,990716,331534880.00,7.85,1.51,0.05,8.39
2014-11-27,3.33,3.32,3.35,3.26,527546,175305064.00,2.68,-1.19,-0.04,4.47
2014-11-28,3.32,3.28,3.34,3.23,406896,134727981.00,3.31,-1.20,-0.04,3.45
2014-12-01,3.31,3.25,3.32,3.24,378635,124822660.00,2.44,-0.91,-0.03,3.21
2014-12-02,3.25,3.27,3.29,3.24,338516,111169750.00,1.54,0.62,0.02,2.87
2014-12-03,3.26,3.32,3.36,3.25,637610,212364654.00,3.36,1.53,0.05,5.40
2014-12-04,3.32,3.37,3.40,3.30,689119,233033977.00,3.01,1.51,0.05,5.84
2014-12-05,3.38,3.22,3.40,3.11,667497,218339830.00,8.61,-4.45,-0.15,5.65
2014-12-08,3.19,3.29,3.32,3.14,482804,157879438.00,5.59,2.17,0.07,4.09
2014-12-09,3.26,3.19,3.41,3.11,978439,324501728.00,9.12,-3.04,-0.10,8.29
2014-12-10,3.15,3.25,3.26,3.13,387003,124543896.00,4.08,1.88,0.06,3.28
2014-12-11,3.24,3.44,3.46,3.23,886628,297892160.00,7.08,5.85,0.19,7.51
2014-12-12,3.38,3.42,3.53,3.37,802824,277054400.00,4.65,-0.58,-0.02,6.80
2014-12-15,3.41,3.58,3.71,3.33,1044605,368205296.00,11.11,4.68,0.16,8.85
2014-12-16,3.55,3.78,3.84,3.51,1336236,496321168.00,9.22,5.59,0.20,11.32
2014-12-17,3.78,3.66,3.78,3.59,870045,320906496.00,5.03,-3.17,-0.12,7.37
2014-12-18,3.61,3.60,3.69,3.58,431075,156993777.00,3.01,-1.64,-0.06,3.65
2014-12-19,3.60,3.79,3.80,3.51,993575,369408016.00,8.06,5.28,0.19,8.41
2014-12-22,3.88,3.69,4.03,3.64,955908,367961152.00,10.29,-2.64,-0.10,8.09
2014-12-23,3.64,3.45,3.68,3.44,464233,165772958.00,6.50,-6.50,-0.24,3.93
2014-12-24,3.47,3.56,3.58,3.40,334048,117884562.00,5.22,3.19,0.11,2.83
2014-12-25,3.56,3.74,3.77,3.52,523377,194060004.00,7.02,5.06,0.18,4.43
2014-12-26,3.76,3.70,3.89,3.67,639573,243660966.00,5.88,-1.07,-0.04,5.42
2014-12-29,3.69,3.70,3.76,3.66,512041,191376307.00,2.70,0.00,0.00,4.34
2014-12-30,3.72,3.86,3.97,3.71,1023653,397053392.00,7.03,4.32,0.16,8.67
2014-12-31,3.82,3.81,3.86,3.71,559041,212299416.00,3.89,-1.30,-0.05,4.73
2015-01-05,3.80,3.88,3.95,3.78,635385,247913437.00,4.46,1.84,0.07,5.38
2015-01-06,3.91,3.92,4.01,3.85,600558,236653642.00,4.12,1.03,0.04,5.09
2015-01-07,3.92,3.83,3.92,3.79,487818,187777891.00,3.32,-2.30,-0.09,4.13
2015-01-08,3.86,3.69,3.86,3.68,422017,158802919.00,4.70,-3.66,-0.14,3.57
2015-01-09,3.69,3.67,3.76,3.66,262069,97760858.00,2.71,-0.54,-0.02,2.22
2015-01-12,3.66,3.50,3.67,3.48,316537,112958017.00,5.18,-4.63,-0.17,2.68
2015-01-13,3.50,3.53,3.59,3.48,154334,54931894.00,3.14,0.86,0.03,1.31
2015-01-14,3.55,3.51,3.56,3.49,153300,54296837.00,1.98,-0.57,-0.02,1.30
2015-01-15,3.50,3.57,3.58,3.47,255114,90485288.00,3.13,1.71,0.06,2.16
2015-01-16,3.58,3.59,3.62,3.55,173934,62778180.00,1.96,0.56,0.02,1.47
2015-01-19,3.46,3.23,3.49,3.23,438370,148002826.00,7.24,-10.03,-0.36,3.71
2015-01-20,3.24,3.35,3.38,3.24,266647,89443055.00,4.33,3.72,0.12,2.26
2015-01-21,3.36,3.46,3.47,3.35,257691,88857570.00,3.58,3.28,0.11,2.18
2015-01-22,3.48,3.49,3.53,3.45,234824,82438114.00,2.31,0.87,0.03,1.99
2015-01-23,3.48,3.46,3.53,3.44,212241,74362964.00,2.58,-0.86,-0.03,1.80
2015-01-26,3.46,3.53,3.54,3.43,194384,68283124.00,3.18,2.02,0.07,1.65
2015-01-27,3.54,3.59,3.60,3.50,306562,109637328.00,2.83,1.70,0.06,2.60
2015-01-28,3.59,3.75,3.78,3.52,651976,241409366.00,7.24,4.46,0.16,5.52
2015-01-29,3.66,3.65,3.72,3.63,367368,135399820.00,2.40,-2.67,-0.10,3.11
2015-01-30,3.65,3.54,3.69,3.53,243117,87963319.00,4.38,-3.01,-0.11,2.06
2015-02-02,3.53,3.54,3.61,3.43,189765,67015631.00,5.08,0.00,0.00,1.61
2015-02-03,3.54,3.60,3.65,3.54,157624,57027128.00,3.11,1.69,0.06,1.33
2015-02-04,3.62,3.60,3.64,3.58,183078,66470151.00,1.67,0.00,0.00,1.55
2015-02-05,3.65,3.47,3.66,3.45,191621,68215026.00,5.83,-3.61,-0.13,1.62
2015-02-06,3.47,3.36,3.51,3.34,183208,62958812.00,4.90,-3.17,-0.11,1.55
2015-02-09,3.34,3.37,3.41,3.34,95290,32381352.00,2.08,0.30,0.01,0.81
2015-02-10,3.38,3.42,3.45,3.35,102103,35041279.00,2.97,1.48,0.05,0.86
2015-02-11,3.44,3.43,3.47,3.41,82177,28422253.00,1.75,0.29,0.01,0.70
2015-02-12,3.43,3.49,3.51,3.43,122790,42827219.00,2.33,1.75,0.06,1.04
2015-02-13,3.48,3.54,3.58,3.48,142495,50789682.00,2.87,1.43,0.05,1.21
2015-02-16,3.56,3.70,3.77,3.54,429265,157070711.00,6.50,4.52,0.16,3.64
2015-02-17,3.71,3.64,3.73,3.63,211285,77568820.00,2.70,-1.62,-0.06,1.79
2015-02-25,3.66,3.68,3.73,3.62,230659,85267083.00,3.02,1.10,0.04,1.95
2015-02-26,3.68,3.75,3.75,3.65,317760,118721211.00,2.72,1.90,0.07,2.69
2015-02-27,3.75,3.73,3.77,3.71,224406,84135859.00,1.60,-0.53,-0.02,1.90
2015-03-02,3.78,3.76,3.80,3.73,276907,104526921.00,1.88,0.80,0.03,2.34
2015-03-03,3.76,3.83,3.88,3.66,627325,237643221.00,5.85,1.86,0.07,5.31
2015-03-04,3.79,3.86,3.90,3.78,424788,163965421.00,3.13,0.78,0.03,3.60
2015-03-05,3.88,3.94,4.00,3.87,652800,258587325.00,3.37,2.07,0.08,5.53
2015-03-06,3.94,4.18,4.33,3.89,941826,392114848.00,11.17,6.09,0.24,7.98
2015-03-09,4.12,4.28,4.32,4.09,620968,265501038.00,5.50,2.39,0.10,5.26
2015-03-10,4.29,4.28,4.46,4.22,546243,239389757.00,5.61,0.00,0.00,4.63
2015-03-11,4.29,4.71,4.71,4.29,1101397,506723200.00,9.81,10.05,0.43,9.33
2015-03-12,4.77,4.74,5.04,4.54,1347352,648653008.00,10.62,0.64,0.03,11.41
2015-03-13,4.70,4.72,4.76,4.56,579661,269919584.00,4.22,-0.42,-0.02,4.91
2015-03-16,4.76,4.88,5.01,4.61,823538,396605440.00,8.47,3.39,0.16,6.97
2015-03-17,4.90,4.87,4.95,4.79,642743,314460512.00,3.28,-0.20,-0.01,5.44
2015-03-18,4.91,4.88,4.94,4.81,611065,298284368.00,2.67,0.21,0.01,5.17
2015-03-19,4.87,4.83,4.88,4.78,735428,356732560.00,2.05,-1.02,-0.05,6.23
2015-03-20,4.80,5.09,5.15,4.80,891637,451203088.00,7.25,5.38,0.26,7.55
2015-03-23,5.12,5.19,5.22,5.00,792030,407284736.00,4.32,1.96,0.10,6.71
2015-03-24,5.26,5.35,5.45,5.03,862275,456017568.00,8.09,3.08,0.16,7.30
2015-03-25,5.35,5.76,5.88,5.24,1044463,591794688.00,11.96,7.66,0.41,8.84
2015-03-26,5.78,5.88,6.03,5.54,1106314,643077376.00,8.51,2.08,0.12,9.37
2015-03-27,5.88,5.84,5.95,5.76,466522,273780832.00,3.23,-0.68,-0.04,3.95
2015-03-30,5.89,5.97,6.13,5.79,586066,351931184.00,5.82,2.23,0.13,4.96
2015-03-31,6.00,5.85,6.13,5.80,607898,362847904.00,5.53,-2.01,-0.12,5.15
2015-04-01,5.85,5.91,5.98,5.68,654798,381326736.00,5.13,1.03,0.06,5.55
2015-04-02,5.91,6.01,6.01,5.76,604756,359527408.00,4.23,1.69,0.10,5.12
2015-04-03,5.99,6.22,6.32,5.91,698357,431616816.00,6.82,3.49,0.21,5.91
2015-04-07,6.23,6.22,6.32,6.13,732659,456669728.00,3.05,0.00,0.00,6.20
2015-04-08,6.17,6.03,6.21,5.89,839080,508452720.00,5.14,-3.05,-0.19,7.11
2015-04-09,6.00,5.82,6.00,5.53,659506,381062816.00,7.79,-3.48,-0.21,5.58
2015-04-10,5.82,5.85,5.91,5.69,427717,250783976.00,3.78,0.52,0.03,3.62
2015-04-13,5.85,6.06,6.17,5.77,627196,377732144.00,6.84,3.59,0.21,5.31
2015-04-14,6.06,6.07,6.19,5.94,705554,428592064.00,4.13,0.17,0.01,5.97
2015-04-15,5.98,5.88,6.06,5.78,533326,317691568.00,4.61,-3.13,-0.19,4.52
2015-04-16,5.79,5.92,5.99,5.73,432413,255347813.00,4.42,0.68,0.04,3.66
2015-04-17,5.93,6.51,6.51,5.93,1342433,848721776.00,9.80,9.97,0.59,11.37
2015-04-20,6.56,6.44,6.76,6.18,1124811,733610432.00,8.91,-1.08,-0.07,9.53
2015-04-21,6.45,6.66,6.67,6.37,603716,397514368.00,4.66,3.42,0.22,5.11
2015-04-22,6.73,7.12,7.23,6.73,711992,504258736.00,7.51,6.91,0.46,6.03
2015-04-23,7.13,7.35,7.45,6.97,766641,552584976.00,6.74,3.23,0.23,6.49
2015-04-24,7.17,7.15,7.30,6.96,569054,407247920.00,4.63,-2.72,-0.20,4.82
2015-04-27,7.14,7.23,7.63,7.13,560615,413126288.00,6.99,1.12,0.08,4.75
2015-04-28,7.31,6.85,7.31,6.71,719160,501199936.00,8.30,-5.26,-0.38,6.09
2015-04-29,6.83,6.97,7.08,6.66,448175,309074800.00,6.13,1.75,0.12,3.80
2015-04-30,6.95,6.95,7.06,6.81,430867,299428400.00,3.59,-0.29,-0.02,3.65
2015-05-04,6.95,6.91,7.04,6.79,357666,248587596.00,3.60,-0.58,-0.04,3.03
2015-05-05,6.99,6.76,7.15,6.68,465880,323143344.00,6.80,-2.17,-0.15,3.95
2015-05-06,6.83,6.40,6.87,6.23,459188,303417392.00,9.47,-5.33,-0.36,3.89
2015-05-07,6.28,5.97,6.40,5.91,465927,283211376.00,7.66,-6.72,-0.43,3.95
2015-05-08,5.96,6.12,6.13,5.96,387322,235013478.00,2.85,2.51,0.15,3.28
2015-05-11,6.30,6.29,6.36,6.16,541180,339666832.00,3.27,2.78,0.17,4.58
2015-05-12,6.30,6.47,6.52,6.30,419178,270941168.00,3.50,2.86,0.18,3.55
2015-05-13,6.55,6.28,6.56,6.23,511589,326920688.00,5.10,-2.94,-0.19,4.33
2015-05-14,6.28,6.72,6.87,6.24,738320,487133952.00,10.03,7.01,0.44,6.25
2015-05-15,6.66,6.99,7.18,6.54,855069,588267088.00,9.52,4.02,0.27,7.24
2015-05-18,7.01,6.85,7.22,6.81,561562,393950464.00,5.87,-2.00,-0.14,4.76
2015-05-19,6.87,6.98,7.04,6.80,445910,309556576.00,3.50,1.90,0.13,3.78
2015-05-20,6.98,7.12,7.23,6.90,653771,465470000.00,4.73,2.01,0.14,5.54
2015-05-21,7.13,7.21,7.26,7.03,565341,405766464.00,3.23,1.26,0.09,4.79
2015-05-22,7.35,7.44,7.56,7.18,776188,572866704.00,5.27,3.19,0.23,6.57
2015-05-25,7.44,8.18,8.19,7.32,1016137,800405776.00,11.69,9.95,0.74,8.60
2015-05-26,8.18,8.93,8.98,7.99,1128363,961104160.00,12.10,9.17,0.75,9.56
2015-05-27,8.97,9.07,9.46,8.49,1004197,891340608.00,10.86,1.57,0.14,8.50
2015-05-28,9.09,8.29,9.29,8.21,907119,810764688.00,11.91,-8.60,-0.78,7.68
2015-05-29,8.29,8.30,8.58,7.48,775401,632558928.00,13.27,0.12,0.01,6.57
2015-06-01,8.33,8.90,8.97,8.19,662820,574436512.00,9.40,7.23,0.60,5.61
2015-06-02,8.90,9.79,9.79,8.90,846447,811522704.00,10.00,10.00,0.89,7.17
2015-06-03,10.08,10.42,10.66,9.42,1079100,1096965584.00,12.67,6.44,0.63,9.14
2015-06-04,10.39,10.10,10.53,9.38,893792,895760224.00,11.04,-3.07,-0.32,7.57
2015-06-05,10.17,10.03,10.50,9.78,960231,967719024.00,7.13,-0.69,-0.07,8.13
2015-06-08,10.01,9.88,10.01,9.58,728168,714168144.00,4.29,-1.50,-0.15,6.17
2015-06-09,9.77,10.10,10.23,9.63,629761,632220352.00,6.07,2.23,0.22,5.33
2015-06-10,10.10,10.77,10.95,9.83,842249,883143472.00,11.09,6.63,0.67,7.13
2015-06-11,10.77,11.85,11.85,10.77,955886,1096948080.00,10.03,10.03,1.08,8.09
2015-06-12,12.03,11.87,12.43,11.29,1239355,1484047728.00,9.62,0.17,0.02,10.50
2015-06-15,11.68,11.64,11.97,11.43,638096,747706064.00,4.55,-1.94,-0.23,5.40
2015-06-16,11.38,10.79,11.53,10.74,657285,728159312.00,6.79,-7.30,-0.85,5.57
2015-06-17,10.79,11.23,11.29,9.93,715290,750383088.00,12.60,4.08,0.44,6.06
2015-06-18,11.18,10.98,11.70,10.88,694223,786212480.00,7.30,-2.23,-0.25,5.88
2015-06-19,10.56,9.88,10.93,9.88,482795,497873456.00,9.56,-10.02,-1.10,4.09
2015-06-23,9.88,9.57,10.08,8.89,548955,514004800.00,12.04,-3.14,-0.31,4.65
2015-06-24,9.70,9.80,10.17,9.48,537945,530797888.00,7.21,2.40,0.23,4.56
2015-06-25,9.88,9.08,9.97,8.84,539531,507239952.00,11.53,-7.35,-0.72,4.57
2015-06-26,8.68,8.17,8.68,8.17,453568,377910480.00,5.62,-10.02,-0.91,3.84
2015-06-29,8.33,7.35,8.55,7.35,668859,510302672.00,14.69,-10.04,-0.82,5.66
2015-06-30,7.09,7.63,7.71,6.61,805120,573730688.00,14.97,3.81,0.28,6.82
2015-07-01,7.62,7.81,8.40,7.25,1213489,984634768.00,15.07,2.36,0.18,10.28
2015-07-02,7.73,7.14,8.19,7.12,1089164,845365728.00,13.70,-8.58,-0.67,9.22
2015-07-03,6.84,6.42,7.49,6.42,812802,544607248.00,14.99,-10.08,-0.72,6.88
2015-07-06,7.06,5.78,7.06,5.78,987181,619341152.00,19.94,-9.97,-0.64,8.36
2015-07-07,5.29,5.20,5.49,5.20,487312,255790324.00,5.02,-10.03,-0.58,4.13
2015-07-14,5.72,5.72,5.72,5.72,14949,8580795.00,0.00,10.00,0.52,0.13
2015-07-15,6.29,5.89,6.29,5.65,1338188,816454000.00,11.19,2.97,0.17,11.33
2015-07-16,5.39,6.01,6.34,5.39,770678,459756512.00,16.13,2.04,0.12,6.53
2015-07-17,6.04,6.42,6.53,5.98,811583,510668576.00,9.15,6.82,0.41,6.87
2015-07-20,6.53,6.64,6.73,6.28,927085,607214720.00,7.01,3.43,0.22,7.85
2015-07-21,6.47,6.67,6.75,6.37,645734,427601808.00,5.72,0.45,0.03,5.47
2015-07-22,6.56,6.66,6.72,6.32,721695,474038208.00,6.00,-0.15,-0.01,6.11
2015-07-23,6.58,7.10,7.18,6.54,903262,622925552.00,9.61,6.61,0.44,7.65
2015-07-24,7.08,7.24,7.45,6.98,1103740,799287952.00,6.62,1.97,0.14,9.35
2015-07-27,6.97,6.51,7.18,6.51,675550,465045152.00,9.25,-10.08,-0.73,5.72
2015-07-28,5.90,5.86,6.48,5.86,696984,418454240.00,9.52,-9.98,-0.65,5.90
2015-07-29,6.03,6.31,6.38,5.65,514582,308094624.00,12.46,7.68,0.45,4.36
2015-07-30,6.38,6.12,6.53,5.89,546051,346464512.00,10.14,-3.01,-0.19,4.62
2015-07-31,5.96,5.80,6.12,5.61,328593,195782847.00,8.33,-5.23,-0.32,2.78
2015-08-03,5.63,5.28,5.81,5.22,459546,248986530.00,10.17,-8.97,-0.52,3.89
2015-08-04,5.28,5.78,5.80,5.21,674304,369673376.00,11.17,9.47,0.50,5.71
2015-08-05,5.73,6.03,6.23,5.65,996813,595794496.00,10.03,4.33,0.25,8.44
2015-08-06,5.78,6.02,6.12,5.78,625826,375579664.00,5.64,-0.17,-0.01,5.30
2015-08-07,6.08,6.12,6.22,5.99,647415,396953232.00,3.82,1.66,0.10,5.48
2015-08-10,6.14,6.42,6.56,6.07,700835,443453296.00,8.01,4.90,0.30,5.93
2015-08-11,6.42,6.45,6.60,6.28,765928,495002912.00,4.98,0.47,0.03,6.49
2015-08-12,6.36,7.00,7.10,6.34,1305689,896794496.00,11.78,8.53,0.55,11.06
2015-08-13,6.96,7.49,7.53,6.70,1010349,713873712.00,11.86,7.00,0.49,8.56
2015-08-14,7.46,7.51,7.61,7.09,868615,643200192.00,6.94,0.27,0.02,7.36
2015-08-17,7.40,7.59,7.68,7.24,501158,374422496.00,5.86,1.07,0.08,4.24
2015-08-18,7.56,7.38,8.09,6.83,1067401,813460064.00,16.60,-2.77,-0.21,9.04
2015-08-19,7.00,7.95,7.99,6.74,818021,602640096.00,16.94,7.72,0.57,6.93
2015-08-20,7.79,7.44,8.24,7.39,928234,737583248.00,10.69,-6.42,-0.51,7.86
2015-08-21,7.19,7.18,7.49,6.76,570233,404915664.00,9.81,-3.49,-0.26,4.83
2015-08-24,6.69,6.46,6.97,6.46,328359,214207222.00,7.10,-10.03,-0.72,2.78
2015-08-25,5.81,5.81,5.92,5.81,205905,120061393.00,1.70,-10.06,-0.65,1.74
2015-08-26,5.79,5.53,6.06,5.23,715153,395259824.00,14.29,-4.82,-0.28,6.06
2015-08-27,5.54,5.87,5.89,5.38,561405,318894640.00,9.22,6.15,0.34,4.75
2015-08-28,5.99,6.21,6.27,5.84,511083,308633744.00,7.33,5.79,0.34,4.33
2015-08-31,6.14,5.70,6.14,5.69,340177,201719000.00,7.25,-8.21,-0.51,2.88
2015-09-01,5.68,5.13,5.68,5.13,428537,224582887.00,9.65,-10.00,-0.57,3.63
2015-09-02,4.80,4.75,5.24,4.62,472159,229633916.00,12.09,-7.41,-0.38,4.00
2015-09-07,4.75,4.72,5.04,4.67,376251,183482197.00,7.79,-0.63,-0.03,3.19
2015-09-08,4.74,4.94,4.98,4.61,300133,143637755.00,7.84,4.66,0.22,2.54
2015-09-09,4.99,5.44,5.44,4.67,771078,393986736.00,15.59,10.12,0.50,6.53
2015-09-10,5.26,5.19,5.46,5.16,557448,295651968.00,5.51,-4.60,-0.25,4.72
2015-09-11,5.13,5.27,5.32,5.11,661434,344038928.00,4.05,1.54,0.08,5.60
2015-09-14,5.28,4.74,5.34,4.74,386396,191762448.00,11.39,-10.06,-0.53,3.27
2015-09-15,4.39,4.27,4.57,4.27,544996,240910202.00,6.33,-9.92,-0.47,4.62
2015-09-16,4.21,4.65,4.69,4.20,604995,265841786.00,11.48,8.90,0.38,5.12
2015-09-17,4.56,4.35,4.71,4.34,558070,254252821.00,7.96,-6.45,-0.30,4.73
2015-09-18,4.39,4.44,4.54,4.25,350050,154870997.00,6.67,2.07,0.09,2.96
2015-09-21,4.46,4.58,4.62,4.36,370351,167362500.00,5.86,3.15,0.14,3.14
2015-09-22,4.60,4.59,4.73,4.56,457312,212448436.00,3.71,0.22,0.01,3.87
2015-09-23,4.48,4.49,4.56,4.37,328482,146350539.00,4.14,-2.18,-0.10,2.78
2015-09-24,4.50,4.54,4.58,4.40,552115,249191179.00,4.01,1.11,0.05,4.68
2015-09-25,4.48,4.32,4.52,4.26,372679,163597217.00,5.73,-4.85,-0.22,3.16
2015-09-28,4.29,4.39,4.40,4.25,249163,108086569.00,3.47,1.62,0.07,2.11
2015-09-29,4.32,4.26,4.33,4.22,240900,103146432.00,2.51,-2.96,-0.13,2.04
2015-09-30,4.27,4.24,4.31,4.23,175048,75033035.00,1.88,-0.47,-0.02,1.48
2015-10-08,4.40,4.39,4.45,4.26,359155,157749386.00,4.48,3.54,0.15,3.04
2015-10-09,4.39,4.48,4.57,4.36,398885,178928468.00,4.78,2.05,0.09,3.38
2015-10-12,4.49,4.76,4.84,4.49,634593,298145424.00,7.81,6.25,0.28,5.37
2015-10-13,4.81,4.84,4.93,4.75,582586,281918144.00,3.78,1.68,0.08,4.93
2015-10-14,4.81,4.79,4.88,4.70,511857,244957748.00,3.72,-1.03,-0.05,4.33
2015-10-15,4.77,4.97,5.05,4.74,732400,360459280.00,6.47,3.76,0.18,6.20
2015-10-16,5.00,5.00,5.06,4.88,582341,290852048.00,3.62,0.60,0.03,4.93
2015-10-19,5.00,4.86,5.05,4.83,756848,376697440.00,4.40,-2.80,-0.14,6.41
2015-10-20,5.09,5.05,5.29,4.99,851384,433404096.00,6.17,3.91,0.19,7.21
2015-10-21,4.99,4.65,5.17,4.62,905727,453004384.00,10.89,-7.92,-0.40,7.67
2015-10-22,4.69,4.89,4.94,4.66,567150,272029024.00,6.02,5.16,0.24,4.80
2015-10-23,4.91,5.08,5.19,4.85,725323,364377360.00,6.95,3.89,0.19,6.14
2015-10-26,5.12,5.16,5.27,5.01,768135,393889248.00,5.12,1.57,0.08,6.50
2015-10-27,5.10,5.06,5.13,4.84,640367,320379744.00,5.62,-1.94,-0.10,5.42
2015-10-28,5.05,4.88,5.09,4.86,595284,296927312.00,4.55,-3.56,-0.18,5.04
2015-10-29,5.02,5.05,5.22,4.99,693875,353870144.00,4.71,3.48,0.17,5.88
2015-10-30,4.98,4.99,5.04,4.88,507932,252749174.00,3.17,-1.19,-0.06,4.30
2015-11-02,4.87,4.85,4.96,4.82,417930,204712253.00,2.81,-2.81,-0.14,3.54
2015-11-03,4.88,4.79,4.90,4.77,250614,121253126.00,2.68,-1.24,-0.06,2.12
2015-11-04,4.86,5.05,5.07,4.83,554421,276333696.00,5.01,5.43,0.26,4.69
2015-11-05,5.04,5.17,5.24,5.02,875054,450486016.00,4.36,2.38,0.12,7.41
2015-11-06,5.19,5.26,5.27,5.14,733324,382431856.00,2.51,1.74,0.09,6.21
2015-11-09,5.17,5.28,5.31,5.11,652993,341164864.00,3.80,0.38,0.02,5.53
2015-11-10,5.23,5.33,5.37,5.17,736635,390133584.00,3.79,0.95,0.05,6.24
2015-11-11,5.31,5.47,5.55,5.31,701044,379968496.00,4.50,2.63,0.14,5.94
2015-11-12,5.49,5.37,5.52,5.32,571150,309011776.00,3.66,-1.83,-0.10,4.84
2015-11-13,5.26,5.18,5.32,5.15,486198,254409258.00,3.17,-3.54,-0.19,4.12
2015-11-16,5.08,5.28,5.29,5.05,336360,174092895.00,4.63,1.93,0.10,2.85
2015-11-17,5.30,5.40,5.54,5.29,849358,459556496.00,4.73,2.27,0.12,7.19
2015-11-18,5.40,5.28,5.46,5.23,456159,244466981.00,4.26,-2.22,-0.12,3.86
2015-11-19,5.29,5.45,5.46,5.23,478534,256835528.00,4.36,3.22,0.17,4.05
2015-11-20,5.46,5.71,5.88,5.40,1031011,584148304.00,8.81,4.77,0.26,8.73
2015-11-23,5.74,5.57,5.81,5.53,551209,312992592.00,4.90,-2.45,-0.14,4.67
2015-11-24,5.58,5.56,5.58,5.39,498946,274043072.00,3.41,-0.18,-0.01,4.23
2015-11-25,5.56,5.58,5.62,5.49,389911,216978190.00,2.34,0.36,0.02,3.30
2015-11-26,5.61,5.52,5.72,5.50,444638,251192546.00,3.94,-1.08,-0.06,3.77
2015-11-27,5.52,5.01,5.55,4.97,611358,321175632.00,10.51,-9.24,-0.51,5.18
2015-11-30,5.03,5.05,5.13,4.83,487151,244183554.00,5.99,0.80,0.04,4.13
2015-12-01,5.05,5.22,5.25,4.96,423964,217339209.00,5.74,3.37,0.17,3.59
2015-12-02,5.22,5.23,5.26,5.00,332831,171850209.00,4.98,0.19,0.01,2.82
2015-12-03,5.20,5.29,5.30,5.17,286235,150930915.00,2.49,1.15,0.06,2.42
2015-12-04,5.20,5.17,5.27,5.13,277347,144315084.00,2.65,-2.27,-0.12,2.35
2015-12-07,5.18,5.20,5.25,5.15,189321,98614564.00,1.93,0.58,0.03,1.60
2015-12-08,5.20,4.99,5.20,4.98,253243,128677018.00,4.23,-4.04,-0.21,2.14
2015-12-09,4.97,4.95,5.07,4.94,200947,100292536.00,2.61,-0.80,-0.04,1.70
2015-12-10,4.97,4.86,5.02,4.86,223480,110865168.00,3.23,-1.82,-0.09,1.89
2015-12-11,4.88,4.80,4.89,4.78,221685,106882792.00,2.26,-1.23,-0.06,1.88
2015-12-14,4.76,4.94,4.94,4.71,207165,99925834.00,4.79,2.92,0.14,1.75
2015-12-15,4.94,4.99,5.03,4.90,180226,89825734.00,2.63,1.01,0.05,1.53
2015-12-16,5.00,5.14,5.19,4.96,364121,186489871.00,4.61,3.01,0.15,3.08
2015-12-17,5.18,5.22,5.23,5.11,346580,179857215.00,2.33,1.56,0.08,2.93
2015-12-18,5.19,5.29,5.37,5.15,543069,286845136.00,4.21,1.34,0.07,4.60
2015-12-21,5.34,5.35,5.40,5.24,591141,316321904.00,3.02,1.13,0.06,5.01
2015-12-22,5.34,5.31,5.34,5.20,398750,210696383.00,2.62,-0.75,-0.04,3.38
2015-12-23,5.30,5.22,5.36,5.21,374807,198463985.00,2.82,-1.69,-0.09,3.17
2015-12-24,5.22,5.26,5.27,5.15,264707,138076512.00,2.30,0.77,0.04,2.24
2015-12-25,5.24,5.22,5.31,5.20,271798,142970304.00,2.09,-0.76,-0.04,2.30
2015-12-28,5.23,5.15,5.31,5.12,380877,199924863.00,3.64,-1.34,-0.07,3.23
2015-12-29,5.19,5.20,5.21,5.07,222086,114597771.00,2.72,0.97,0.05,1.88
2015-12-30,5.20,5.30,5.32,5.18,355466,187716907.00,2.69,1.92,0.10,3.01
2015-12-31,5.31,5.17,5.32,5.16,303271,159380075.00,3.02,-2.45,-0.13,2.57
2016-01-04,5.14,4.66,5.19,4.65,363659,178376103.00,10.44,-9.86,-0.51,3.08
2016-01-05,4.44,4.67,4.72,4.40,451288,206698052.00,6.87,0.21,0.01,3.82
2016-01-06,4.66,4.82,4.85,4.63,290586,137813283.00,4.71,3.21,0.15,2.46
2016-01-07,4.72,4.35,4.74,4.34,63689,28943353.00,8.30,-9.75,-0.47,0.54
2016-01-08,4.46,4.48,4.59,4.19,286770,127917222.00,9.20,2.99,0.13,2.43
2016-01-11,4.42,4.06,4.44,4.03,352803,149914362.00,9.15,-9.38,-0.42,2.99
2016-01-12,4.05,4.08,4.14,3.97,252381,102617643.00,4.19,0.49,0.02,2.14
2016-01-13,4.11,3.92,4.15,3.89,200195,81322509.00,6.37,-3.92,-0.16,1.70
2016-01-14,3.77,4.02,4.05,3.73,205908,80493795.00,8.16,2.55,0.10,1.74
2016-01-15,4.01,3.79,4.04,3.75,180153,70321560.00,7.21,-5.72,-0.23,1.53
2016-01-18,3.69,3.83,3.89,3.68,117192,44764479.00,5.54,1.06,0.04,0.99
2016-01-19,3.83,4.02,4.06,3.81,225275,89094386.00,6.53,4.96,0.19,1.91
2016-01-20,3.97,3.94,4.04,3.89,182048,72309922.00,3.73,-1.99,-0.08,1.54
2016-01-21,3.87,3.75,3.98,3.72,162089,63027148.00,6.60,-4.82,-0.19,1.37
2016-01-22,3.78,3.82,3.86,3.71,136822,52085365.00,4.00,1.87,0.07,1.16
2016-01-25,3.89,3.90,3.95,3.83,158917,61909771.00,3.14,2.09,0.08,1.35
2016-01-26,3.85,3.57,3.89,3.52,227352,84464260.00,9.49,-8.46,-0.33,1.93
2016-01-27,3.60,3.49,3.62,3.31,214549,74130432.00,8.68,-2.24,-0.08,1.82
2016-01-28,3.44,3.16,3.51,3.15,229499,76612912.00,10.32,-9.46,-0.33,1.94
2016-01-29,3.19,3.28,3.36,3.17,233195,76416564.00,6.01,3.80,0.12,1.97
2016-02-01,3.31,3.27,3.35,3.19,162470,53615421.00,4.88,-0.30,-0.01,1.38
2016-02-02,3.29,3.37,3.41,3.25,157607,53233454.00,4.89,3.06,0.10,1.33
2016-02-03,3.36,3.42,3.46,3.31,158926,53982688.00,4.45,1.48,0.05,1.35
2016-02-04,3.44,3.48,3.51,3.43,166635,58061446.00,2.34,1.75,0.06,1.41
2016-02-05,3.47,3.40,3.52,3.39,145966,50488793.00,3.74,-2.30,-0.08,1.24
2016-02-15,3.25,3.39,3.42,3.20,110258,36949960.00,6.47,-0.29,-0.01,0.93
2016-02-16,3.40,3.54,3.58,3.40,187171,66040391.00,5.31,4.42,0.15,1.59
2016-02-17,3.53,3.64,3.65,3.50,274740,98801907.00,4.24,2.82,0.10,2.33
2016-02-18,3.66,3.62,3.71,3.60,242509,88699103.00,3.02,-0.55,-0.02,2.05
2016-02-19,3.63,3.64,3.66,3.58,187128,67814079.00,2.21,0.55,0.02,1.58
2016-02-22,3.68,3.74,3.82,3.66,235246,87966258.00,4.40,2.75,0.10,1.99
2016-02-23,3.74,3.70,3.76,3.63,189857,70206483.00,3.48,-1.07,-0.04,1.61
2016-02-24,3.68,3.76,3.78,3.65,238634,89093454.00,3.51,1.62,0.06,2.02
2016-02-25,3.75,3.38,3.75,3.38,317384,112346249.00,9.84,-10.11,-0.38,2.69
2016-02-26,3.41,3.47,3.49,3.38,215515,74173701.00,3.25,2.66,0.09,1.83
2016-02-29,3.46,3.29,3.47,3.19,208880,68492610.00,8.07,-5.19,-0.18,1.77
2016-03-01,3.30,3.39,3.42,3.27,199696,67192396.00,4.56,3.04,0.10,1.69
2016-03-02,3.40,3.73,3.73,3.35,508585,186011542.00,11.21,10.03,0.34,4.31
2016-03-03,3.74,3.69,3.83,3.67,491604,184967076.00,4.29,-1.07,-0.04,4.16
2016-03-04,3.65,3.62,3.71,3.50,352259,127081602.00,5.69,-1.90,-0.07,2.98
2016-03-07,3.63,3.68,3.73,3.62,260653,96164306.00,3.04,1.66,0.06,2.21
2016-03-08,3.70,3.64,3.70,3.42,302986,107276529.00,7.61,-1.09,-0.04,2.57
2016-03-09,3.55,3.48,3.56,3.46,186470,65621054.00,2.75,-4.40,-0.16,1.58
2016-03-10,3.51,3.43,3.54,3.40,150373,52573236.00,4.02,-1.44,-0.05,1.27
2016-03-11,3.40,3.43,3.45,3.35,116472,39686518.00,2.92,0.00,0.00,0.99
2016-03-14,3.46,3.54,3.59,3.45,199072,70710219.00,4.08,3.21,0.11,1.69
2016-03-15,3.52,3.54,3.55,3.48,137457,48368054.00,1.98,0.00,0.00,1.16
2016-03-16,3.55,3.47,3.56,3.46,100100,35183879.00,2.82,-1.98,-0.07,0.85
2016-03-17,3.50,3.56,3.59,3.46,196423,69540860.00,3.75,2.59,0.09,1.66
2016-03-18,3.56,3.64,3.68,3.54,319829,116589357.00,3.93,2.25,0.08,2.71
2016-03-21,3.68,3.78,3.82,3.68,432815,162468531.00,3.85,3.85,0.14,3.67
2016-03-22,3.75,3.74,3.76,3.69,244853,91525316.00,1.85,-1.06,-0.04,2.07
2016-03-23,3.73,3.75,3.76,3.70,214946,80509150.00,1.60,0.27,0.01,1.82
2016-03-24,3.72,3.66,3.73,3.65,213474,78891883.00,2.13,-2.40,-0.09,1.81
2016-03-25,3.64,3.70,3.72,3.63,125840,46463279.00,2.46,1.09,0.04,1.07
2016-03-28,3.70,3.68,3.79,3.66,172181,64389847.00,3.51,-0.54,-0.02,1.46
2016-03-29,3.71,3.63,3.71,3.61,148932,54436172.00,2.72,-1.36,-0.05,1.26
2016-03-30,3.66,3.77,3.78,3.66,228371,85231455.00,3.31,3.86,0.14,1.93
2016-03-31,3.79,3.76,3.80,3.73,253107,95251773.00,1.86,-0.27,-0.01,2.14
2016-04-01,3.74,3.77,3.78,3.66,217964,81191489.00,3.19,0.27,0.01,1.85
2016-04-05,3.75,3.88,3.91,3.74,339038,130341349.00,4.51,2.92,0.11,2.87
2016-04-06,3.86,3.88,3.89,3.82,295160,114102212.00,1.80,0.00,0.00,2.50
2016-04-07,3.87,3.87,4.06,3.86,495838,196756463.00,5.15,-0.26,-0.01,4.20
2016-04-08,3.83,3.82,3.84,3.74,267202,101459792.00,2.58,-1.29,-0.05,2.26
2016-04-11,3.83,3.93,3.95,3.82,292540,114413627.00,3.40,2.88,0.11,2.48
2016-04-12,3.91,3.87,3.92,3.82,214739,83126934.00,2.54,-1.53,-0.06,1.82
2016-04-13,3.89,3.93,3.98,3.89,330593,130595158.00,2.33,1.55,0.06,2.80
2016-04-14,3.96,4.01,4.03,3.94,313230,124959207.00,2.29,2.04,0.08,2.65
2016-04-15,4.03,4.06,4.07,3.99,300188,121232370.00,2.00,1.25,0.05,2.54
2016-04-18,3.94,3.93,3.99,3.91,279360,110436448.00,1.97,-3.20,-0.13,2.37
2016-04-19,3.91,3.93,3.97,3.90,182040,71614123.00,1.78,0.00,0.00,1.54
2016-04-20,3.95,3.68,3.96,3.56,322373,121475262.00,10.18,-6.36,-0.25,2.73
2016-04-21,3.67,3.65,3.74,3.63,160453,59401492.00,2.99,-0.82,-0.03,1.36
2016-04-22,3.64,3.71,3.71,3.62,127125,46685049.00,2.47,1.64,0.06,1.08
2016-04-25,3.69,3.67,3.71,3.61,93972,34442914.00,2.70,-1.08,-0.04,0.80
2016-04-26,3.64,3.72,3.73,3.64,105686,39085608.00,2.45,1.36,0.05,0.89
2016-04-27,3.72,3.74,3.80,3.70,161475,60782293.00,2.69,0.54,0.02,1.37
2016-04-28,3.73,3.84,3.98,3.73,398736,154845143.00,6.68,2.67,0.10,3.38
2016-04-29,3.80,3.79,3.84,3.73,161868,61468687.00,2.86,-1.30,-0.05,1.37
2016-05-03,3.79,3.90,3.93,3.79,174221,67807923.00,3.69,2.90,0.11,1.48
2016-05-04,3.87,3.94,3.97,3.87,178924,70510000.00,2.56,1.03,0.04,1.52
2016-05-05,3.91,4.01,4.03,3.91,290712,116495817.00,3.05,1.78,0.07,2.46
2016-10-10,4.41,4.41,4.41,4.41,39946,17656291.00,0.00,9.98,0.40,0.34
2016-10-11,4.85,4.85,4.85,4.85,64858,31520760.00,0.00,9.98,0.44,0.55
2016-10-12,5.34,5.34,5.34,5.34,128235,68605532.00,0.00,10.10,0.49,1.09
2016-10-21,5.88,5.88,5.88,5.88,36883,21724158.00,0.00,10.11,0.54,0.31
2016-10-24,6.25,6.47,6.47,6.10,1501475,961343120.00,6.29,10.03,0.59,12.71
2016-10-25,6.75,6.57,6.75,6.41,2010968,1327904832.00,5.26,1.55,0.10,17.03
2016-10-26,6.40,6.79,7.09,6.34,1851961,1244500064.00,11.42,3.35,0.22,15.68
2016-10-27,6.60,6.67,6.75,6.47,945468,625697824.00,4.12,-1.77,-0.12,8.01
2016-10-28,6.62,6.49,6.78,6.42,961733,632414880.00,5.40,-2.70,-0.18,8.14
2016-10-31,6.40,7.14,7.14,6.39,1300432,886485440.00,11.56,10.02,0.65,11.01
2016-11-01,7.48,7.86,7.86,7.40,704137,540572208.00,6.44,10.08,0.72,5.96
2016-11-02,8.61,8.65,8.65,8.34,494935,426492688.00,3.94,10.05,0.79,4.19
2016-11-03,9.52,9.52,9.52,9.19,1318478,1252571792.00,3.82,10.06,0.87,11.17
2016-11-04,9.57,8.71,9.89,8.69,2675956,2495900512.00,12.61,-8.51,-0.81,22.66
2016-11-07,8.67,9.24,9.57,8.42,2330593,2069626912.00,13.20,6.08,0.53,19.74
2016-11-08,8.99,8.68,9.02,8.53,1642014,1442915552.00,5.30,-6.06,-0.56,13.91
2016-11-09,8.73,9.55,9.55,8.68,2205433,2071081664.00,10.02,10.02,0.87,18.68
2016-11-10,9.99,9.61,10.20,9.30,2888062,2820141664.00,9.42,0.63,0.06,24.46
2016-11-11,9.35,9.21,9.66,9.09,1705471,1590619440.00,5.93,-4.16,-0.40,14.44
2016-11-14,9.27,8.80,9.30,8.44,1238858,1087170448.00,9.34,-4.45,-0.41,10.49
2016-11-15,8.81,8.83,9.15,8.64,944782,842143520.00,5.80,0.34,0.03,8.00
2016-11-16,8.68,8.40,8.74,8.35,1071016,906253216.00,4.42,-4.87,-0.43,9.07
2016-11-17,8.36,8.41,8.56,8.10,991449,827986960.00,5.48,0.12,0.01,8.40
2016-11-18,8.37,8.18,8.39,8.14,682126,561187440.00,2.97,-2.73,-0.23,5.78
2016-11-21,8.23,8.08,8.24,7.90,741784,597533088.00,4.16,-1.22,-0.10,6.28
2016-11-22,8.08,8.23,8.27,7.98,703973,573695488.00,3.59,1.86,0.15,5.96
2016-11-23,8.17,8.17,8.48,8.09,941067,782049376.00,4.74,-0.73,-0.06,7.97
2016-11-24,7.99,7.75,8.07,7.66,898905,707471104.00,5.02,-5.14,-0.42,7.61
2016-11-25,7.68,7.74,7.85,7.58,522903,403899504.00,3.48,-0.13,-0.01,4.43
2016-11-28,7.72,7.60,7.80,7.55,468433,359784912.00,3.23,-1.81,-0.14,3.97
2016-11-29,7.60,7.53,7.67,7.49,513740,388602720.00,2.37,-0.92,-0.07,4.35
2016-11-30,7.55,7.45,7.62,7.37,423409,316741536.00,3.32,-1.06,-0.08,3.59
2016-12-01,7.41,7.47,7.57,7.30,614747,456771424.00,3.62,0.27,0.02,5.21
2016-12-02,7.42,7.31,7.72,7.29,825259,621704864.00,5.76,-2.14,-0.16,6.99
2016-12-05,7.07,7.27,7.39,6.94,480317,345395984.00,6.16,-0.55,-0.04,4.07
2016-12-06,7.29,7.75,7.79,7.24,1254114,953809312.00,7.57,6.60,0.48,10.62
2016-12-07,7.60,7.60,7.76,7.48,809358,615260592.00,3.61,-1.94,-0.15,6.85
2016-12-08,7.62,7.60,7.72,7.51,612458,467831328.00,2.76,0.00,0.00,5.19
2016-12-09,7.61,7.66,7.74,7.37,692902,528365456.00,4.87,0.79,0.06,5.87
2016-12-12,7.61,6.93,7.61,6.89,691871,501067984.00,9.40,-9.53,-0.73,5.86
2016-12-13,6.79,7.09,7.26,6.60,552526,385371488.00,9.52,2.31,0.16,4.68
2016-12-14,6.99,7.17,7.47,6.93,788601,569434304.00,7.62,1.13,0.08,6.68
2016-12-15,7.01,7.51,7.57,6.97,836407,615620528.00,8.37,4.74,0.34,7.08
2016-12-16,7.50,7.77,8.16,7.44,1346465,1053141776.00,9.59,3.46,0.26,11.40
2016-12-19,7.59,7.44,7.65,7.40,708161,531944992.00,3.22,-4.25,-0.33,6.00
2016-12-20,7.39,7.40,7.59,7.21,496430,370296816.00,5.11,-0.54,-0.04,4.20
2016-12-21,7.41,7.52,7.58,7.29,561751,418901744.00,3.92,1.62,0.12,4.76
2016-12-22,7.44,7.29,7.56,7.29,401723,297297792.00,3.59,-3.06,-0.23,3.40
2016-12-23,7.19,7.05,7.30,7.04,452246,322304608.00,3.57,-3.29,-0.24,3.83
2016-12-26,7.04,7.22,7.23,7.00,383267,274538800.00,3.26,2.41,0.17,3.25
2016-12-27,7.23,7.26,7.37,7.09,512435,372065056.00,3.88,0.55,0.04,4.34
2016-12-28,7.21,7.39,7.48,7.17,567215,417624448.00,4.27,1.79,0.13,4.80
2016-12-29,7.46,7.29,7.62,7.23,521775,385733024.00,5.28,-1.35,-0.10,4.42
2016-12-30,7.14,6.89,7.28,6.88,644206,453127776.00,5.49,-5.49,-0.40,5.46
2017-01-03,6.88,6.90,7.01,6.85,299158,207270765.00,2.32,0.15,0.01,2.53
2017-01-04,6.88,6.84,6.92,6.70,396383,269721248.00,3.19,-0.87,-0.06,3.36
2017-01-05,6.83,6.81,6.88,6.75,331347,225918589.00,1.90,-0.44,-0.03,2.81
2017-01-06,6.76,6.43,6.82,6.42,587845,387438736.00,5.87,-5.58,-0.38,4.98
2017-01-09,6.44,6.40,6.48,6.35,257685,165279836.00,2.02,-0.47,-0.03,2.18
2017-01-10,6.43,6.44,6.64,6.36,348683,226519635.00,4.38,0.63,0.04,2.95
2017-01-11,6.38,6.36,6.43,6.30,256848,163762502.00,2.02,-1.24,-0.08,2.18
2017-01-12,6.34,6.20,6.40,6.17,255053,160095857.00,3.62,-2.52,-0.16,2.16
2017-01-13,6.22,6.09,6.23,6.04,264615,162434167.00,3.06,-1.77,-0.11,2.24
2017-01-16,6.00,5.55,6.07,5.48,466719,267955656.00,9.69,-8.87,-0.54,3.95
2017-01-17,5.54,5.66,5.67,5.45,298444,166337223.00,3.96,1.98,0.11,2.53
2017-01-18,5.64,5.68,5.86,5.61,365862,209443590.00,4.42,0.35,0.02,3.10
2017-01-19,5.60,5.70,5.84,5.51,333489,190843567.00,5.81,0.35,0.02,2.82
2017-01-20,5.70,5.79,5.85,5.61,273050,158166251.00,4.21,1.58,0.09,2.31
2017-01-23,5.80,5.84,5.94,5.77,271969,158670686.00,2.94,0.86,0.05,2.30
2017-01-24,5.82,5.79,5.87,5.71,201322,116805597.00,2.74,-0.86,-0.05,1.70
2017-01-25,5.78,5.83,5.88,5.70,172621,100607035.00,3.11,0.69,0.04,1.46
2017-01-26,5.84,5.77,5.86,5.73,148686,86154378.00,2.23,-1.03,-0.06,1.26
2017-02-03,5.79,5.78,5.83,5.73,73299,42428077.00,1.73,0.17,0.01,0.62
2017-02-06,5.79,5.91,5.98,5.74,286941,168702298.00,4.15,2.25,0.13,2.43
2017-02-07,6.08,6.11,6.29,5.98,736855,451756640.00,5.25,3.38,0.20,6.24
2017-02-08,6.00,6.11,6.14,5.93,356072,214189297.00,3.44,0.00,0.00,3.02
2017-02-09,6.04,6.18,6.19,6.02,348784,214535919.00,2.78,1.15,0.07,2.95
2017-02-10,6.19,6.10,6.20,6.08,305689,187571904.00,1.94,-1.29,-0.08,2.59
2017-02-13,6.12,6.15,6.23,6.02,306516,187828783.00,3.44,0.82,0.05,2.60
2017-02-14,6.12,6.09,6.14,6.04,227489,138390356.00,1.63,-0.98,-0.06,1.93
2017-02-15,6.08,6.09,6.23,6.05,332863,204466187.00,2.96,0.00,0.00,2.82
2017-02-16,6.04,6.08,6.11,6.02,184185,112010631.00,1.48,-0.16,-0.01,1.56
2017-02-17,6.08,5.83,6.09,5.78,344946,204374217.00,5.10,-4.11,-0.25,2.92
2017-02-20,5.80,5.84,5.86,5.72,206211,119661987.00,2.40,0.17,0.01,1.75
2017-02-21,5.84,6.01,6.01,5.80,286951,170086842.00,3.60,2.91,0.17,2.43
2017-02-22,6.27,6.33,6.49,6.26,1206536,764121424.00,3.83,5.32,0.32,10.22
2017-02-23,6.20,6.15,6.27,6.13,466655,288599888.00,2.21,-2.84,-0.18,3.95
2017-02-24,6.16,6.17,6.29,6.15,295850,183933992.00,2.28,0.33,0.02,2.51
2017-02-27,6.19,6.15,6.23,6.10,220097,135599135.00,2.11,-0.32,-0.02,1.86
2017-02-28,6.14,6.19,6.20,6.09,225530,138689286.00,1.79,0.65,0.04,1.91
2017-03-01,6.17,6.22,6.28,6.12,345479,214731479.00,2.58,0.48,0.03,2.93
2017-03-02,6.18,6.07,6.22,6.06,240127,147358197.00,2.57,-2.41,-0.15,2.03
2017-03-03,6.09,6.06,6.12,6.04,164375,99970033.00,1.32,-0.16,-0.01,1.39
2017-03-06,6.02,6.13,6.13,6.02,161746,98490731.00,1.82,1.16,0.07,1.37
2017-03-07,6.13,6.09,6.15,6.06,129077,78732925.00,1.47,-0.65,-0.04,1.09
2017-03-08,6.09,6.05,6.09,6.01,163826,99161201.00,1.31,-0.66,-0.04,1.39
2017-03-09,6.07,5.90,6.08,5.89,205888,122364333.00,3.14,-2.48,-0.15,1.74
2017-03-10,5.90,5.89,5.94,5.88,127200,75308716.00,1.02,-0.17,-0.01,1.08
2017-03-13,5.86,5.91,5.92,5.72,129032,75628893.00,3.40,0.34,0.02,1.09
2017-03-14,5.91,5.86,5.94,5.72,146476,86016246.00,3.72,-0.85,-0.05,1.24
2017-03-15,5.85,5.80,5.85,5.76,167217,97041529.00,1.54,-1.02,-0.06,1.42
2017-03-16,5.79,5.92,5.95,5.79,255681,150683593.00,2.76,2.07,0.12,2.17
2017-03-17,5.91,5.83,5.92,5.80,188692,110868914.00,2.03,-1.52,-0.09,1.60
2017-03-20,5.82,5.80,5.82,5.75,130379,75527969.00,1.20,-0.51,-0.03,1.10
2017-03-21,5.78,5.76,5.81,5.72,150589,86752223.00,1.55,-0.69,-0.04,1.28
2017-03-22,5.73,5.67,5.74,5.62,193725,109977462.00,2.08,-1.56,-0.09,1.64
2017-03-23,5.66,5.71,5.77,5.61,170598,97211207.00,2.82,0.71,0.04,1.44
2017-03-24,5.69,5.74,5.76,5.63,170184,97165040.00,2.28,0.53,0.03,1.44
2017-03-27,5.74,5.83,5.90,5.66,333092,193560796.00,4.18,1.57,0.09,2.82
2017-03-28,5.79,5.80,5.88,5.75,217000,126376586.00,2.23,-0.51,-0.03,1.84
2017-03-29,5.82,5.69,5.84,5.65,250754,144101454.00,3.28,-1.90,-0.11,2.12
2017-03-30,5.67,5.49,5.69,5.46,251383,139918868.00,4.04,-3.51,-0.20,2.13
2017-03-31,5.49,5.48,5.55,5.45,107516,59170324.00,1.82,-0.18,-0.01,0.91
2017-04-05,5.54,5.73,5.77,5.54,263278,149000288.00,4.20,4.56,0.25,2.23
2017-04-06,5.69,5.65,5.72,5.61,209419,118840763.00,1.92,-1.40,-0.08,1.77
2017-04-07,5.63,5.57,5.66,5.54,170550,95349845.00,2.12,-1.42,-0.08,1.44
2017-04-10,5.57,5.38,5.58,5.33,227369,124718360.00,4.49,-3.41,-0.19,1.93
2017-04-11,5.39,5.41,5.43,5.22,254673,136084207.00,3.90,0.56,0.03,2.16
2017-04-12,5.38,5.39,5.44,5.31,164905,88981466.00,2.40,-0.37,-0.02,1.40
2017-04-13,5.37,5.45,5.50,5.34,147805,80655137.00,2.97,1.11,0.06,1.25
2017-04-14,5.43,5.36,5.49,5.34,122876,66397181.00,2.75,-1.65,-0.09,1.04
2017-04-17,5.32,5.16,5.33,5.13,161424,84068624.00,3.73,-3.73,-0.20,1.37
2017-04-18,5.18,5.13,5.22,5.09,112239,58038654.00,2.52,-0.58,-0.03,0.95
2017-04-19,5.10,4.96,5.12,4.86,190235,94255884.00,5.07,-3.31,-0.17,1.61
2017-04-20,4.91,4.77,4.96,4.63,209466,100948867.00,6.65,-3.83,-0.19,1.77
2017-04-21,4.77,4.61,4.79,4.60,145952,68353814.00,3.98,-3.35,-0.16,1.24
2017-04-24,4.61,4.47,4.61,4.41,155188,69876017.00,4.34,-3.04,-0.14,1.31
2017-04-25,4.46,4.50,4.56,4.44,133218,60076111.00,2.68,0.67,0.03,1.13
2017-04-26,4.48,4.48,4.52,4.44,101144,45443994.00,1.78,-0.44,-0.02,0.86
2017-04-27,4.47,4.55,4.56,4.29,226142,100716533.00,6.03,1.56,0.07,1.92
2017-04-28,4.52,4.60,4.61,4.48,154376,70590546.00,2.86,1.10,0.05,1.31
2017-05-02,4.59,4.60,4.63,4.56,101949,46897278.00,1.52,0.00,0.00,0.86
2017-05-03,4.61,4.56,4.61,4.49,142173,64630498.00,2.61,-0.87,-0.04,1.20
2017-05-04,4.55,4.50,4.56,4.44,130382,58873314.00,2.63,-1.32,-0.06,1.10
2017-05-05,4.48,4.64,4.95,4.44,490556,234478535.00,11.33,3.11,0.14,4.15
2017-05-08,4.54,4.33,4.54,4.32,320121,141552238.00,4.74,-6.68,-0.31,2.71
2017-05-09,4.26,4.31,4.39,4.20,153728,66135155.00,4.39,-0.46,-0.02,1.30
2017-05-10,4.32,4.22,4.37,4.21,125964,54253272.00,3.71,-2.09,-0.09,1.07
2017-05-11,4.15,4.22,4.23,4.06,147088,61211666.00,4.03,0.00,0.00,1.25
2017-05-12,4.21,4.20,4.24,4.16,100179,42135211.00,1.90,-0.47,-0.02,0.85
2017-05-15,4.20,4.19,4.24,4.17,65554,27585099.00,1.67,-0.24,-0.01,0.56
2017-05-16,4.18,4.29,4.36,4.12,167415,71066471.00,5.73,2.39,0.10,1.42
2017-05-17,4.30,4.33,4.40,4.29,140015,60985154.00,2.56,0.93,0.04,1.19
2017-05-18,4.29,4.31,4.40,4.27,129775,56295313.00,3.00,-0.46,-0.02,1.10
2017-05-19,4.26,4.33,4.35,4.26,100846,43533477.00,2.09,0.46,0.02,0.85
2017-05-22,4.33,4.16,4.34,4.10,121183,51358825.00,5.54,-3.93,-0.17,1.03
2017-05-23,4.16,4.08,4.25,4.05,145489,60361891.00,4.81,-1.92,-0.08,1.23
2017-05-24,4.07,4.09,4.10,3.94,114117,46051831.00,3.92,0.25,0.01,0.97
2017-05-25,4.11,4.19,4.25,4.04,169350,70344072.00,5.13,2.44,0.10,1.43
2017-05-26,4.14,4.16,4.21,4.13,107941,45030151.00,1.91,-0.72,-0.03,0.91
2017-05-31,4.22,4.14,4.24,4.13,94465,39585977.00,2.64,-0.48,-0.02,0.80
2017-06-01,4.11,3.83,4.11,3.82,211502,83762618.00,7.00,-7.49,-0.31,1.79
2017-06-02,3.85,3.93,3.97,3.75,158593,61882423.00,5.74,2.61,0.10,1.34
2017-06-05,3.92,4.00,4.03,3.91,130942,52190593.00,3.05,1.78,0.07,1.11
2017-06-06,4.02,4.03,4.09,3.98,140803,56902884.00,2.75,0.75,0.03,1.19
2017-06-07,4.04,4.13,4.16,4.02,178112,73188246.00,3.47,2.48,0.10,1.51
2017-06-08,4.17,4.14,4.19,4.11,145756,60463333.00,1.94,0.24,0.01,1.23
2017-06-09,4.12,4.20,4.49,4.10,355140,151758062.00,9.42,1.45,0.06,3.01
2017-06-12,4.15,4.04,4.17,4.02,204037,83646666.00,3.57,-3.81,-0.16,1.73
2017-06-13,4.07,4.19,4.28,4.05,225768,94684291.00,5.69,3.71,0.15,1.91
2017-06-14,4.17,4.31,4.39,4.16,363754,157696303.00,5.49,2.86,0.12,3.08
2017-06-15,4.24,4.74,4.74,4.23,450878,207211124.00,11.83,9.98,0.43,3.82
2017-06-16,4.97,4.67,5.04,4.65,974301,475136176.00,8.23,-1.48,-0.07,8.25
2017-06-19,4.66,4.57,4.70,4.49,458077,208477645.00,4.50,-2.14,-0.10,3.88
2017-06-20,4.57,4.74,4.98,4.53,746676,356024176.00,9.85,3.72,0.17,6.32
2017-06-21,4.65,4.62,4.73,4.57,380330,176527281.00,3.38,-2.53,-0.12,3.22
2017-06-22,4.59,4.43,4.60,4.41,297584,134658968.00,4.11,-4.11,-0.19,2.52
2017-06-23,4.44,4.51,4.53,4.34,202094,90014126.00,4.29,1.81,0.08,1.71
2017-06-26,4.47,4.52,4.55,4.45,162580,73449514.00,2.22,0.22,0.01,1.38
2017-06-27,4.52,4.45,4.52,4.42,170811,76280507.00,2.21,-1.55,-0.07,1.45
2017-06-28,4.41,4.47,4.64,4.40,272092,123751914.00,5.39,0.45,0.02,2.30
2017-06-29,4.45,4.47,4.53,4.43,169089,75736814.00,2.24,0.00,0.00,1.43
2017-06-30,4.46,4.43,4.47,4.40,124227,55046382.00,1.57,-0.89,-0.04,1.05
2017-07-03,4.44,4.49,4.49,4.43,118309,52912926.00,1.35,1.35,0.06,1.00
2017-07-04,4.49,4.54,4.61,4.44,223203,101283373.00,3.79,1.11,0.05,1.89
2017-07-05,4.49,4.64,4.68,4.49,343887,158487433.00,4.19,2.20,0.10,2.91
2017-07-06,4.60,4.63,4.77,4.58,349471,163171971.00,4.09,-0.22,-0.01,2.96
2017-07-07,4.65,4.64,4.72,4.60,274352,127962323.00,2.59,0.22,0.01,2.32
2017-07-10,4.59,4.52,4.62,4.52,231075,105554063.00,2.16,-2.59,-0.12,1.96
2017-07-11,4.52,4.58,4.71,4.48,293016,134939400.00,5.09,1.33,0.06,2.48
2017-07-12,4.50,4.51,4.57,4.41,207238,93165154.00,3.49,-1.53,-0.07,1.75
2017-07-13,4.49,4.55,4.65,4.46,246507,112957868.00,4.21,0.89,0.04,2.09
2017-07-14,4.50,4.43,4.53,4.41,179780,80626115.00,2.64,-2.64,-0.12,1.52
2017-07-17,4.44,4.11,4.47,3.99,228724,96078570.00,10.84,-7.22,-0.32,1.94
2017-07-18,4.10,4.15,4.21,4.07,106312,44043900.00,3.41,0.97,0.04,0.90
2017-07-19,4.14,4.24,4.25,4.10,134672,56439862.00,3.61,2.17,0.09,1.14
2017-07-20,4.21,4.21,4.26,4.20,132206,56091710.00,1.42,-0.71,-0.03,1.12
2017-07-21,4.20,4.18,4.24,4.16,91137,38396556.00,1.90,-0.71,-0.03,0.77
2017-07-24,4.20,4.24,4.25,4.19,106691,45103451.00,1.44,1.44,0.06,0.90
2017-07-25,4.23,4.26,4.34,4.22,126863,54301317.00,2.83,0.47,0.02,1.07
2017-07-26,4.26,4.23,4.27,4.20,102572,43383758.00,1.64,-0.70,-0.03,0.87
2017-07-27,4.21,4.27,4.30,4.18,134762,57256160.00,2.84,0.95,0.04,1.14
2017-07-28,4.25,4.27,4.31,4.24,115994,49803318.00,1.64,0.00,0.00,0.98
2017-07-31,4.27,4.29,4.30,4.22,114466,49039395.00,1.87,0.47,0.02,0.97
2017-08-01,4.29,4.32,4.32,4.26,122087,52491084.00,1.40,0.70,0.03,1.03
2017-08-02,4.38,4.27,4.38,4.26,114280,49332575.00,2.78,-1.16,-0.05,0.97
2017-08-03,4.23,4.26,4.31,4.23,89298,38184912.00,1.87,-0.23,-0.01,0.76
2017-08-04,4.26,4.22,4.28,4.21,121118,51518689.00,1.64,-0.94,-0.04,1.03
2017-08-07,4.21,4.24,4.26,4.19,79377,33698584.00,1.66,0.47,0.02,0.67
2017-08-08,4.23,4.25,4.25,4.21,83428,35393726.00,0.94,0.24,0.01,0.71
2017-08-09,4.47,4.39,4.58,4.34,470978,209808116.00,5.65,3.29,0.14,3.99
2017-08-10,4.32,4.29,4.36,4.27,224708,96791189.00,2.05,-2.28,-0.10,1.90
2017-08-11,4.25,4.18,4.27,4.17,162842,68757394.00,2.33,-2.56,-0.11,1.38
2017-08-14,4.19,4.23,4.24,4.18,84463,35714177.00,1.44,1.20,0.05,0.72
2017-08-15,4.23,4.32,4.34,4.21,217759,93346176.00,3.07,2.13,0.09,1.84
2017-08-16,4.32,4.41,4.46,4.30,270346,118548748.00,3.70,2.08,0.09,2.29
2017-08-17,4.40,4.41,4.42,4.33,140268,61622655.00,2.04,0.00,0.00,1.19
2017-08-18,4.39,4.39,4.45,4.35,152122,67111638.00,2.27,-0.45,-0.02,1.29
2017-08-21,4.38,4.46,4.48,4.34,209187,92475321.00,3.19,1.59,0.07,1.77
2017-08-22,4.44,4.39,4.45,4.38,122222,54027507.00,1.57,-1.57,-0.07,1.04
2017-08-23,4.40,4.32,4.40,4.31,105515,45968765.00,2.05,-1.59,-0.07,0.89
2017-08-24,4.32,4.35,4.39,4.31,112029,48909443.00,1.85,0.69,0.03,0.95
2017-08-25,4.33,4.38,4.42,4.33,112932,49549354.00,2.07,0.69,0.03,0.96
2017-08-28,4.42,4.42,4.45,4.38,167789,74386019.00,1.60,0.91,0.04,1.42
2017-08-29,4.40,4.37,4.44,4.36,116590,51357482.00,1.81,-1.13,-0.05,0.99
2017-08-30,4.37,4.38,4.43,4.37,110924,48837008.00,1.37,0.23,0.01,0.94
2017-08-31,4.38,4.41,4.42,4.37,86709,38170562.00,1.14,0.68,0.03,0.73
2017-09-01,4.43,4.44,4.46,4.38,193159,85604738.00,1.81,0.68,0.03,1.64
2017-09-04,4.41,4.41,4.44,4.39,125893,55593455.00,1.13,-0.68,-0.03,1.07
2017-09-05,4.40,4.39,4.41,4.38,93896,41349772.00,0.68,-0.45,-0.02,0.80
2017-09-06,4.41,4.53,4.57,4.39,319193,143306077.00,4.10,3.19,0.14,2.70
2017-09-07,4.49,4.44,4.52,4.43,199858,89690747.00,1.99,-1.99,-0.09,1.69
2017-09-08,4.44,4.40,4.46,4.38,120342,53300193.00,1.80,-0.90,-0.04,1.02
2017-09-11,4.39,4.43,4.46,4.39,97286,43187050.00,1.59,0.68,0.03,0.82
2017-09-12,4.43,4.51,4.57,4.43,279813,126284242.00,3.16,1.81,0.08,2.37
2017-09-13,4.49,4.85,4.96,4.49,935681,450624208.00,10.42,7.54,0.34,7.92
2017-09-14,4.72,4.69,4.75,4.64,524263,246509745.00,2.27,-3.30,-0.16,4.44
2017-09-15,4.65,4.61,4.73,4.58,339926,157953268.00,3.20,-1.71,-0.08,2.88
2017-09-18,4.60,4.64,4.70,4.56,230638,107278820.00,3.04,0.65,0.03,1.95
2017-09-19,4.68,4.74,4.93,4.66,446660,214774006.00,5.82,2.16,0.10,3.78
2017-09-20,4.69,4.74,4.74,4.65,237641,111931663.00,1.90,0.00,0.00,2.01
2017-09-21,4.71,4.73,4.84,4.69,225559,107757479.00,3.16,-0.21,-0.01,1.91
2017-09-22,4.73,4.98,5.04,4.70,791102,391184944.00,7.19,5.29,0.25,6.70
2017-09-25,4.95,5.06,5.16,4.85,665436,333809552.00,6.22,1.61,0.08,5.64
2017-09-26,5.04,4.93,5.09,4.90,401399,200711425.00,3.75,-2.57,-0.13,3.40
2017-09-27,4.94,4.93,4.97,4.85,237850,116916596.00,2.43,0.00,0.00,2.01
2017-09-28,4.97,4.81,4.97,4.78,293195,142905122.00,3.85,-2.43,-0.12,2.48
2017-09-29,4.84,4.76,4.86,4.72,231750,111113425.00,2.91,-1.04,-0.05,1.96
2017-10-09,4.80,4.80,4.84,4.76,139081,66830596.00,1.68,0.84,0.04,1.18
2017-10-10,4.81,4.88,4.88,4.77,168205,81317495.00,2.29,1.67,0.08,1.42
2017-10-11,4.88,4.79,4.88,4.79,143574,69319634.00,1.84,-1.84,-0.09,1.22
2017-10-12,4.75,4.69,4.78,4.65,183245,86245273.00,2.71,-2.09,-0.10,1.55
2017-10-13,4.67,4.74,4.75,4.67,145071,68398942.00,1.71,1.07,0.05,1.23
2017-10-16,4.72,4.55,4.74,4.54,172382,79961007.00,4.22,-4.01,-0.19,1.46
2017-10-17,4.53,4.58,4.61,4.53,89433,40970644.00,1.76,0.66,0.03,0.76
2017-10-18,4.58,4.44,4.60,4.42,126046,56885443.00,3.93,-3.06,-0.14,1.07
2017-10-19,4.44,4.30,4.44,4.23,167035,72516196.00,4.73,-3.15,-0.14,1.41
2017-10-20,4.24,4.32,4.33,4.24,90683,39129359.00,2.09,0.47,0.02,0.77
2017-10-23,4.32,4.32,4.34,4.29,63607,27507133.00,1.16,0.00,0.00,0.54
2017-10-24,4.32,4.39,4.44,4.27,113328,49629122.00,3.94,1.62,0.07,0.96
2017-10-25,4.39,4.36,4.39,4.32,84817,36939879.00,1.59,-0.68,-0.03,0.72
2017-10-26,4.36,4.36,4.40,4.31,61463,26830297.00,2.06,0.00,0.00,0.52
2017-10-27,4.35,4.30,4.37,4.29,59963,25998107.00,1.83,-1.38,-0.06,0.51
2017-10-30,4.31,4.17,4.35,4.15,102262,43219498.00,4.65,-3.02,-0.13,0.87
2017-10-31,4.18,4.20,4.24,4.17,52343,22036730.00,1.68,0.72,0.03,0.44
2017-11-01,4.21,4.20,4.22,4.19,49789,20979092.00,0.71,0.00,0.00,0.42
2017-11-02,4.19,4.10,4.20,4.08,84773,35148293.00,2.86,-2.38,-0.10,0.72
2017-11-03,4.09,4.06,4.12,4.04,59807,24445802.00,1.95,-0.98,-0.04,0.51
2017-11-06,4.08,4.12,4.14,4.07,63338,26129195.00,1.72,1.48,0.06,0.54
2017-11-07,4.12,4.14,4.14,4.09,56468,23294624.00,1.21,0.49,0.02,0.48
2017-11-08,4.15,4.15,4.18,4.12,59878,24963811.00,1.45,0.24,0.01,0.51
2017-11-09,4.15,4.17,4.18,4.13,51241,21337830.00,1.20,0.48,0.02,0.43
2017-11-10,4.15,4.11,4.17,4.09,65304,27028144.00,1.92,-1.44,-0.06,0.55
2017-11-13,4.10,4.05,4.13,4.04,86642,35354986.00,2.19,-1.46,-0.06,0.73
2017-11-14,4.05,4.09,4.09,4.04,81811,33359299.00,1.23,0.99,0.04,0.69
2017-11-15,4.08,4.21,4.22,4.04,155661,64834899.00,4.40,2.93,0.12,1.32
2017-11-16,4.19,4.24,4.33,4.16,164317,70015481.00,4.04,0.71,0.03,1.39
2017-11-17,4.23,4.12,4.29,4.07,122308,51088418.00,5.19,-2.83,-0.12,1.04
2017-11-20,4.09,4.12,4.12,3.87,78860,32019004.00,6.07,0.00,0.00,0.67
2017-11-21,4.11,4.13,4.13,4.05,44756,18412582.00,1.94,0.24,0.01,0.38
2017-11-22,4.13,4.10,4.13,4.06,66390,27178849.00,1.69,-0.73,-0.03,0.56
2017-11-23,4.22,4.16,4.33,4.15,150340,63773964.00,4.39,1.46,0.06,1.27
2017-11-24,4.09,4.24,4.25,4.07,101947,42254313.00,4.33,1.92,0.08,0.86
2017-11-27,4.19,4.26,4.29,4.18,85118,36243968.00,2.59,0.47,0.02,0.72
2017-11-28,4.25,4.28,4.28,4.19,84939,36132809.00,2.11,0.47,0.02,0.72
2017-11-29,4.25,4.35,4.35,4.24,140603,60731076.00,2.57,1.64,0.07,1.19
2017-11-30,4.34,4.25,4.35,4.23,94158,40396970.00,2.76,-2.30,-0.10,0.80
2017-12-01,4.24,4.31,4.31,4.23,50547,21632504.00,1.88,1.41,0.06,0.43
2017-12-04,4.30,4.33,4.33,4.26,93285,40200543.00,1.62,0.46,0.02,0.79
2017-12-05,4.33,4.15,4.33,4.11,102173,43361041.00,5.08,-4.16,-0.18,0.87
2017-12-06,4.16,4.22,4.25,4.11,73836,30791260.00,3.37,1.69,0.07,0.63
2017-12-07,4.20,4.24,4.26,4.18,46415,19665784.00,1.90,0.47,0.02,0.39
2017-12-08,4.24,4.27,4.29,4.22,36732,15699039.00,1.65,0.71,0.03,0.31
2017-12-11,4.27,4.27,4.29,4.24,37261,15916060.00,1.17,0.00,0.00,0.32
2017-12-12,4.25,4.21,4.27,4.20,36121,15309346.00,1.64,-1.41,-0.06,0.31
2017-12-13,4.22,4.19,4.22,4.16,34606,14510838.00,1.43,-0.48,-0.02,0.29
2017-12-14,4.19,4.11,4.19,4.10,66640,27546012.00,2.15,-1.91,-0.08,0.56
2017-12-15,4.11,4.18,4.19,4.06,48971,20259112.00,3.16,1.70,0.07,0.41
2017-12-18,4.17,4.13,4.19,4.12,34900,14494915.00,1.67,-1.20,-0.05,0.30
2017-12-19,4.13,4.14,4.15,4.12,24266,10062017.00,0.73,0.24,0.01,0.21
2017-12-20,4.14,4.07,4.15,4.04,50000,20488785.00,2.66,-1.69,-0.07,0.42
2017-12-21,4.07,4.08,4.10,4.05,30288,12382388.00,1.23,0.25,0.01,0.26
2017-12-22,4.09,4.05,4.12,4.05,30983,12657442.00,1.72,-0.74,-0.03,0.26
2017-12-25,4.06,4.00,4.07,3.99,51037,20551384.00,1.98,-1.23,-0.05,0.43
2017-12-26,4.00,4.02,4.05,4.00,28490,11492313.00,1.25,0.50,0.02,0.24
2017-12-27,4.02,3.98,4.02,3.97,55655,22260861.00,1.24,-1.00,-0.04,0.47
2017-12-28,3.99,3.97,4.01,3.90,70830,28122745.00,2.76,-0.25,-0.01,0.60
2017-12-29,3.97,3.96,3.98,3.94,34850,13816145.00,1.01,-0.25,-0.01,0.30
2018-01-02,3.96,4.04,4.04,3.96,40979,16530351.00,2.02,2.02,0.08,0.35
2018-01-03,4.02,4.06,4.07,4.02,44869,18227145.00,1.24,0.50,0.02,0.38
2018-01-04,4.05,4.06,4.07,4.04,42195,17153081.00,0.74,0.00,0.00,0.36
2018-01-05,4.05,4.11,4.17,4.04,82974,34189383.00,3.20,1.23,0.05,0.70
2018-01-08,4.12,4.11,4.15,4.08,80921,33380677.00,1.70,0.00,0.00,0.69
2018-01-09,4.09,4.10,4.13,4.07,47873,19669811.00,1.46,-0.24,-0.01,0.41
2018-01-10,4.10,4.03,4.10,4.01,61741,25052567.00,2.20,-1.71,-0.07,0.52
2018-01-11,4.02,4.06,4.07,4.00,52240,21188216.00,1.74,0.74,0.03,0.44
2018-01-12,4.06,4.16,4.25,4.04,168991,70660447.00,5.17,2.46,0.10,1.43
2018-01-15,4.15,4.18,4.27,4.12,137869,57932878.00,3.61,0.48,0.02,1.17
2018-01-16,4.20,4.24,4.24,4.14,91512,38399200.00,2.39,1.44,0.06,0.77
2018-01-17,4.22,4.16,4.23,4.15,65729,27484309.00,1.89,-1.89,-0.08,0.56
2018-01-18,4.18,4.17,4.18,4.14,45132,18802911.00,0.96,0.24,0.01,0.38
2018-01-19,4.17,4.18,4.18,4.14,57640,24032265.00,0.96,0.24,0.01,0.49
2018-01-22,4.17,4.18,4.19,4.14,38330,16018159.00,1.20,0.00,0.00,0.32
2018-01-23,4.15,4.17,4.21,4.14,49378,20667930.00,1.67,-0.24,-0.01,0.42
2018-01-24,4.16,4.18,4.20,4.15,61398,25692015.00,1.20,0.24,0.01,0.52
2018-01-25,4.18,4.20,4.23,4.16,55021,23153876.00,1.67,0.48,0.02,0.47
2018-01-26,4.19,4.20,4.22,4.17,49759,20976670.00,1.19,0.00,0.00,0.42
2018-01-29,4.20,4.14,4.22,4.13,55104,23015867.00,2.14,-1.43,-0.06,0.47
2018-01-30,4.14,4.10,4.16,4.09,46917,19379090.00,1.69,-0.97,-0.04,0.40
2018-01-31,4.07,3.98,4.07,3.97,77628,31231608.00,2.44,-2.93,-0.12,0.66
2018-02-01,3.98,3.62,4.01,3.59,116693,45039350.00,10.55,-9.05,-0.36,0.99
2018-02-02,3.62,3.53,3.64,3.29,80137,28210502.00,9.67,-2.49,-0.09,0.68
2018-02-05,3.51,3.50,3.62,3.34,42875,15149520.00,7.93,-0.85,-0.03,0.36
2018-02-06,3.45,3.15,3.50,3.15,131967,43470538.00,10.00,-10.00,-0.35,1.12
2018-02-07,3.18,3.25,3.47,3.18,145273,48236827.00,9.21,3.17,0.10,1.23
2018-02-08,3.22,3.31,3.33,3.21,53378,17593306.00,3.69,1.85,0.06,0.45
2018-02-09,3.23,3.23,3.25,3.15,58960,18971766.00,3.02,-2.42,-0.08,0.50
2018-02-12,3.22,3.31,3.36,3.22,49793,16491263.00,4.33,2.48,0.08,0.42
2018-02-13,3.31,3.29,3.37,3.26,40357,13456319.00,3.32,-0.60,-0.02,0.34
2018-02-14,3.30,3.28,3.31,3.25,23043,7566857.00,1.82,-0.30,-0.01,0.20
2018-02-22,3.29,3.34,3.35,3.29,33435,11169485.00,1.83,1.83,0.06,0.28
2018-02-23,3.34,3.33,3.36,3.31,27760,9294861.00,1.50,-0.30,-0.01,0.24
2018-02-26,3.34,3.39,3.39,3.34,64225,21723425.00,1.50,1.80,0.06,0.54
2018-02-27,3.38,3.38,3.42,3.35,56898,19260080.00,2.06,-0.29,-0.01,0.48
2018-02-28,3.37,3.36,3.38,3.29,38522,12903898.00,2.66,-0.59,-0.02,0.33
2018-03-01,3.34,3.39,3.41,3.31,44991,15246616.00,2.98,0.89,0.03,0.38
2018-03-02,3.37,3.37,3.39,3.33,36047,12164281.00,1.77,-0.59,-0.02,0.31
2018-03-05,3.39,3.38,3.40,3.35,28882,9772979.00,1.48,0.30,0.01,0.24
2018-03-06,3.37,3.42,3.42,3.35,56599,19247511.00,2.07,1.18,0.04,0.48
2018-03-07,3.41,3.43,3.46,3.40,71627,24634276.00,1.75,0.29,0.01,0.61
2018-03-08,3.44,3.50,3.56,3.42,91907,32303005.00,4.08,2.04,0.07,0.78
2018-03-09,3.49,3.52,3.53,3.42,74900,26110740.00,3.14,0.57,0.02,0.63
2018-03-12,3.52,3.56,3.57,3.50,53336,18951406.00,1.99,1.14,0.04,0.45
2018-03-13,3.55,3.62,3.71,3.54,97971,35321651.00,4.78,1.69,0.06,0.83
2018-03-14,3.59,3.64,3.76,3.57,112504,41400639.00,5.25,0.55,0.02,0.74
2018-03-15,3.63,3.54,3.66,3.48,72995,26105281.00,4.95,-2.75,-0.10,0.48
2018-03-16,3.52,3.56,3.61,3.52,33416,11955055.00,2.54,0.56,0.02,0.22
2018-03-19,3.59,3.52,3.61,3.46,40081,14110502.00,4.21,-1.12,-0.04,0.27
2018-03-20,3.48,3.49,3.52,3.46,34082,11932608.00,1.70,-0.85,-0.03,0.23
2018-03-21,3.50,3.51,3.55,3.49,50750,17943218.00,1.72,0.57,0.02,0.34
2018-03-22,3.48,3.53,3.55,3.47,43744,15393986.00,2.28,0.57,0.02,0.29
2018-03-23,3.49,3.28,3.49,3.19,118082,39245525.00,8.50,-7.08,-0.25,0.78
2018-03-26,3.22,3.25,3.26,3.10,60874,19579039.00,4.88,-0.91,-0.03,0.40
2018-03-27,3.29,3.38,3.39,3.25,79083,26440933.00,4.31,4.00,0.13,0.52
2018-03-28,3.34,3.35,3.38,3.31,27034,9086191.00,2.07,-0.89,-0.03,0.18
2018-03-29,3.36,3.40,3.42,3.35,33909,11495085.00,2.09,1.49,0.05,0.22
2018-03-30,3.39,3.41,3.43,3.36,53126,18080890.00,2.06,0.29,0.01,0.35
2018-04-02,3.41,3.40,3.43,3.37,34668,11827186.00,1.76,-0.29,-0.01,0.23
2018-04-03,3.34,3.36,3.49,3.32,66145,22547886.00,5.00,-1.18,-0.04,0.44
2018-04-12,3.19,3.19,3.19,3.19,3638,1164160.00,0.00,-5.06,-0.17,0.02
2018-04-13,3.03,3.03,3.03,3.03,2967,901968.00,0.00,-5.02,-0.16,0.02
2018-04-16,2.88,2.88,2.88,2.88,2444,706316.00,0.00,-4.95,-0.15,0.02
2018-04-17,2.74,2.74,2.74,2.74,7699,2117225.00,0.00,-4.86,-0.14,0.05
2018-04-18,2.60,2.60,2.60,2.60,6267,1635687.00,0.00,-5.11,-0.14,0.04
2018-04-19,2.47,2.48,2.58,2.47,417010,104015891.00,4.23,-4.62,-0.12,2.76
2018-04-20,2.45,2.36,2.47,2.36,180148,43428308.00,4.44,-4.84,-0.12,1.19
2018-04-23,2.30,2.24,2.35,2.24,184347,41997988.00,4.66,-5.08,-0.12,1.22
2018-04-24,2.21,2.27,2.29,2.20,110364,25021626.00,4.02,1.34,0.03,0.73
2018-04-25,2.24,2.27,2.29,2.22,76410,17419142.00,3.08,0.00,0.00,0.51
2018-04-26,2.28,2.38,2.38,2.27,108872,25739793.00,4.85,4.85,0.11,0.72
2018-04-27,2.40,2.33,2.42,2.32,86544,20550108.00,4.20,-2.10,-0.05,0.57
2018-05-02,2.32,2.38,2.44,2.31,65535,15699771.00,5.58,2.15,0.05,0.43
2018-05-03,2.38,2.40,2.41,2.36,51165,12274169.00,2.10,0.84,0.02,0.34
2018-05-04,2.39,2.36,2.40,2.36,33585,8012508.00,1.67,-1.67,-0.04,0.22
2018-05-07,2.36,2.38,2.40,2.35,42437,10104708.00,2.12,0.85,0.02,0.28
2018-05-08,2.37,2.39,2.40,2.37,29739,7116008.00,1.26,0.42,0.01,0.20
2018-05-09,2.39,2.38,2.40,2.37,27471,6577285.00,1.26,-0.42,-0.01,0.18
2018-05-10,2.39,2.28,2.39,2.26,103757,23983620.00,5.46,-4.20,-0.10,0.69
2018-05-11,2.26,2.28,2.32,2.25,50715,11647782.00,3.07,0.00,0.00,0.34
2018-05-14,2.27,2.17,2.29,2.17,94837,20957485.00,5.26,-4.82,-0.11,0.63
2018-05-15,2.15,2.19,2.21,2.15,56511,12405831.00,2.76,0.92,0.02,0.37
2018-05-16,2.18,2.18,2.21,2.17,26665,5878056.00,1.83,-0.46,-0.01,0.18
2018-05-17,2.18,2.18,2.20,2.15,32792,7167922.00,2.29,0.00,0.00,0.22
2018-05-18,2.18,2.20,2.21,2.17,44546,9783448.00,1.83,0.92,0.02,0.29
2018-05-21,2.21,2.28,2.31,2.21,58008,13144194.00,4.55,3.64,0.08,0.38
2018-05-22,2.28,2.28,2.29,2.25,26226,5982507.00,1.75,0.00,0.00,0.17
2018-05-23,2.26,2.23,2.27,2.20,39869,8965477.00,3.07,-2.19,-0.05,0.26
2018-05-24,2.22,2.24,2.26,2.21,29642,6675080.00,2.24,0.45,0.01,0.20
2018-05-25,2.24,2.16,2.24,2.15,57901,12665440.00,4.02,-3.57,-0.08,0.38
2018-05-28,2.15,2.15,2.18,2.13,37414,8121470.00,2.31,-0.46,-0.01,0.25
2018-05-29,2.13,2.04,2.15,2.04,77177,16014596.00,5.12,-5.12,-0.11,0.51
2018-05-30,2.05,1.94,2.10,1.94,92786,18616263.00,7.84,-4.90,-0.10,0.61
2018-05-31,1.96,1.93,1.97,1.85,112291,21485583.00,6.19,-0.52,-0.01,0.74
2018-06-01,1.91,1.90,1.95,1.88,48616,9357340.00,3.63,-1.55,-0.03,0.32
2018-06-04,1.90,1.87,1.92,1.85,53020,9972156.00,3.68,-1.58,-0.03,0.35
2018-06-05,1.88,1.90,1.90,1.88,37831,7196328.00,1.07,1.60,0.03,0.25
2018-06-06,1.90,1.92,1.92,1.87,39763,7569095.00,2.63,1.05,0.02,0.26
2018-06-07,1.93,1.90,1.95,1.90,36228,6997178.00,2.60,-1.04,-0.02,0.24
2018-06-08,1.93,1.88,1.94,1.87,40405,7694907.00,3.68,-1.05,-0.02,0.27
2018-06-11,1.88,1.86,1.90,1.84,33861,6358135.00,3.19,-1.06,-0.02,0.22
2018-06-12,1.86,1.87,1.88,1.86,25732,4843251.00,1.08,0.54,0.01,0.17
2018-06-13,1.87,1.81,1.87,1.78,55605,10195745.00,4.81,-3.21,-0.06,0.37
2018-06-14,1.80,1.75,1.82,1.75,53014,9492872.00,3.87,-3.31,-0.06,0.35
2018-06-15,1.76,1.67,1.77,1.66,89187,15162603.00,6.29,-4.57,-0.08,0.59
2018-06-19,1.62,1.59,1.64,1.59,54551,8801770.00,2.99,-4.79,-0.08,0.36
2018-06-20,1.52,1.52,1.57,1.51,100269,15363497.00,3.77,-4.40,-0.07,0.66
2018-06-21,1.53,1.55,1.60,1.53,97574,15464502.00,4.61,1.97,0.03,0.65
2018-06-22,1.52,1.61,1.63,1.51,69278,10949090.00,7.74,3.87,0.06,0.46
2018-06-25,1.62,1.68,1.69,1.62,89346,15073337.00,4.35,4.35,0.07,0.59
2018-06-26,1.67,1.76,1.76,1.66,90233,15616851.00,5.95,4.76,0.08,0.60
2018-06-27,1.77,1.85,1.85,1.76,86020,15915998.00,5.11,5.11,0.09,0.57
2018-06-28,1.87,1.78,1.91,1.77,114846,21118214.00,7.57,-3.78,-0.07,0.76
2018-06-29,1.74,1.85,1.87,1.73,66267,12283952.00,7.87,3.93,0.07,0.44
2018-07-02,1.82,1.78,1.86,1.76,63552,11591742.00,5.41,-3.78,-0.07,0.42
2018-07-03,1.78,1.75,1.83,1.74,54938,9861367.00,5.06,-1.69,-0.03,0.36
2018-07-04,1.75,1.79,1.83,1.75,54307,9827432.00,4.57,2.29,0.04,0.36
2018-07-05,1.79,1.77,1.84,1.77,47779,8649763.00,3.91,-1.12,-0.02,0.32
2018-07-06,1.76,1.73,1.79,1.70,49962,8768260.00,5.08,-2.26,-0.04,0.33
2018-07-09,1.74,1.79,1.80,1.74,33906,6049213.00,3.47,3.47,0.06,0.22
2018-07-10,1.80,1.80,1.81,1.77,22776,4097975.00,2.23,0.56,0.01,0.15
2018-07-11,1.77,1.77,1.78,1.75,31094,5505921.00,1.67,-1.67,-0.03,0.21
2018-07-12,1.76,1.80,1.82,1.75,44946,8060446.00,3.95,1.69,0.03,0.30
2018-07-13,1.82,1.87,1.89,1.80,58755,10967990.00,5.00,3.89,0.07,0.39
2018-07-16,1.85,1.87,1.91,1.85,36123,6837430.00,3.21,0.00,0.00,0.24
2018-07-17,1.87,1.87,1.88,1.84,26943,5042618.00,2.14,0.00,0.00,0.18
2018-07-18,1.93,1.93,1.95,1.89,57852,11184551.00,3.21,3.21,0.06,0.38
2018-07-19,1.94,1.88,1.94,1.87,35863,6887546.00,3.63,-2.59,-0.05,0.24
2018-07-20,1.87,1.90,1.90,1.87,24193,4600297.00,1.60,1.06,0.02,0.16
2018-07-23,1.93,1.90,1.94,1.89,19593,3750355.00,2.63,0.00,0.00,0.13
2018-07-24,1.91,1.91,1.92,1.89,32408,6207911.00,1.58,0.53,0.01,0.21
2018-07-25,1.91,1.88,1.91,1.86,38071,7202687.00,2.62,-1.57,-0.03,0.25
2018-07-26,1.90,1.94,1.97,1.88,85326,16589376.00,4.79,3.19,0.06,0.56
2018-07-27,1.94,1.93,1.95,1.92,36078,7022208.00,1.55,-0.52,-0.01,0.24
2018-07-30,1.93,1.91,1.94,1.90,27312,5271896.00,2.07,-1.04,-0.02,0.18
2018-07-31,1.95,1.94,1.96,1.92,43602,8545441.00,2.09,1.57,0.03,0.29
2018-08-01,1.94,1.95,1.97,1.94,25383,4985484.00,1.55,0.52,0.01,0.17
2018-08-02,1.95,1.92,1.97,1.85,65638,12522165.00,6.15,-1.54,-0.03,0.43
2018-08-03,1.92,1.89,1.92,1.88,24011,4576528.00,2.08,-1.56,-0.03,0.16
2018-08-06,1.88,1.82,1.89,1.80,33222,6163915.00,4.76,-3.70,-0.07,0.22
2018-08-07,1.81,1.85,1.86,1.81,30844,5710357.00,2.75,1.65,0.03,0.20
2018-08-08,1.85,1.87,1.93,1.81,38625,7307005.00,6.49,1.08,0.02,0.26
2018-08-09,1.86,1.89,1.92,1.84,23343,4446242.00,4.28,1.07,0.02,0.15
2018-08-10,1.87,1.92,1.95,1.87,39403,7560853.00,4.23,1.59,0.03,0.26
2018-08-13,1.90,1.91,1.92,1.88,25910,4946450.00,2.08,-0.52,-0.01,0.17
2018-08-14,1.89,1.93,1.95,1.89,27775,5377444.00,3.14,1.05,0.02,0.18
2018-08-15,1.93,1.89,1.94,1.88,34837,6652574.00,3.11,-2.07,-0.04,0.23
2018-08-16,1.87,1.89,1.90,1.84,18745,3531371.00,3.17,0.00,0.00,0.12
2018-08-17,1.89,1.81,1.91,1.80,55598,10300935.00,5.82,-4.23,-0.08,0.37
2018-08-20,1.78,1.72,1.80,1.72,59491,10438363.00,4.42,-4.97,-0.09,0.39
2018-08-21,1.73,1.81,1.81,1.73,49468,8934835.00,4.65,5.23,0.09,0.33
2018-08-22,1.85,1.90,1.90,1.83,121403,23063651.00,3.87,4.97,0.09,0.80
2018-08-23,1.91,1.87,1.91,1.85,74681,14103151.00,3.16,-1.58,-0.03,0.49
2018-08-24,1.85,1.86,1.90,1.85,39940,7522769.00,2.67,-0.53,-0.01,0.26
2018-08-27,1.86,1.87,1.87,1.83,49573,9229588.00,2.15,0.54,0.01,0.33
2018-08-28,1.86,1.86,1.88,1.86,25744,4835965.00,1.07,-0.53,-0.01,0.17
2018-08-29,1.85,1.84,1.86,1.84,34449,6394521.00,1.08,-1.08,-0.02,0.23
2018-08-30,1.83,1.88,1.92,1.83,60556,11518478.00,4.89,2.17,0.04,0.40
2018-08-31,1.87,1.84,1.88,1.83,37570,6970831.00,2.66,-2.13,-0.04,0.25
2018-09-03,1.82,1.85,1.87,1.82,23913,4424862.00,2.72,0.54,0.01,0.16
2018-09-04,1.85,1.87,1.88,1.84,29355,5480822.00,2.16,1.08,0.02,0.19
2018-09-05,1.86,1.85,1.89,1.82,42409,7920754.00,3.74,-1.07,-0.02,0.28
2018-09-06,1.83,1.83,1.85,1.82,33615,6194855.00,1.62,-1.08,-0.02,0.22
2018-09-07,1.82,1.83,1.85,1.82,26685,4912146.00,1.64,0.00,0.00,0.18
2018-09-10,1.82,1.75,1.83,1.74,56552,10060125.00,4.92,-4.37,-0.08,0.37
2018-09-11,1.71,1.75,1.77,1.71,34072,5995854.00,3.43,0.00,0.00,0.23
2018-09-12,1.73,1.74,1.77,1.72,32888,5754902.00,2.86,-0.57,-0.01,0.22
2018-09-13,1.73,1.74,1.78,1.71,37232,6511959.00,4.02,0.00,0.00,0.25
2018-09-14,1.74,1.71,1.75,1.71,32332,5623450.00,2.30,-1.72,-0.03,0.21
2018-09-17,1.71,1.71,1.72,1.67,25401,4324982.00,2.92,0.00,0.00,0.17
2018-09-18,1.70,1.74,1.74,1.69,17831,3083174.00,2.92,1.75,0.03,0.12
2018-09-19,1.74,1.76,1.77,1.72,25685,4519053.00,2.87,1.15,0.02,0.17
2018-09-20,1.75,1.75,1.76,1.73,20274,3555954.00,1.70,-0.57,-0.01,0.13
2018-09-21,1.75,1.76,1.77,1.74,15864,2798448.00,1.71,0.57,0.01,0.11
2018-09-25,1.76,1.75,1.77,1.73,14182,2502257.00,2.27,-0.57,-0.01,0.09
2018-09-26,1.74,1.75,1.77,1.74,20673,3649728.00,1.71,0.00,0.00,0.14
2018-09-27,1.74,1.71,1.74,1.69,30930,5345579.00,2.86,-2.29,-0.04,0.20
2018-09-28,1.71,1.74,1.74,1.70,18442,3211367.00,2.34,1.75,0.03,0.12
2018-10-08,1.72,1.69,1.75,1.69,26775,4615700.00,3.45,-2.87,-0.05,0.18
2018-10-09,1.69,1.71,1.72,1.69,16249,2779818.00,1.78,1.18,0.02,0.11
2018-10-10,1.70,1.70,1.71,1.68,22911,3902737.00,1.75,-0.58,-0.01,0.15
2018-10-11,1.63,1.61,1.66,1.61,48412,7914042.00,2.94,-5.29,-0.09,0.32
2018-10-12,1.59,1.54,1.59,1.53,65634,10185570.00,3.73,-4.35,-0.07,0.43
2018-10-15,1.55,1.57,1.62,1.55,49583,7937470.00,4.55,1.95,0.03,0.33
2018-10-16,1.57,1.55,1.63,1.55,37392,5976245.00,5.10,-1.27,-0.02,0.25
2018-10-17,1.57,1.60,1.61,1.57,37859,6044760.00,2.58,3.23,0.05,0.25
2018-10-18,1.60,1.54,1.60,1.54,29494,4655623.00,3.75,-3.75,-0.06,0.20
2018-10-19,1.52,1.58,1.59,1.50,37956,5877513.00,5.84,2.60,0.04,0.25
2018-10-22,1.62,1.65,1.66,1.59,60810,10052121.00,4.43,4.43,0.07,0.40
2018-10-23,1.67,1.62,1.67,1.61,31730,5218225.00,3.64,-1.82,-0.03,0.21
2018-10-24,1.60,1.60,1.64,1.60,32111,5231304.00,2.47,-1.23,-0.02,0.21
2018-10-25,1.56,1.60,1.60,1.53,30600,4785762.00,4.38,0.00,0.00,0.20
2018-10-26,1.60,1.62,1.64,1.59,28284,4602788.00,3.13,1.25,0.02,0.19
2018-10-29,1.62,1.65,1.69,1.60,46046,7625539.00,5.56,1.85,0.03,0.30
2018-10-30,1.65,1.70,1.71,1.64,48403,8165224.00,4.24,3.03,0.05,0.32
2018-10-31,1.71,1.72,1.76,1.69,50623,8808228.00,4.12,1.18,0.02,0.34
2018-11-01,1.74,1.72,1.74,1.71,28228,4901554.00,1.74,0.00,0.00,0.19
2018-11-02,1.73,1.74,1.76,1.70,50045,8704898.00,3.49,1.16,0.02,0.33
2018-11-05,1.74,1.77,1.78,1.73,48896,8677072.00,2.87,1.72,0.03,0.32
2018-11-06,1.76,1.86,1.86,1.75,138017,25625078.00,6.21,5.08,0.09,0.91
2018-11-07,1.85,1.85,1.91,1.84,85696,16067074.00,3.76,-0.54,-0.01,0.57
2018-11-08,1.85,1.88,1.90,1.85,75930,14391979.00,2.70,1.62,0.03,0.50
2018-11-09,1.87,1.85,1.88,1.79,60949,11313341.00,4.79,-1.60,-0.03,0.40
2018-11-12,1.88,1.94,1.94,1.87,91964,17723177.00,3.78,4.86,0.09,0.61
2018-11-13,1.94,2.04,2.04,1.91,139759,28378640.00,6.70,5.15,0.10,0.93
2018-11-14,2.07,1.97,2.12,1.95,185735,38024217.00,8.33,-3.43,-0.07,1.23
2018-11-15,1.97,1.96,2.01,1.91,87596,17168760.00,5.08,-0.51,-0.01,0.58
2018-11-16,1.94,1.97,2.01,1.92,77999,15401121.00,4.59,0.51,0.01,0.52
2018-11-19,1.94,1.96,1.97,1.92,56573,11018092.00,2.54,-0.51,-0.01,0.37
2018-11-20,1.96,1.95,2.02,1.94,51322,10250492.00,4.08,-0.51,-0.01,0.34
2018-11-21,1.93,1.98,2.00,1.93,50481,9983496.00,3.59,1.54,0.03,0.33
2018-11-22,1.99,2.01,2.02,1.99,46406,9346934.00,1.52,1.52,0.03,0.31
2018-11-23,2.01,1.91,2.01,1.91,72153,14105614.00,4.98,-4.98,-0.10,0.48
2018-11-26,1.90,1.88,1.94,1.87,41797,8012934.00,3.66,-1.57,-0.03,0.28
2018-11-27,1.89,1.89,1.92,1.88,28632,5443371.00,2.13,0.53,0.01,0.19
2018-11-28,1.88,1.90,1.90,1.87,18374,3492359.00,1.59,0.53,0.01,0.12
2018-11-29,1.90,1.89,1.92,1.87,23087,4386408.00,2.63,-0.53,-0.01,0.15
2018-11-30,1.89,1.88,1.90,1.86,18727,3541837.00,2.12,-0.53,-0.01,0.12
2018-12-03,1.90,1.94,1.94,1.90,38941,7527822.00,2.13,3.19,0.06,0.26
2018-12-04,1.93,1.94,1.95,1.92,27860,5406596.00,1.55,0.00,0.00,0.18
2018-12-05,1.90,1.90,1.91,1.88,40505,7717456.00,1.55,-2.06,-0.04,0.27
2018-12-06,1.89,1.89,1.94,1.88,38719,7421268.00,3.16,-0.53,-0.01,0.26
2018-12-07,1.89,1.90,1.91,1.87,20300,3859679.00,2.12,0.53,0.01,0.13
2018-12-10,1.89,1.88,1.90,1.86,19615,3698571.00,2.11,-1.05,-0.02,0.13
2018-12-11,1.88,1.89,1.90,1.88,19223,3653852.00,1.06,0.53,0.01,0.13
2018-12-12,1.89,1.88,1.90,1.87,18265,3450951.00,1.59,-0.53,-0.01,0.12
2018-12-13,1.87,1.88,1.90,1.87,20919,3969146.00,1.60,0.00,0.00,0.14
2018-12-14,1.88,1.81,1.89,1.80,30008,5582293.00,4.79,-3.72,-0.07,0.20
2018-12-17,1.81,1.82,1.85,1.80,26353,4826518.00,2.76,0.55,0.01,0.17
2018-12-18,1.81,1.83,1.85,1.80,25078,4597863.00,2.75,0.55,0.01,0.17
2018-12-19,1.82,1.86,1.88,1.82,27960,5203916.00,3.28,1.64,0.03,0.19
2018-12-20,1.85,1.85,1.87,1.83,18000,3337467.00,2.15,-0.54,-0.01,0.12
2018-12-21,1.85,1.84,1.85,1.82,17468,3225990.00,1.62,-0.54,-0.01,0.12
2018-12-24,1.83,1.83,1.85,1.82,12620,2323246.00,1.63,-0.54,-0.01,0.08
2018-12-25,1.83,1.77,1.83,1.74,45189,8047867.00,4.92,-3.28,-0.06,0.30
2018-12-26,1.78,1.77,1.80,1.76,14792,2643073.00,2.26,0.00,0.00,0.10
2018-12-27,1.80,1.75,1.81,1.75,13998,2496384.00,3.39,-1.13,-0.02,0.09
2018-12-28,1.76,1.76,1.79,1.75,22686,4043527.00,2.29,0.57,0.01,0.15
2019-01-02,1.76,1.80,1.80,1.76,22351,4013004.00,2.27,2.27,0.04,0.15
2019-01-03,1.78,1.80,1.81,1.78,16709,3015120.00,1.67,0.00,0.00,0.11
2019-01-04,1.79,1.85,1.86,1.78,25064,4607465.00,4.44,2.78,0.05,0.17
2019-01-07,1.85,1.92,1.93,1.85,36870,7049629.00,4.32,3.78,0.07,0.24
2019-01-08,1.90,1.90,1.91,1.88,21409,4076294.00,1.56,-1.04,-0.02,0.14
2019-01-09,1.89,1.92,1.98,1.89,41569,8146296.00,4.74,1.05,0.02,0.28
2019-01-10,1.94,1.91,1.97,1.91,23312,4527933.00,3.13,-0.52,-0.01,0.15
2019-01-11,1.92,1.92,1.94,1.90,17668,3406363.00,2.09,0.52,0.01,0.12
2019-01-14,1.92,1.93,1.97,1.91,21928,4279291.00,3.13,0.52,0.01,0.15
2019-01-15,1.92,1.95,1.96,1.92,21880,4273905.00,2.07,1.04,0.02,0.14
2019-01-16,1.97,1.97,1.99,1.95,36328,7212282.00,2.05,1.03,0.02,0.24
2019-01-17,1.96,1.95,1.98,1.94,32202,6366097.00,2.03,-1.02,-0.02,0.21
2019-01-18,1.95,1.95,1.97,1.94,27268,5354097.00,1.54,0.00,0.00,0.18
2019-01-21,1.95,1.95,1.97,1.94,20413,4006860.00,1.54,0.00,0.00,0.14
2019-01-22,1.95,1.96,1.96,1.93,27091,5304182.00,1.54,0.51,0.01,0.18
2019-01-23,1.96,2.02,2.02,1.95,53725,10729382.00,3.57,3.06,0.06,0.36
2019-01-24,2.00,2.01,2.05,1.99,40787,8281708.00,2.97,-0.50,-0.01,0.27
2019-01-25,2.01,2.00,2.02,1.99,30470,6135636.00,1.49,-0.50,-0.01,0.20
2019-01-28,2.03,1.99,2.10,1.99,74029,15270020.00,5.50,-0.50,-0.01,0.49
2019-01-29,1.99,1.96,2.02,1.89,58363,11441553.00,6.53,-1.51,-0.03,0.39
2019-01-30,1.97,1.93,1.99,1.93,23685,4672745.00,3.06,-1.53,-0.03,0.16
2019-01-31,1.93,1.92,1.96,1.91,27624,5356669.00,2.59,-0.52,-0.01,0.18
2019-02-01,1.94,1.97,1.97,1.92,16935,3323602.00,2.60,2.60,0.05,0.11
2019-02-11,1.97,2.07,2.07,1.97,43056,8895002.00,5.08,5.08,0.10,0.29
2019-02-12,2.10,2.15,2.17,2.10,134168,29033585.00,3.38,3.86,0.08,0.89
2019-02-13,2.16,2.14,2.24,2.14,127604,27989529.00,4.65,-0.47,-0.01,0.84
2019-02-14,2.13,2.12,2.21,2.10,112881,24278357.00,5.14,-0.93,-0.02,0.75
2019-02-15,2.10,2.12,2.16,2.10,88614,18898279.00,2.83,0.00,0.00,0.59
2019-02-18,2.13,2.18,2.18,2.13,65499,14236749.00,2.36,2.83,0.06,0.43
2019-02-19,2.16,2.27,2.28,2.16,135345,30117599.00,5.50,4.13,0.09,0.90
2019-02-20,2.25,2.22,2.28,2.20,135835,30520597.00,3.52,-2.20,-0.05,0.90
2019-02-21,2.21,2.13,2.27,2.11,161391,35556259.00,7.21,-4.05,-0.09,1.07
2019-02-22,2.13,2.20,2.20,2.12,65978,14391948.00,3.76,3.29,0.07,0.44
2019-02-25,2.22,2.26,2.28,2.21,120911,27227841.00,3.18,2.73,0.06,0.80
2019-02-26,2.26,2.21,2.28,2.20,183792,41068526.00,3.54,-2.21,-0.05,1.22
2019-02-27,2.20,2.21,2.24,2.19,138532,30898490.00,2.26,0.00,0.00,0.92
2019-02-28,2.21,2.23,2.24,2.20,84905,18913433.00,1.81,0.90,0.02,0.56
2019-03-01,2.23,2.28,2.30,2.23,113449,25899909.00,3.14,2.24,0.05,0.75
2019-03-04,2.29,2.28,2.33,2.26,148115,34132167.00,3.07,0.00,0.00,0.98
2019-03-05,2.27,2.28,2.31,2.24,177027,40294450.00,3.07,0.00,0.00,1.17
2019-03-06,2.30,2.36,2.38,2.28,207014,48413579.00,4.39,3.51,0.08,1.37
2019-03-07,2.36,2.48,2.48,2.35,189522,46440310.00,5.51,5.08,0.12,1.25
2019-03-08,2.48,2.40,2.53,2.39,242059,59399386.00,5.65,-3.23,-0.08,1.60
2019-03-11,2.42,2.52,2.52,2.41,142491,35880739.00,4.58,5.00,0.12,0.94
2019-03-12,2.62,2.57,2.65,2.55,296965,78081472.00,3.97,1.98,0.05,1.97
2019-03-13,2.58,2.66,2.70,2.53,187191,49491545.00,6.61,3.50,0.09,1.24
2019-03-14,2.67,2.68,2.78,2.63,217754,59129109.00,5.64,0.75,0.02,1.44
2019-03-15,2.66,2.77,2.78,2.66,149438,40873421.00,4.48,3.36,0.09,0.99
2019-03-18,2.79,2.91,2.91,2.78,158691,46109184.00,4.69,5.05,0.14,1.05
2019-03-19,2.97,3.06,3.06,2.94,116485,35508463.00,4.12,5.15,0.15,0.77
2019-03-20,3.20,3.21,3.21,3.16,88351,28354192.00,1.63,4.90,0.15,0.58
2019-03-21,3.37,3.37,3.37,3.37,50169,16957071.00,0.00,4.98,0.16,0.33
2019-03-22,3.38,3.20,3.39,3.20,158221,51715774.00,5.64,-5.04,-0.17,1.05
2019-03-25,3.04,3.04,3.04,3.04,23475,7159875.00,0.00,-5.00,-0.16,0.16
2019-03-26,2.89,2.89,3.03,2.89,401991,117240326.00,4.61,-4.93,-0.15,2.66
2019-03-27,2.84,2.75,2.86,2.75,151558,42170674.00,3.81,-4.84,-0.14,1.00
2019-03-28,2.65,2.73,2.85,2.61,358658,97219023.00,8.73,-0.73,-0.02,2.37
2019-04-01,2.59,2.67,2.79,2.59,399182,106454039.00,7.33,-2.20,-0.06,2.64
2019-04-02,2.69,2.80,2.80,2.69,242905,67375379.00,4.12,4.87,0.13,1.61
2019-04-03,2.87,2.79,2.89,2.71,254728,71269805.00,6.43,-0.36,-0.01,1.69
2019-04-04,2.78,2.73,2.85,2.70,185754,51362527.00,5.38,-2.15,-0.06,1.23
2019-04-08,2.71,2.72,2.76,2.67,151881,41371163.00,3.30,-0.37,-0.01,1.01
2019-04-09,2.73,2.69,2.74,2.65,125475,33744569.00,3.31,-1.10,-0.03,0.83
2019-04-10,2.68,2.68,2.71,2.65,91991,24704129.00,2.23,-0.37,-0.01,0.61
2019-04-11,2.68,2.57,2.71,2.55,194671,51307562.00,5.97,-4.10,-0.11,1.29
2019-04-12,2.57,2.53,2.57,2.46,183750,46098559.00,4.28,-1.56,-0.04,1.22
2019-04-15,2.55,2.66,2.66,2.54,125083,33116632.00,4.74,5.14,0.13,0.83
2019-04-16,2.67,2.73,2.77,2.64,252511,68528608.00,4.89,2.63,0.07,1.67
2019-04-17,2.70,2.69,2.72,2.65,146448,39364854.00,2.56,-1.47,-0.04,0.97
2019-04-18,2.66,2.64,2.69,2.64,122850,32845784.00,1.86,-1.86,-0.05,0.81
2019-04-19,2.59,2.57,2.59,2.51,139720,35868345.00,3.03,-2.65,-0.07,0.92
2019-04-22,2.55,2.57,2.58,2.55,69089,17805667.00,1.17,0.00,0.00,0.46
2019-04-23,2.57,2.63,2.69,2.54,137614,36250341.00,5.84,2.33,0.06,0.91
2019-04-24,2.63,2.63,2.65,2.56,74897,19621761.00,3.42,0.00,0.00,0.50
2019-04-25,2.63,2.54,2.66,2.54,108099,28205850.00,4.56,-3.42,-0.09,0.72
2019-04-26,2.55,2.50,2.57,2.49,64875,16444577.00,3.15,-1.57,-0.04,0.43
2019-04-29,2.48,2.37,2.50,2.37,114587,27509515.00,5.20,-5.20,-0.13,0.76
2019-04-30,2.33,2.28,2.37,2.25,109614,25219123.00,5.06,-3.80,-0.09,0.73
2019-05-06,2.29,2.17,2.30,2.17,106098,23648625.00,5.70,-4.82,-0.11,0.70
2019-05-07,2.12,2.13,2.20,2.06,111587,23855082.00,6.45,-1.84,-0.04,0.74
2019-05-08,2.07,2.14,2.21,2.04,68817,14759099.00,7.98,0.47,0.01,0.46
2019-05-09,2.14,2.12,2.15,2.11,45881,9833634.00,1.87,-0.93,-0.02,0.30
2019-05-10,2.13,2.15,2.19,2.06,84415,18205414.00,6.13,1.42,0.03,0.56
2019-05-13,2.13,2.08,2.15,2.07,64955,13746983.00,3.72,-3.26,-0.07,0.43
2019-05-14,2.05,2.02,2.10,2.01,77228,15885690.00,4.33,-2.88,-0.06,0.51
2019-05-15,2.04,2.06,2.07,2.02,56254,11551392.00,2.48,1.98,0.04,0.37
2019-05-16,2.07,2.10,2.10,2.05,57371,11984293.00,2.43,1.94,0.04,0.38
2019-05-17,2.11,2.02,2.11,2.00,75618,15570882.00,5.24,-3.81,-0.08,0.50
2019-05-20,2.01,1.93,2.01,1.92,81385,15775387.00,4.46,-4.46,-0.09,0.54
2019-05-21,1.95,1.94,1.96,1.92,71357,13897066.00,2.07,0.52,0.01,0.47
2019-05-22,1.95,1.86,1.95,1.84,80900,15350167.00,5.67,-4.12,-0.08,0.54
2019-05-23,1.84,1.78,1.85,1.77,71695,13032681.00,4.30,-4.30,-0.08,0.47
2019-05-24,1.76,1.87,1.87,1.73,118037,21677463.00,7.87,5.06,0.09,0.78
2019-05-27,1.86,1.96,1.96,1.83,104032,19869389.00,6.95,4.81,0.09,0.69
2019-05-28,1.95,1.97,2.06,1.95,165691,33717664.00,5.61,0.51,0.01,1.10
2019-05-29,1.96,1.98,2.04,1.94,74496,14892812.00,5.08,0.51,0.01,0.49
2019-05-30,1.99,1.95,1.99,1.93,51806,10153808.00,3.03,-1.52,-0.03,0.34
2019-05-31,1.94,1.98,2.01,1.93,37682,7466229.00,4.10,1.54,0.03,0.25
2019-06-03,1.97,1.88,1.98,1.88,70662,13582925.00,5.05,-5.05,-0.10,0.47
2019-06-04,1.88,1.81,1.88,1.80,55617,10172768.00,4.26,-3.72,-0.07,0.37
2019-06-05,1.82,1.82,1.85,1.81,26267,4824853.00,2.21,0.55,0.01,0.17
2019-06-06,1.83,1.78,1.83,1.76,44270,7966999.00,3.85,-2.20,-0.04,0.29
2019-06-10,1.77,1.87,1.87,1.77,35301,6563375.00,5.62,5.06,0.09,0.23
2019-06-11,1.90,1.94,1.96,1.89,83180,16144138.00,3.74,3.74,0.07,0.55
2019-06-12,1.91,1.91,1.95,1.90,42821,8290335.00,2.58,-1.55,-0.03,0.28
2019-06-13,1.90,1.96,2.00,1.90,57447,11260053.00,5.24,2.62,0.05,0.38
2019-06-14,1.95,1.86,1.98,1.86,97490,18554685.00,6.12,-5.10,-0.10,0.65
2019-06-17,1.84,1.87,1.89,1.84,31106,5857112.00,2.69,0.54,0.01,0.21
2019-06-18,1.88,1.89,1.91,1.87,23318,4428882.00,2.14,1.07,0.02,0.15
2019-06-19,1.92,1.94,1.99,1.92,77538,15348561.00,3.70,2.65,0.05,0.51
2019-06-20,1.92,1.94,1.96,1.89,50922,9844360.00,3.61,0.00,0.00,0.34
2019-06-21,2.01,1.97,2.01,1.95,71723,14173634.00,3.09,1.55,0.03,0.47
2019-06-24,1.95,1.95,2.00,1.95,52579,10438773.00,2.54,-1.02,-0.02,0.35
2019-06-25,1.96,1.97,1.98,1.93,44072,8638050.00,2.56,1.03,0.02,0.29
2019-06-26,1.95,1.96,1.97,1.94,44956,8833633.00,1.52,-0.51,-0.01,0.30
2019-06-27,1.95,1.96,1.96,1.94,35086,6887236.00,1.02,0.00,0.00,0.23
2019-06-28,1.95,1.92,1.96,1.91,40793,7884722.00,2.55,-2.04,-0.04,0.27
2019-07-01,1.95,1.95,1.97,1.94,43212,8472256.00,1.56,1.56,0.03,0.29
2019-07-02,1.95,1.98,2.03,1.94,71293,14212232.00,4.62,1.54,0.03,0.47
2019-07-03,1.98,1.97,1.99,1.94,42822,8432217.00,2.53,-0.51,-0.01,0.28
2019-07-04,1.97,1.97,1.98,1.95,27691,5470619.00,1.52,0.00,0.00,0.18
2019-07-05,1.96,1.97,1.98,1.96,20822,4119246.00,1.02,0.00,0.00,0.14
2019-07-08,1.97,1.90,1.97,1.88,50741,9788855.00,4.57,-3.55,-0.07,0.34
2019-07-09,1.90,1.90,1.92,1.89,28846,5513232.00,1.58,0.00,0.00,0.19
2019-07-10,1.90,1.89,1.91,1.88,25770,4908100.00,1.58,-0.53,-0.01,0.17
2019-07-11,1.89,1.88,1.92,1.87,29768,5668287.00,2.65,-0.53,-0.01,0.20
2019-07-12,1.88,1.89,1.89,1.86,24419,4609344.00,1.60,0.53,0.01,0.16
2019-07-15,1.88,1.90,1.90,1.85,20036,3787544.00,2.65,0.53,0.01,0.13
2019-07-16,1.90,1.88,1.90,1.87,24389,4616682.00,1.58,-1.05,-0.02,0.16
2019-07-17,1.89,1.87,1.89,1.87,23938,4515890.00,1.06,-0.53,-0.01,0.16
2019-07-18,1.87,1.84,1.87,1.82,39430,7285760.00,2.67,-1.60,-0.03,0.26
2019-07-19,1.83,1.84,1.86,1.83,21910,4063627.00,1.63,0.00,0.00,0.15
2019-07-22,1.85,1.79,1.85,1.79,40208,7283406.00,3.26,-2.72,-0.05,0.27
2019-07-23,1.80,1.79,1.80,1.78,17219,3103284.00,1.12,0.00,0.00,0.11
2019-07-24,1.79,1.82,1.83,1.79,22336,4077825.00,2.23,1.68,0.03,0.15
2019-07-25,1.82,1.82,1.84,1.81,18009,3295849.00,1.65,0.00,0.00,0.12
2019-07-26,1.82,1.84,1.84,1.80,21759,3991757.00,2.20,1.10,0.02,0.14
2019-07-29,1.84,1.81,1.84,1.81,18618,3407208.00,1.63,-1.63,-0.03,0.12
2019-07-30,1.82,1.82,1.83,1.81,17553,3215546.00,1.10,0.55,0.01,0.12
2019-07-31,1.81,1.80,1.82,1.79,17798,3226251.00,1.65,-1.10,-0.02,0.12
2019-08-01,1.80,1.80,1.82,1.79,20492,3703240.00,1.67,0.00,0.00,0.14
2019-08-02,1.79,1.78,1.80,1.77,30351,5438888.00,1.67,-1.11,-0.02,0.20
2019-08-05,1.79,1.76,1.80,1.76,24778,4429308.00,2.25,-1.12,-0.02,0.16
2019-08-06,1.75,1.70,1.75,1.67,67346,11415123.00,4.55,-3.41,-0.06,0.45
2019-08-07,1.71,1.69,1.72,1.68,26015,4435287.00,2.35,-0.59,-0.01,0.17
2019-08-08,1.70,1.70,1.72,1.69,22105,3802990.00,1.78,0.59,0.01,0.15
2019-08-09,1.71,1.69,1.72,1.66,23703,4031204.00,3.53,-0.59,-0.01,0.16
2019-08-12,1.68,1.72,1.72,1.67,20673,3531861.00,2.96,1.78,0.03,0.14
2019-08-13,1.71,1.70,1.72,1.69,11912,2043658.00,1.74,-1.16,-0.02,0.08
2019-08-14,1.71,1.71,1.73,1.70,21730,3737209.00,1.76,0.59,0.01,0.14
2019-08-15,1.67,1.69,1.70,1.65,19299,3250610.00,2.92,-1.17,-0.02,0.13
2019-08-16,1.70,1.69,1.71,1.68,29129,4946458.00,1.78,0.00,0.00,0.19
2019-08-19,1.69,1.73,1.73,1.68,34390,5904903.00,2.96,2.37,0.04,0.23
2019-08-20,1.73,1.76,1.82,1.72,39053,6968048.00,5.78,1.73,0.03,0.26
2019-08-21,1.76,1.77,1.80,1.73,21351,3811240.00,3.98,0.57,0.01,0.14
2019-08-22,1.78,1.77,1.79,1.75,22534,4002851.00,2.26,0.00,0.00,0.15
2019-08-23,1.75,1.80,1.82,1.75,40299,7278527.00,3.95,1.69,0.03,0.27
2019-08-26,1.75,1.79,1.81,1.75,30469,5466691.00,3.33,-0.56,-0.01,0.20
2019-08-27,1.79,1.82,1.83,1.79,26088,4758266.00,2.23,1.68,0.03,0.17
2019-08-28,1.82,1.81,1.83,1.81,25167,4602808.00,1.10,-0.55,-0.01,0.17
2019-08-29,1.82,1.80,1.82,1.79,21110,3820971.00,1.66,-0.55,-0.01,0.14
2019-08-30,1.81,1.82,1.85,1.80,34059,6245845.00,2.78,1.11,0.02,0.23
2019-09-02,1.81,1.81,1.81,1.77,35212,6344278.00,2.20,-0.55,-0.01,0.23
2019-09-03,1.80,1.80,1.80,1.78,22817,4106910.00,1.10,-0.55,-0.01,0.15
2019-09-04,1.78,1.79,1.80,1.77,30251,5428084.00,1.67,-0.56,-0.01,0.20
2019-09-05,1.79,1.79,1.81,1.79,29760,5382638.00,1.12,0.00,0.00,0.20
2019-09-06,1.80,1.78,1.81,1.77,35146,6304965.00,2.23,-0.56,-0.01,0.23
2019-09-09,1.78,1.78,1.79,1.77,53125,9513463.00,1.12,0.00,0.00,0.35
2019-09-10,1.78,1.78,1.79,1.77,33636,6028932.00,1.12,0.00,0.00,0.22
2019-09-11,1.79,1.78,1.79,1.77,33046,5921772.00,1.12,0.00,0.00,0.22
2019-09-12,1.78,1.78,1.79,1.77,25898,4634588.00,1.12,0.00,0.00,0.17
2019-09-16,1.78,1.78,1.79,1.77,24097,4315582.00,1.12,0.00,0.00,0.16
2019-09-17,1.77,1.74,1.78,1.74,35644,6302252.00,2.25,-2.25,-0.04,0.24
2019-09-18,1.74,1.74,1.76,1.73,17255,3026996.00,1.72,0.00,0.00,0.11
2019-09-19,1.75,1.83,1.83,1.73,88409,16035315.00,5.75,5.17,0.09,0.59
2019-09-20,1.87,1.86,1.88,1.84,93351,17513343.00,2.19,1.64,0.03,0.62
2019-09-23,1.86,1.81,1.86,1.77,44662,8107047.00,4.84,-2.69,-0.05,0.30
2019-09-24,1.79,1.90,1.90,1.79,66950,12551605.00,6.08,4.97,0.09,0.44
2019-09-25,1.92,1.86,1.92,1.85,69189,13149109.00,3.68,-2.11,-0.04,0.46
2019-09-26,1.86,1.80,1.87,1.77,58962,10734089.00,5.38,-3.23,-0.06,0.39
2019-09-27,1.80,1.82,1.85,1.79,38667,7017141.00,3.33,1.11,0.02,0.26
2019-09-30,1.81,1.81,1.83,1.81,25379,4642679.00,1.10,-0.55,-0.01,0.17
2019-10-08,1.81,1.85,1.88,1.80,33438,6219815.00,4.42,2.21,0.04,0.22
2019-10-09,1.84,1.85,1.86,1.83,22119,4108444.00,1.62,0.00,0.00,0.15
2019-10-10,1.85,1.85,1.87,1.82,27124,5046969.00,2.70,0.00,0.00,0.18
2019-10-11,1.85,1.85,1.86,1.84,17436,3240419.00,1.08,0.00,0.00,0.12
2019-10-14,1.85,1.86,1.87,1.85,19631,3670305.00,1.08,0.54,0.01,0.13
2019-10-15,1.86,1.85,1.87,1.83,25424,4731478.00,2.15,-0.54,-0.01,0.17
2019-10-16,1.85,1.84,1.87,1.83,27110,5026241.00,2.16,-0.54,-0.01,0.18
2019-10-17,1.85,1.84,1.85,1.82,14354,2642415.00,1.63,0.00,0.00,0.10
2019-10-18,1.83,1.84,1.86,1.82,20663,3816429.00,2.17,0.00,0.00,0.14
2019-10-21,1.83,1.79,1.84,1.78,34135,6190527.00,3.26,-2.72,-0.05,0.23
2019-10-22,1.78,1.85,1.86,1.78,36088,6629065.00,4.47,3.35,0.06,0.24
2019-10-23,1.86,1.86,1.88,1.84,56723,10614090.00,2.16,0.54,0.01,0.38
2019-10-24,1.89,1.88,1.91,1.86,55595,10556050.00,2.69,1.08,0.02,0.37
2019-10-25,1.88,1.97,1.97,1.88,112527,22066489.00,4.79,4.79,0.09,0.74
2019-10-28,2.07,2.07,2.07,2.07,20035,4167288.00,0.00,5.08,0.10,0.13
2019-10-29,2.17,2.17,2.17,2.17,9514,2074052.00,0.00,4.83,0.10,0.06
2019-10-30,2.28,2.28,2.28,2.28,13561,3105423.00,0.00,5.07,0.11,0.09
2019-10-31,2.39,2.17,2.39,2.17,304503,68069108.00,9.65,-4.82,-0.11,2.02
2019-11-01,2.11,2.08,2.16,2.06,142388,29868407.00,4.61,-4.15,-0.09,0.94
2019-11-04,2.08,2.18,2.18,2.07,52380,11240859.00,5.29,4.81,0.10,0.35
2019-11-05,2.25,2.12,2.28,2.12,102578,22844798.00,7.34,-2.75,-0.06,0.68
2019-11-06,2.11,2.12,2.17,2.11,52508,11279599.00,2.83,0.00,0.00,0.35
2019-11-07,2.14,2.13,2.15,2.11,25489,5444241.00,1.89,0.47,0.01,0.17
2019-11-08,2.13,2.20,2.24,2.13,97314,21706250.00,5.16,3.29,0.07,0.64
2019-11-11,2.21,2.17,2.21,2.14,69505,15153061.00,3.18,-1.36,-0.03,0.46
2019-11-12,2.14,2.10,2.17,2.07,66508,14001418.00,4.61,-3.23,-0.07,0.44
2019-11-13,2.09,2.03,2.09,2.02,40843,8381234.00,3.33,-3.33,-0.07,0.27
2019-11-14,2.04,2.05,2.10,1.99,37095,7572204.00,5.42,0.99,0.02,0.25
2019-11-15,2.05,2.02,2.07,1.99,30348,6166089.00,3.90,-1.46,-0.03,0.20
2019-11-18,2.02,2.03,2.04,1.99,19965,4059617.00,2.48,0.50,0.01,0.13
2019-11-19,2.03,2.05,2.07,2.02,20465,4222954.00,2.46,0.99,0.02,0.14
2019-11-20,2.05,2.02,2.07,1.95,63820,12857203.00,5.85,-1.46,-0.03,0.42
2019-11-21,1.99,2.00,2.05,1.98,27115,5473347.00,3.47,-0.99,-0.02,0.18
2019-11-22,1.99,1.99,2.03,1.99,23405,4718136.00,2.00,-0.50,-0.01,0.15
2019-11-25,1.98,2.02,2.03,1.98,28495,5752870.00,2.51,1.51,0.03,0.19
2019-11-26,2.03,2.02,2.04,2.00,21204,4297307.00,1.98,0.00,0.00,0.14
2019-11-27,2.01,2.02,2.03,2.00,10554,2139642.00,1.49,0.00,0.00,0.07
2019-11-28,2.02,1.99,2.02,1.99,12198,2460295.00,1.49,-1.49,-0.03,0.08
2019-11-29,1.99,1.99,2.00,1.98,13877,2777286.00,1.01,0.00,0.00,0.09
2019-12-02,1.99,1.99,1.99,1.97,16356,3258486.00,1.01,0.00,0.00,0.11
2019-12-03,1.98,2.01,2.01,1.97,15387,3087454.00,2.01,1.01,0.02,0.10
2019-12-04,2.01,2.03,2.04,2.00,21005,4263462.00,1.99,1.00,0.02,0.14
2019-12-05,2.04,2.03,2.04,2.01,15552,3161107.00,1.48,0.00,0.00,0.10
2019-12-06,2.04,2.13,2.13,2.03,88062,18712481.00,4.93,4.93,0.10,0.58
2019-12-09,2.10,2.10,2.14,2.07,62722,13219334.00,3.29,-1.41,-0.03,0.42
2019-12-10,2.09,2.08,2.10,2.06,24184,5048970.00,1.90,-0.95,-0.02,0.16
2019-12-11,2.10,2.15,2.16,2.09,43445,9249690.00,3.37,3.37,0.07,0.29
2019-12-12,2.14,2.16,2.16,2.13,42621,9184752.00,1.40,0.47,0.01,0.28
2019-12-13,2.15,2.13,2.17,2.13,39938,8591935.00,1.85,-1.39,-0.03,0.26
2019-12-16,2.14,2.13,2.15,2.12,31748,6803821.00,1.41,0.00,0.00,0.21
2019-12-17,2.14,2.19,2.24,2.13,63833,14058912.00,5.16,2.82,0.06,0.42
2019-12-18,2.20,2.16,2.21,2.15,47629,10385015.00,2.74,-1.37,-0.03,0.32
2019-12-19,2.16,2.20,2.25,2.16,55340,12276992.00,4.17,1.85,0.04,0.37
2019-12-20,2.23,2.23,2.28,2.22,58861,13253889.00,2.73,1.36,0.03,0.39
2019-12-23,2.23,2.21,2.26,2.20,30741,6893498.00,2.69,-0.90,-0.02,0.20
2019-12-24,2.22,2.24,2.25,2.21,40236,9012981.00,1.81,1.36,0.03,0.27
2019-12-25,2.24,2.21,2.25,2.21,32701,7312014.00,1.79,-1.34,-0.03,0.22
2019-12-26,2.21,2.20,2.22,2.18,30302,6693465.00,1.81,-0.45,-0.01,0.20
2019-12-27,2.20,2.20,2.27,2.18,40168,8961599.00,4.09,0.00,0.00,0.27
2019-12-30,2.13,2.13,2.18,2.11,66831,14386338.00,3.18,-3.18,-0.07,0.44
2019-12-31,2.14,2.16,2.18,2.13,25517,5513344.00,2.35,1.41,0.03,0.17
2020-01-02,2.17,2.17,2.19,2.15,41357,9002573.00,1.85,0.46,0.01,0.27
2020-01-03,2.16,2.17,2.18,2.16,29017,6311024.00,0.92,0.00,0.00,0.19
2020-01-06,2.16,2.22,2.26,2.15,73212,16262261.00,5.07,2.30,0.05,0.48
2020-01-07,2.22,2.23,2.26,2.20,64648,14458593.00,2.70,0.45,0.01,0.43
2020-01-08,2.22,2.16,2.23,2.15,64430,14118971.00,3.59,-3.14,-0.07,0.43
2020-01-09,2.16,2.20,2.20,2.16,31001,6814617.00,1.85,1.85,0.04,0.21
2020-01-10,2.20,2.18,2.21,2.17,23845,5236687.00,1.82,-0.91,-0.02,0.16
2020-01-13,2.18,2.18,2.20,2.16,34649,7570094.00,1.83,0.00,0.00,0.23
2020-01-14,2.18,2.18,2.19,2.16,34144,7444206.00,1.38,0.00,0.00,0.23
2020-01-15,2.17,2.18,2.19,2.14,32325,7019615.00,2.29,0.00,0.00,0.21
2020-01-16,2.17,2.20,2.23,2.17,58658,13007285.00,2.75,0.92,0.02,0.39
2020-01-17,2.21,2.22,2.24,2.20,39186,8733029.00,1.82,0.91,0.02,0.26
2020-01-20,2.22,2.25,2.26,2.22,56655,12765736.00,1.80,1.35,0.03,0.38
2020-01-21,2.26,2.27,2.28,2.23,60574,13782038.00,2.22,0.89,0.02,0.40
2020-01-22,2.26,2.26,2.28,2.20,64755,14611595.00,3.52,-0.44,-0.01,0.43
2020-01-23,2.24,2.18,2.25,2.15,84379,18546000.00,4.42,-3.54,-0.08,0.56
2020-02-03,2.07,2.07,2.07,2.07,4773,992784.00,0.00,-5.05,-0.11,0.03
2020-02-04,1.97,1.97,2.03,1.97,114989,22866572.00,2.90,-4.83,-0.10,0.76
2020-02-05,1.97,1.98,2.01,1.96,80819,16114256.00,2.54,0.51,0.01,0.54
2020-02-06,1.98,1.96,1.98,1.93,83474,16440697.00,2.53,-1.01,-0.02,0.55
2020-02-07,1.96,1.98,2.01,1.95,74797,14912071.00,3.06,1.02,0.02,0.50
2020-02-10,1.96,1.99,1.99,1.94,54649,10845226.00,2.53,0.51,0.01,0.36
2020-02-11,1.99,2.01,2.01,1.98,51796,10373003.00,1.51,1.01,0.02,0.34
2020-02-12,1.99,2.11,2.11,1.99,111182,23022431.00,5.97,4.98,0.10,0.74
2020-02-13,2.09,2.07,2.12,2.05,67240,14045084.00,3.32,-1.90,-0.04,0.45
2020-02-14,2.05,2.11,2.12,2.05,68503,14414028.00,3.38,1.93,0.04,0.45
2020-02-17,2.10,2.14,2.21,2.10,74945,16239778.00,5.21,1.42,0.03,0.50
2020-02-18,2.14,2.14,2.15,2.12,34738,7442321.00,1.40,0.00,0.00,0.23
2020-02-19,2.14,2.20,2.21,2.12,101773,22209931.00,4.21,2.80,0.06,0.67
2020-02-20,2.21,2.20,2.25,2.19,66897,14912156.00,2.73,0.00,0.00,0.44
2020-02-21,2.21,2.19,2.24,2.19,53037,11763908.00,2.27,-0.45,-0.01,0.35
2020-02-24,2.18,2.16,2.20,2.14,61233,13283782.00,2.74,-1.37,-0.03,0.41
2020-02-25,2.13,2.11,2.13,2.06,85537,18022916.00,3.24,-2.31,-0.05,0.57
2020-02-26,2.08,2.08,2.12,2.06,60240,12664419.00,2.84,-1.42,-0.03,0.40
2020-02-27,2.08,2.09,2.11,2.07,46161,9694291.00,1.92,0.48,0.01,0.31
2020-02-28,2.06,2.00,2.08,1.99,100082,20333389.00,4.31,-4.31,-0.09,0.66
2020-03-02,2.00,2.06,2.09,2.00,50356,10394236.00,4.50,3.00,0.06,0.33
2020-03-03,2.07,2.07,2.14,2.07,59097,12425429.00,3.40,0.49,0.01,0.39
2020-03-04,2.06,2.09,2.10,2.05,53446,11182541.00,2.42,0.97,0.02,0.35
2020-03-05,2.11,2.15,2.16,2.11,83984,18043717.00,2.39,2.87,0.06,0.56
2020-03-06,2.13,2.17,2.18,2.13,78315,17004127.00,2.33,0.93,0.02,0.52
2020-03-09,2.13,2.10,2.16,2.10,70117,15025698.00,2.76,-3.23,-0.07,0.46
2020-03-10,2.09,2.11,2.11,2.03,93320,19358709.00,3.81,0.48,0.01,0.62
2020-03-11,2.09,2.09,2.14,2.08,66644,14065262.00,2.84,-0.95,-0.02,0.44
2020-03-12,2.05,2.05,2.08,2.04,52404,10827177.00,1.91,-1.91,-0.04,0.35
2020-03-13,1.98,2.02,2.03,1.95,77701,15474951.00,3.90,-1.46,-0.03,0.51
2020-03-16,2.04,1.98,2.06,1.97,58455,11786323.00,4.46,-1.98,-0.04,0.39
2020-03-17,1.97,2.00,2.01,1.95,58946,11715290.00,3.03,1.01,0.02,0.39
2020-03-18,2.00,1.98,2.03,1.97,38621,7774321.00,3.00,-1.00,-0.02,0.26
2020-03-19,1.98,1.98,1.99,1.94,65968,13007289.00,2.53,0.00,0.00,0.44
2020-03-20,1.99,2.01,2.02,1.97,41052,8186031.00,2.53,1.52,0.03,0.27
2020-03-23,1.99,2.02,2.11,1.98,105858,21924762.00,6.47,0.50,0.01,0.70
2020-03-24,2.03,2.05,2.06,2.02,57906,11861672.00,1.98,1.49,0.03,0.38
2020-03-25,2.07,2.07,2.08,2.06,37034,7693333.00,0.98,0.98,0.02,0.25
2020-03-26,2.07,2.04,2.07,2.04,35810,7380107.00,1.45,-1.45,-0.03,0.24
2020-03-27,2.06,2.05,2.07,2.04,43313,8933711.00,1.47,0.49,0.01,0.29
2020-03-30,2.04,2.04,2.04,2.01,38159,7780774.00,1.46,-0.49,-0.01,0.25
2020-03-31,2.05,2.03,2.06,2.01,40887,8343949.00,2.45,-0.49,-0.01,0.27
2020-04-01,2.02,2.03,2.04,2.01,23621,4803422.00,1.48,0.00,0.00,0.16
2020-04-02,2.02,2.05,2.06,2.01,37396,7654353.00,2.46,0.99,0.02,0.25
2020-04-03,2.05,2.08,2.08,2.03,34548,7126680.00,2.44,1.46,0.03,0.23
2020-04-07,2.09,2.13,2.14,2.07,67724,14455408.00,3.37,2.40,0.05,0.45
2020-04-08,2.13,2.21,2.23,2.12,101296,22426870.00,5.16,3.76,0.08,0.67
2020-04-09,2.24,2.25,2.32,2.22,142370,32578156.00,4.52,1.81,0.04,0.94
2020-04-10,2.29,2.27,2.31,2.23,104125,23688526.00,3.56,0.89,0.02,0.69
2020-04-13,2.28,2.29,2.38,2.27,147802,34379768.00,4.85,0.88,0.02,0.98
2020-04-14,2.27,2.32,2.36,2.27,123603,28857023.00,3.93,1.31,0.03,0.82
2020-04-15,2.34,2.44,2.44,2.34,224740,54395701.00,4.31,5.17,0.12,1.49
2020-04-16,2.44,2.42,2.48,2.38,189167,46093505.00,4.10,-0.82,-0.02,1.25
2020-04-17,2.43,2.45,2.49,2.41,168556,41546268.00,3.31,1.24,0.03,1.12
2020-04-21,2.48,2.54,2.68,2.37,628639,159092973.00,12.65,3.67,0.09,4.16
2020-04-22,2.48,2.59,2.76,2.41,392617,102622314.00,13.78,1.97,0.05,2.60
2020-04-23,2.54,2.50,2.63,2.44,333613,84392604.00,7.34,-3.47,-0.09,2.21
2020-04-24,2.46,2.36,2.50,2.27,306336,72596469.00,9.20,-5.60,-0.14,2.03
2020-04-27,2.34,2.26,2.36,2.23,209998,48355632.00,5.51,-4.24,-0.10,1.39
2020-04-28,2.28,2.16,2.30,2.11,188885,41299838.00,8.41,-4.42,-0.10,1.25
2020-04-29,2.15,2.07,2.16,2.06,169095,35750991.00,4.63,-4.17,-0.09,1.12
2020-04-30,2.04,2.11,2.14,2.04,130918,27712743.00,4.83,1.93,0.04,0.87
2020-05-06,2.08,2.10,2.13,2.07,121166,25613964.00,2.84,-0.47,-0.01,0.80
2020-05-07,2.11,2.06,2.11,2.05,106889,22321806.00,2.86,-1.90,-0.04,0.71
2020-05-08,2.06,2.09,2.10,2.06,88893,18555470.00,1.94,1.46,0.03,0.59
2020-05-11,2.09,2.07,2.10,2.05,74328,15459438.00,2.39,-0.96,-0.02,0.49
2020-05-12,2.07,2.06,2.08,2.04,52718,10870798.00,1.93,-0.48,-0.01,0.35
2020-05-13,2.05,2.11,2.14,2.03,140784,29551626.00,5.34,2.43,0.05,0.93
2020-05-14,2.09,2.06,2.10,2.06,70799,14720871.00,1.90,-2.37,-0.05,0.47
2020-05-15,2.07,2.07,2.08,2.05,48459,10051268.00,1.46,0.49,0.01,0.32
2020-05-18,2.09,2.07,2.11,2.05,68166,14221223.00,2.90,0.00,0.00,0.45
2020-05-19,2.06,2.05,2.08,2.04,54752,11309275.00,1.93,-0.97,-0.02,0.36
2020-05-20,2.05,2.02,2.06,2.00,71609,14586707.00,2.93,-1.46,-0.03,0.47
2020-05-21,2.01,1.99,2.02,1.99,46090,9264572.00,1.49,-1.49,-0.03,0.31
2020-05-22,1.85,1.81,1.91,1.79,313385,57182065.00,6.03,-9.05,-0.18,2.07
2020-05-25,1.78,1.80,1.81,1.71,87123,15478224.00,5.52,-0.55,-0.01,0.58
2020-05-26,1.78,1.86,1.87,1.78,109757,20339547.00,5.00,3.33,0.06,0.73
2020-05-27,1.90,1.85,1.90,1.83,59934,11180445.00,3.76,-0.54,-0.01,0.40
2020-05-28,1.85,1.84,1.89,1.82,61645,11468832.00,3.78,-0.54,-0.01,0.41
2020-05-29,1.85,1.82,1.85,1.81,53479,9830647.00,2.17,-1.09,-0.02,0.35
2020-06-01,1.81,1.84,1.85,1.78,87622,16010609.00,3.85,1.10,0.02,0.58
2020-06-02,1.83,1.84,1.85,1.81,85972,15824050.00,2.17,0.00,0.00,0.57
2020-06-03,1.84,2.03,2.03,1.83,184768,35696004.00,10.87,10.33,0.19,1.22
2020-06-04,2.12,2.23,2.23,2.10,316542,69822635.00,6.40,9.85,0.20,2.10
2020-06-05,2.19,2.13,2.39,2.08,487931,108141708.00,13.90,-4.48,-0.10,3.23
2020-06-08,2.09,2.05,2.16,2.02,221336,45599960.00,6.57,-3.76,-0.08,1.47
2020-06-09,2.03,2.03,2.07,1.98,148123,30122315.00,4.39,-0.98,-0.02,0.98
2020-06-10,2.03,2.05,2.14,2.02,143629,30025913.00,5.91,0.99,0.02,0.95
2020-06-11,2.04,2.04,2.13,2.00,137502,28455790.00,6.34,-0.49,-0.01,0.91
2020-06-12,1.99,2.05,2.07,1.99,74661,15269453.00,3.92,0.49,0.01,0.49
2020-06-15,2.05,2.01,2.07,2.00,88123,17996772.00,3.41,-1.95,-0.04,0.58
2020-06-16,2.02,2.03,2.05,2.02,53080,10828444.00,1.49,1.00,0.02,0.35
2020-06-17,2.03,2.01,2.05,2.00,60343,12258342.00,2.46,-0.99,-0.02,0.40
2020-06-18,2.00,2.01,2.02,1.99,53171,10716749.00,1.49,0.00,0.00,0.35
2020-06-19,2.01,2.04,2.08,2.00,77686,15967322.00,3.98,1.49,0.03,0.51
2020-06-22,2.05,2.03,2.08,2.01,54947,11218717.00,3.43,-0.49,-0.01,0.36
2020-06-23,2.03,2.00,2.03,1.99,49537,9985258.00,1.97,-1.48,-0.03,0.33
2020-06-24,2.01,1.96,2.02,1.95,80663,16025144.00,3.50,-2.00,-0.04,0.53
2020-06-29,1.96,1.94,1.98,1.92,55072,10781587.00,3.06,-1.02,-0.02,0.36
2020-06-30,1.97,1.98,1.99,1.95,46767,9276024.00,2.06,2.06,0.04,0.31
2020-07-01,1.98,1.98,2.00,1.95,51039,10124897.00,2.53,0.00,0.00,0.34
2020-07-02,1.98,2.06,2.13,1.97,136584,27940475.00,8.08,4.04,0.08,0.90
2020-07-03,2.04,2.06,2.09,2.03,119564,24751576.00,2.91,0.00,0.00,0.79
2020-07-06,2.07,2.13,2.14,2.05,183147,38512713.00,4.37,3.40,0.07,1.21
2020-07-07,2.14,2.12,2.17,2.11,178701,38101251.00,2.82,-0.47,-0.01,1.18
2020-07-08,2.11,2.17,2.19,2.11,195208,41840206.00,3.77,2.36,0.05,1.29
2020-07-09,2.18,2.19,2.22,2.17,197160,43230142.00,2.30,0.92,0.02,1.31
2020-07-10,2.19,2.15,2.23,2.14,168113,36724531.00,4.11,-1.83,-0.04,1.11
2020-07-13,2.17,2.22,2.23,2.15,208499,45726650.00,3.72,3.26,0.07,1.38
2020-07-14,2.24,2.18,2.24,2.14,179257,39160854.00,4.50,-1.80,-0.04,1.19
2020-07-15,2.19,2.11,2.20,2.10,137086,29440811.00,4.59,-3.21,-0.07,0.91
2020-07-16,2.09,2.05,2.13,2.05,140554,29518928.00,3.79,-2.84,-0.06,0.93
2020-07-17,2.05,2.02,2.08,2.02,112263,22958669.00,2.93,-1.46,-0.03,0.74
2020-07-20,2.04,2.14,2.14,2.03,108052,22575593.00,5.45,5.94,0.12,0.72
2020-07-21,2.15,2.12,2.18,2.11,99917,21333908.00,3.27,-0.93,-0.02,0.66
2020-07-22,2.14,2.10,2.15,2.08,81028,17132114.00,3.30,-0.94,-0.02,0.54
2020-07-23,2.10,2.08,2.10,2.04,99342,20587901.00,2.86,-0.95,-0.02,0.66
2020-07-24,2.09,2.01,2.09,2.01,109930,22436898.00,3.85,-3.37,-0.07,0.73
2020-07-27,1.99,2.00,2.03,1.99,68001,13624663.00,1.99,-0.50,-0.01,0.45
2020-07-28,2.02,2.02,2.05,2.00,55661,11276170.00,2.50,1.00,0.02,0.37
2020-07-29,2.03,2.05,2.05,2.00,66806,13562867.00,2.48,1.49,0.03,0.44
2020-07-30,2.06,2.02,2.07,2.01,72308,14706515.00,2.93,-1.46,-0.03,0.48
2020-07-31,2.02,2.02,2.04,1.99,77841,15692286.00,2.48,0.00,0.00,0.52
2020-08-03,2.03,2.07,2.07,2.02,93876,19228537.00,2.48,2.48,0.05,0.62
2020-08-04,2.08,2.05,2.08,2.03,96828,19816326.00,2.42,-0.97,-0.02,0.64
2020-08-05,2.05,2.05,2.07,2.02,88050,18023089.00,2.44,0.00,0.00,0.58
2020-08-06,2.05,2.04,2.06,2.02,84856,17279499.00,1.95,-0.49,-0.01,0.56
2020-08-07,2.04,2.02,2.04,1.99,78411,15830877.00,2.45,-0.98,-0.02,0.52
2020-08-10,2.03,2.06,2.06,2.01,90792,18557725.00,2.48,1.98,0.04,0.60
2020-08-11,2.06,2.02,2.07,2.01,89957,18265546.00,2.91,-1.94,-0.04,0.60
2020-08-12,2.01,2.01,2.02,1.97,103382,20561055.00,2.48,-0.50,-0.01,0.68
2020-08-13,2.00,2.13,2.13,2.00,309302,64771729.00,6.47,5.97,0.12,2.05
2020-08-14,2.13,2.09,2.13,2.07,161296,33898451.00,2.82,-1.88,-0.04,1.07
2020-08-17,2.10,2.11,2.12,2.08,131984,27758521.00,1.91,0.96,0.02,0.87
2020-08-18,2.01,2.07,2.08,2.01,185642,38067235.00,3.32,-1.90,-0.04,1.23
2020-08-19,2.05,2.13,2.18,2.04,345903,73125198.00,6.76,2.90,0.06,2.29
2020-08-20,2.10,2.34,2.34,2.10,480674,109104817.00,11.27,9.86,0.21,3.18
2020-08-21,2.35,2.26,2.38,2.21,694071,158005042.00,7.26,-3.42,-0.08,4.59
2020-08-24,2.26,2.19,2.27,2.14,389475,85123256.00,5.75,-3.10,-0.07,2.58
2020-08-25,2.17,2.41,2.41,2.16,355159,83189510.00,11.42,10.05,0.22,2.35
2020-08-26,2.46,2.26,2.47,2.23,746880,176436045.00,9.96,-6.22,-0.15,4.94
2020-08-27,2.25,2.33,2.48,2.21,522695,122840711.00,11.95,3.10,0.07,3.46
2020-08-28,2.30,2.25,2.30,2.20,339024,75975077.00,4.29,-3.43,-0.08,2.24
2020-08-31,2.24,2.19,2.26,2.19,220302,48948651.00,3.11,-2.67,-0.06,1.46
2020-09-01,2.19,2.22,2.22,2.16,155457,34050630.00,2.74,1.37,0.03,1.03
2020-09-02,2.21,2.20,2.22,2.16,163969,35897152.00,2.70,-0.90,-0.02,1.09
2020-09-03,2.20,2.34,2.42,2.17,710555,168409591.00,11.36,6.36,0.14,4.70
2020-09-04,2.25,2.26,2.30,2.21,429986,96860023.00,3.85,-3.42,-0.08,2.85
2020-09-07,2.25,2.31,2.36,2.24,349000,80306274.00,5.31,2.21,0.05,2.31
2020-09-08,2.28,2.43,2.47,2.24,555347,131895740.00,9.96,5.19,0.12,3.68
2020-09-09,2.44,2.46,2.60,2.41,659204,164970576.00,7.82,1.23,0.03,4.36
2020-09-10,2.45,2.30,2.48,2.27,425210,99948437.00,8.54,-6.50,-0.16,2.81
2020-09-11,2.26,2.30,2.38,2.25,241681,55613596.00,5.65,0.00,0.00,1.60
2020-09-14,2.31,2.34,2.36,2.29,181665,42217164.00,3.04,1.74,0.04,1.20
2020-09-15,2.34,2.28,2.35,2.24,220302,50138248.00,4.70,-2.56,-0.06,1.46
2020-09-16,2.27,2.23,2.29,2.22,132994,29886718.00,3.07,-2.19,-0.05,0.88
2020-09-17,2.23,2.26,2.26,2.20,112743,25058696.00,2.69,1.35,0.03,0.75
2020-09-18,2.25,2.26,2.27,2.22,93666,21060983.00,2.21,0.00,0.00,0.62
2020-09-21,2.26,2.25,2.30,2.24,85588,19354662.00,2.65,-0.44,-0.01,0.57
2020-09-22,2.23,2.19,2.23,2.18,116754,25759702.00,2.22,-2.67,-0.06,0.77
2020-09-23,2.20,2.18,2.21,2.17,72394,15816745.00,1.83,-0.46,-0.01,0.48
2020-09-24,2.17,2.10,2.17,2.09,127433,26979910.00,3.67,-3.67,-0.08,0.84
2020-09-25,2.12,2.10,2.13,2.08,55589,11677176.00,2.38,0.00,0.00,0.37
2020-09-28,2.09,2.05,2.10,2.04,64995,13423099.00,2.86,-2.38,-0.05,0.43
2020-09-29,2.05,2.06,2.07,2.03,72057,14780239.00,1.95,0.49,0.01,0.48
2020-09-30,2.05,2.06,2.07,2.05,38699,7972751.00,0.97,0.00,0.00,0.26
2020-10-09,2.07,2.10,2.11,2.07,55617,11652316.00,1.94,1.94,0.04,0.37
2020-10-12,2.11,2.15,2.16,2.09,82558,17574826.00,3.33,2.38,0.05,0.55
2020-10-13,2.15,2.13,2.16,2.10,69796,14808157.00,2.79,-0.93,-0.02,0.46
2020-10-14,2.12,2.11,2.14,2.09,66176,13968581.00,2.35,-0.94,-0.02,0.44
2020-10-15,2.09,2.09,2.11,2.08,60577,12684597.00,1.42,-0.95,-0.02,0.40
2020-10-16,2.09,2.06,2.09,2.05,81281,16755763.00,1.91,-1.44,-0.03,0.54
2020-10-19,2.06,2.05,2.08,2.04,58546,12038374.00,1.94,-0.49,-0.01,0.39
2020-10-20,2.04,2.06,2.06,2.03,37262,7640073.00,1.46,0.49,0.01,0.25
2020-10-21,2.08,2.06,2.08,2.04,37821,7758649.00,1.94,0.00,0.00,0.25
2020-10-22,2.06,2.04,2.06,2.03,48234,9846536.00,1.46,-0.97,-0.02,0.32
2020-10-23,2.03,2.01,2.05,2.01,54051,10955699.00,1.96,-1.47,-0.03,0.36
2020-10-26,2.01,2.02,2.04,1.98,50796,10218817.00,2.99,0.50,0.01,0.34
2020-10-27,2.01,2.01,2.02,1.99,32360,6488169.00,1.49,-0.50,-0.01,0.21
2020-10-28,2.02,2.02,2.04,1.99,37627,7574622.00,2.49,0.50,0.01,0.25
2020-10-29,1.99,2.01,2.01,1.98,52980,10580789.00,1.49,-0.50,-0.01,0.35
2020-10-30,2.01,1.97,2.04,1.96,87250,17453013.00,3.98,-1.99,-0.04,0.58
2020-11-02,1.97,1.91,1.97,1.91,84206,16214584.00,3.05,-3.05,-0.06,0.56
2020-11-03,1.92,1.94,1.95,1.90,47231,9113429.00,2.62,1.57,0.03,0.31
2020-11-04,1.94,2.06,2.13,1.92,232150,47812759.00,10.82,6.19,0.12,1.54
2020-11-05,2.06,2.14,2.26,2.06,264986,56757965.00,9.71,3.88,0.08,1.75
2020-11-06,2.10,2.07,2.12,2.04,151722,31422606.00,3.74,-3.27,-0.07,1.00
2020-11-09,2.07,2.18,2.18,2.04,239170,50761066.00,6.76,5.31,0.11,1.58
2020-11-10,2.15,2.16,2.35,2.14,314805,69893288.00,9.63,-0.92,-0.02,2.08
2020-11-11,2.16,2.38,2.38,2.16,548979,128217202.00,10.19,10.19,0.22,3.63
2020-11-12,2.62,2.62,2.62,2.62,144625,37891857.00,0.00,10.08,0.24,0.96
2020-11-13,2.88,2.88,2.88,2.86,963958,277611056.00,0.76,9.92,0.26,6.38
2020-11-16,2.88,3.17,3.17,2.69,2591984,789863104.00,16.67,10.07,0.29,17.16
2020-11-17,3.12,2.85,3.22,2.85,2053669,610164064.00,11.67,-10.09,-0.32,13.60
2020-11-18,2.64,2.57,2.65,2.57,690872,178834668.00,2.81,-9.82,-0.28,4.57
2020-11-19,2.41,2.43,2.52,2.37,1350146,327608320.00,5.84,-5.45,-0.14,8.94
2020-11-20,2.39,2.41,2.45,2.34,711710,170407682.00,4.53,-0.82,-0.02,4.71
2020-11-23,2.39,2.45,2.50,2.36,791686,192589229.00,5.81,1.66,0.04,5.24
2020-11-24,2.40,2.36,2.41,2.30,679873,159498344.00,4.49,-3.67,-0.09,4.50
2020-11-25,2.34,2.29,2.36,2.29,433702,100618431.00,2.97,-2.97,-0.07,2.87
2020-11-26,2.28,2.31,2.32,2.27,306772,70413530.00,2.18,0.87,0.02,2.03
2020-11-27,2.30,2.24,2.31,2.19,513289,114869417.00,5.19,-3.03,-0.07,3.40
2020-11-30,2.24,2.22,2.26,2.21,280809,62782301.00,2.23,-0.89,-0.02,1.86
2020-12-01,2.21,2.23,2.25,2.20,284158,63220873.00,2.25,0.45,0.01,1.88
2020-12-02,2.23,2.22,2.24,2.18,284255,62745447.00,2.69,-0.45,-0.01,1.88
2020-12-03,2.22,2.25,2.29,2.19,458041,102458764.00,4.50,1.35,0.03,3.03
2020-12-04,2.23,2.21,2.24,2.19,259035,57292262.00,2.22,-1.78,-0.04,1.71
2020-12-07,2.21,2.17,2.21,2.16,250860,54697759.00,2.26,-1.81,-0.04,1.66
2020-12-08,2.16,2.14,2.17,2.12,231330,49467757.00,2.30,-1.38,-0.03,1.53
2020-12-09,2.14,2.12,2.17,2.12,203985,43673508.00,2.34,-0.93,-0.02,1.35
2020-12-10,2.12,2.27,2.28,2.07,503989,109938793.00,9.91,7.08,0.15,3.34
2020-12-11,2.25,2.24,2.31,2.13,450712,99991004.00,7.93,-1.32,-0.03,2.98
2020-12-14,2.24,2.20,2.29,2.16,295863,65475537.00,5.80,-1.79,-0.04,1.96
2020-12-15,2.19,2.24,2.27,2.17,315021,70245922.00,4.55,1.82,0.04,2.09
2020-12-16,2.22,2.14,2.23,2.08,311982,67110321.00,6.70,-4.46,-0.10,2.07
2020-12-17,2.14,2.20,2.24,2.10,297061,64726747.00,6.54,2.80,0.06,1.97
2020-12-18,2.19,2.15,2.21,2.13,244501,52867956.00,3.64,-2.27,-0.05,1.62
2020-12-21,2.14,2.14,2.17,2.12,143698,30715668.00,2.33,-0.47,-0.01,0.95
2020-12-22,2.14,2.15,2.19,2.13,196415,42485325.00,2.80,0.47,0.01,1.30
2020-12-23,2.14,2.13,2.16,2.11,153947,32755412.00,2.33,-0.93,-0.02,1.02
2020-12-24,2.11,2.07,2.12,2.06,191355,39820609.00,2.82,-2.82,-0.06,1.27
2020-12-25,2.07,2.11,2.13,2.05,141482,29784205.00,3.86,1.93,0.04,0.94
2020-12-28,2.11,2.10,2.15,2.09,116421,24608615.00,2.84,-0.47,-0.01,0.77
2020-12-29,2.08,2.08,2.10,2.07,98232,20479592.00,1.43,-0.95,-0.02,0.65
2020-12-30,2.08,2.09,2.10,2.07,88923,18529745.00,1.44,0.48,0.01,0.59
2020-12-31,2.09,2.12,2.13,2.08,105750,22287854.00,2.39,1.44,0.03,0.70
2021-01-04,2.10,2.09,2.12,2.08,104164,21849701.00,1.89,-1.42,-0.03,0.69
2021-01-05,2.09,2.06,2.09,2.05,162106,33502293.00,1.91,-1.44,-0.03,1.07
2021-01-06,2.05,2.04,2.06,2.03,108789,22206386.00,1.46,-0.97,-0.02,0.72
2021-01-07,2.04,1.98,2.04,1.98,159251,31827212.00,2.94,-2.94,-0.06,1.05
2021-01-08,1.98,2.03,2.05,1.92,150114,29854596.00,6.57,2.53,0.05,0.99
2021-01-11,2.03,1.99,2.05,1.97,78350,15619301.00,3.94,-1.97,-0.04,0.52
2021-01-12,1.98,2.01,2.04,1.97,85092,17183917.00,3.52,1.01,0.02,0.56
2021-01-13,2.00,1.98,2.00,1.96,113937,22454266.00,1.99,-1.49,-0.03,0.75
2021-01-14,1.97,1.99,2.00,1.95,85313,16803259.00,2.53,0.51,0.01,0.56
2021-01-15,1.98,2.00,2.01,1.98,72678,14522245.00,1.51,0.50,0.01,0.48
2021-01-18,2.00,2.03,2.04,1.99,90043,18241708.00,2.50,1.50,0.03,0.60
2021-01-19,2.02,2.10,2.12,2.01,155868,32287181.00,5.42,3.45,0.07,1.03
2021-01-20,2.08,2.09,2.10,2.04,99801,20661612.00,2.86,-0.48,-0.01,0.66
2021-01-21,2.09,2.12,2.14,2.07,151578,32088209.00,3.35,1.44,0.03,1.00
2021-01-22,2.11,2.06,2.12,2.04,101750,21068158.00,3.77,-2.83,-0.06,0.67
2021-01-25,2.04,1.99,2.05,1.98,116412,23301451.00,3.40,-3.40,-0.07,0.77
2021-01-26,1.95,1.97,2.01,1.95,63347,12539836.00,3.02,-1.01,-0.02,0.42
2021-01-27,1.96,1.97,2.00,1.96,61587,12184892.00,2.03,0.00,0.00,0.41
2021-01-28,1.96,1.97,1.99,1.95,40060,7900576.00,2.03,0.00,0.00,0.27
2021-01-29,1.98,1.93,1.98,1.92,101882,19820207.00,3.05,-2.03,-0.04,0.67
2021-02-01,1.83,1.79,1.88,1.74,240110,43060812.00,7.25,-7.25,-0.14,1.59
2021-02-02,1.78,1.83,1.87,1.74,110970,20150281.00,7.26,2.23,0.04,0.73
2021-02-03,1.84,1.81,1.84,1.79,59434,10787996.00,2.73,-1.09,-0.02,0.39
2021-02-04,1.81,1.77,1.81,1.76,62411,11107570.00,2.76,-2.21,-0.04,0.41
2021-02-05,1.77,1.78,1.82,1.77,43090,7714525.00,2.82,0.56,0.01,0.29
2021-02-08,1.78,1.78,1.80,1.75,57648,10218077.00,2.81,0.00,0.00,0.38
2021-02-09,1.77,1.78,1.80,1.76,40429,7205426.00,2.25,0.00,0.00,0.27
2021-02-10,1.79,1.82,1.83,1.78,58609,10592273.00,2.81,2.25,0.04,0.39
2021-02-18,1.83,1.92,1.96,1.82,105997,20207171.00,7.69,5.49,0.10,0.70
2021-02-19,1.93,1.96,1.98,1.93,88558,17317082.00,2.60,2.08,0.04,0.59
2021-02-22,1.95,2.00,2.03,1.94,125184,25099818.00,4.59,2.04,0.04,0.83
2021-02-23,2.00,1.94,2.00,1.93,89330,17499943.00,3.50,-3.00,-0.06,0.59
2021-02-24,1.94,1.96,1.98,1.93,58354,11402579.00,2.58,1.03,0.02,0.39
2021-02-25,1.95,1.93,1.96,1.92,58920,11447807.00,2.04,-1.53,-0.03,0.39
2021-02-26,1.93,1.91,1.94,1.89,78362,14927320.00,2.59,-1.04,-0.02,0.52
2021-03-01,1.91,1.93,1.94,1.90,65375,12525718.00,2.09,1.05,0.02,0.43
2021-03-02,2.08,2.12,2.12,2.03,440531,93178001.00,4.66,9.84,0.19,2.92
2021-03-03,2.03,2.05,2.08,1.98,424388,86305768.00,4.72,-3.30,-0.07,2.81
2021-03-04,2.03,2.08,2.10,2.01,275036,56616486.00,4.39,1.46,0.03,1.82
2021-03-05,2.07,2.03,2.09,2.00,214324,43656618.00,4.33,-2.40,-0.05,1.42
2021-03-08,2.03,2.01,2.05,2.00,114424,23170930.00,2.46,-0.99,-0.02,0.76
2021-03-09,2.01,1.99,2.05,1.93,150652,29977427.00,5.97,-1.00,-0.02,1.00
2021-03-10,1.99,1.95,2.02,1.94,110590,21700555.00,4.02,-2.01,-0.04,0.73
2021-03-11,1.94,1.98,1.99,1.94,75964,14966436.00,2.56,1.54,0.03,0.50
2021-03-12,1.98,1.99,2.01,1.96,114182,22705750.00,2.53,0.51,0.01,0.76
2021-03-15,1.99,2.01,2.02,1.98,85552,17144252.00,2.01,1.01,0.02,0.57
2021-03-16,2.00,2.02,2.03,1.99,83409,16728695.00,1.99,0.50,0.01,0.55
2021-03-17,2.04,2.02,2.06,2.02,95451,19418476.00,1.98,0.00,0.00,0.63
2021-03-18,2.01,1.97,2.01,1.96,122231,24194138.00,2.48,-2.48,-0.05,0.81
2021-03-19,1.95,2.00,2.00,1.94,98054,19460883.00,3.05,1.52,0.03,0.65
2021-03-22,2.01,2.03,2.04,1.97,145318,29095359.00,3.50,1.50,0.03,0.96
2021-03-23,2.00,1.98,2.04,1.97,144709,28897122.00,3.45,-2.46,-0.05,0.96
2021-03-24,1.96,1.96,1.98,1.95,77285,15179160.00,1.52,-1.01,-0.02,0.51
2021-03-25,1.96,1.95,1.97,1.94,72644,14161788.00,1.53,-0.51,-0.01,0.48
2021-03-26,1.94,1.95,1.96,1.94,61903,12050899.00,1.03,0.00,0.00,0.41
2021-03-29,1.95,1.96,1.98,1.95,63347,12419823.00,1.54,0.51,0.01,0.42
2021-03-30,1.96,1.94,1.96,1.93,52775,10260342.00,1.53,-1.02,-0.02,0.35
2021-03-31,1.94,1.94,1.96,1.92,41549,8066608.00,2.06,0.00,0.00,0.28
2021-04-01,1.95,1.94,1.96,1.93,48052,9331327.00,1.55,0.00,0.00,0.32
2021-04-02,1.95,1.94,1.95,1.93,50797,9847946.00,1.03,0.00,0.00,0.34
2021-04-06,1.93,1.95,1.95,1.91,54643,10546078.00,2.06,0.52,0.01,0.36
2021-04-07,1.94,1.97,1.97,1.93,78799,15421636.00,2.05,1.03,0.02,0.52
2021-04-08,1.96,1.94,1.97,1.94,57584,11269018.00,1.52,-1.52,-0.03,0.38
2021-04-09,1.95,1.93,1.96,1.93,51713,10022171.00,1.55,-0.52,-0.01,0.34
2021-04-12,1.94,1.92,1.94,1.92,54409,10490238.00,1.04,-0.52,-0.01,0.36
2021-04-13,1.93,1.90,1.93,1.89,60644,11560201.00,2.08,-1.04,-0.02,0.40
2021-04-14,1.90,1.96,1.98,1.90,118859,23149434.00,4.21,3.16,0.06,0.79
2021-04-15,1.99,2.05,2.12,1.94,335372,68016481.00,9.18,4.59,0.09,2.22
2021-04-16,2.02,2.02,2.03,1.98,224093,44879127.00,2.44,-1.46,-0.03,1.48
2021-04-19,2.03,2.00,2.03,1.99,108998,21868667.00,1.98,-0.99,-0.02,0.72
2021-04-20,1.98,1.99,2.01,1.97,67817,13493815.00,2.00,-0.50,-0.01,0.45
2021-04-21,1.98,2.01,2.07,1.96,155269,31261721.00,5.53,1.01,0.02,1.03
2021-04-22,2.00,1.98,2.03,1.97,109073,21710412.00,2.99,-1.49,-0.03,0.72
2021-04-23,1.98,1.93,1.98,1.93,100937,19663687.00,2.53,-2.53,-0.05,0.67
2021-04-26,1.93,1.94,1.94,1.92,53319,10290412.00,1.04,0.52,0.01,0.35
2021-04-27,1.93,1.99,2.01,1.90,143484,28021730.00,5.67,2.58,0.05,0.95
2021-04-28,2.02,2.19,2.19,1.96,463627,99284728.00,11.56,10.05,0.20,3.07
2021-04-29,2.23,2.06,2.23,2.05,675140,144197665.00,8.22,-5.94,-0.13,4.47
2021-04-30,2.04,2.22,2.27,2.01,859719,187527211.00,12.62,7.77,0.16,5.69
2021-05-06,2.11,2.14,2.18,2.09,573293,122231265.00,4.05,-3.60,-0.08,3.80
2021-05-07,2.13,2.08,2.13,2.05,301911,62629751.00,3.74,-2.80,-0.06,2.00
2021-05-10,2.07,2.11,2.13,2.03,252189,52384123.00,4.81,1.44,0.03,1.67
2021-05-11,2.11,2.07,2.11,2.06,168435,35004932.00,2.37,-1.90,-0.04,1.12
2021-05-12,2.07,2.16,2.21,2.05,429461,91978050.00,7.73,4.35,0.09,2.84
2021-05-13,2.16,2.14,2.21,2.11,253143,54669584.00,4.63,-0.93,-0.02,1.68
2021-05-14,2.14,2.18,2.20,2.12,274158,59634505.00,3.74,1.87,0.04,1.81
2021-05-17,2.16,2.10,2.21,2.08,254670,54051219.00,5.96,-3.67,-0.08,1.69
2021-05-18,2.09,2.11,2.13,2.07,137605,28834191.00,2.86,0.48,0.01,0.91
2021-05-19,2.11,2.06,2.11,2.05,162624,33618753.00,2.84,-2.37,-0.05,1.08
2021-05-20,2.05,1.99,2.06,1.98,221067,44242912.00,3.88,-3.40,-0.07,1.46
2021-05-21,1.99,2.03,2.05,1.99,96001,19387753.00,3.02,2.01,0.04,0.64
2021-05-24,2.03,2.04,2.05,2.01,85972,17515615.00,1.97,0.49,0.01,0.57
2021-05-25,2.04,2.06,2.06,2.01,135932,27658598.00,2.45,0.98,0.02,0.90
2021-05-26,2.05,2.27,2.27,2.03,636619,142898669.00,11.65,10.19,0.21,4.21
2021-05-27,2.48,2.50,2.50,2.41,521948,129604157.00,3.96,10.13,0.23,3.46
2021-05-28,2.37,2.58,2.75,2.30,1999442,514427872.00,18.00,3.20,0.08,13.24
2021-05-31,2.43,2.49,2.55,2.38,1175985,291512944.00,6.59,-3.49,-0.09,7.79
2021-06-01,2.46,2.59,2.61,2.33,1396689,339922688.00,11.24,4.02,0.10,9.25
2021-06-02,2.51,2.63,2.70,2.45,1384858,357923472.00,9.65,1.54,0.04,9.17
2021-06-03,2.53,2.46,2.75,2.45,1132271,292003200.00,11.41,-6.46,-0.17,7.50
2021-06-04,2.42,2.44,2.54,2.37,667238,162827875.00,6.91,-0.81,-0.02,4.42
2021-06-07,2.39,2.33,2.40,2.31,648068,151833155.00,3.69,-4.51,-0.11,4.29
2021-06-08,2.34,2.37,2.41,2.27,625460,145666978.00,6.01,1.72,0.04,4.14
2021-06-09,2.33,2.32,2.36,2.30,347273,80765677.00,2.53,-2.11,-0.05,2.30
2021-06-10,2.32,2.23,2.33,2.22,461184,103917397.00,4.74,-3.88,-0.09,3.05
2021-06-11,2.21,2.21,2.28,2.18,312484,69476535.00,4.48,-0.90,-0.02,2.07
2021-06-15,2.21,2.13,2.21,2.13,235346,50816758.00,3.62,-3.62,-0.08,1.56
2021-06-16,2.14,2.15,2.20,2.14,184426,39803338.00,2.82,0.94,0.02,1.22
2021-06-17,2.15,2.15,2.17,2.13,161741,34745643.00,1.86,0.00,0.00,1.07
2021-06-18,2.15,2.18,2.18,2.09,234490,50096717.00,4.19,1.40,0.03,1.55
2021-06-21,2.18,2.16,2.19,2.14,176116,38034470.00,2.29,-0.92,-0.02,1.17
2021-06-22,2.16,2.19,2.22,2.13,216307,47212073.00,4.17,1.39,0.03,1.43
2021-06-23,2.18,2.15,2.19,2.14,192894,41652516.00,2.28,-1.83,-0.04,1.28
2021-06-24,2.14,2.10,2.16,2.10,199996,42469355.00,2.79,-2.33,-0.05,1.32
2021-06-25,2.11,2.13,2.14,2.09,164709,34902076.00,2.38,1.43,0.03,1.09
2021-06-28,2.13,2.11,2.13,2.10,107881,22749946.00,1.41,-0.94,-0.02,0.71
2021-06-29,2.11,2.07,2.11,2.06,160933,33522605.00,2.37,-1.90,-0.04,1.07
2021-06-30,2.08,2.11,2.14,2.06,157851,33034012.00,3.86,1.93,0.04,1.04
2021-07-01,2.10,2.07,2.11,2.06,105244,21944242.00,2.37,-1.90,-0.04,0.70
2021-07-02,2.07,2.08,2.11,2.05,94298,19553447.00,2.90,0.48,0.01,0.62
2021-07-05,2.08,2.10,2.11,2.07,104046,21776888.00,1.92,0.96,0.02,0.69
2021-07-06,2.09,2.12,2.17,2.09,173709,37068178.00,3.81,0.95,0.02,1.15
2021-07-07,2.12,2.11,2.12,2.09,119599,25218972.00,1.42,-0.47,-0.01,0.79
2021-07-08,2.12,2.08,2.13,2.07,147617,30996630.00,2.84,-1.42,-0.03,0.98
2021-07-09,2.07,2.11,2.11,2.06,119634,24970016.00,2.40,1.44,0.03,0.79
2021-07-12,2.12,2.13,2.13,2.10,139690,29571292.00,1.42,0.95,0.02,0.92
2021-07-13,2.13,2.16,2.16,2.10,150091,32057120.00,2.82,1.41,0.03,0.99
2021-07-14,2.15,2.14,2.18,2.14,144530,31136965.00,1.85,-0.93,-0.02,0.96
2021-07-15,2.15,2.10,2.16,2.09,116554,24597597.00,3.27,-1.87,-0.04,0.77
2021-07-16,2.10,2.10,2.12,2.09,89040,18722505.00,1.43,0.00,0.00,0.59
2021-07-19,2.10,2.10,2.11,2.08,71102,14905468.00,1.43,0.00,0.00,0.47
2021-07-20,2.09,2.09,2.10,2.07,74828,15576173.00,1.43,-0.48,-0.01,0.50
2021-07-21,2.09,2.10,2.12,2.09,91828,19329712.00,1.44,0.48,0.01,0.61
2021-07-22,2.10,2.08,2.11,2.08,93573,19537961.00,1.43,-0.95,-0.02,0.62
2021-07-23,2.08,2.08,2.09,2.06,97831,20315912.00,1.44,0.00,0.00,0.65
2021-07-26,2.08,2.01,2.08,2.00,172006,34995847.00,3.85,-3.37,-0.07,1.14
2021-07-27,2.01,1.98,2.03,1.97,146430,29249891.00,2.99,-1.49,-0.03,0.97
2021-07-28,1.97,1.95,2.00,1.87,168866,32840092.00,6.57,-1.52,-0.03,1.12
2021-07-29,1.96,1.97,1.99,1.93,97571,19085384.00,3.08,1.03,0.02,0.65
2021-07-30,1.97,1.97,1.97,1.93,76761,15022471.00,2.03,0.00,0.00,0.51
2021-08-02,1.97,2.01,2.02,1.95,98617,19554938.00,3.55,2.03,0.04,0.65
2021-08-03,2.01,2.02,2.04,2.01,84291,17035670.00,1.49,0.50,0.01,0.56
2021-08-04,2.02,2.05,2.05,2.01,92745,18838457.00,1.98,1.49,0.03,0.61
2021-08-05,2.04,2.03,2.06,2.02,63228,12878381.00,1.95,-0.98,-0.02,0.42
2021-08-06,2.03,1.99,2.04,1.99,65591,13120294.00,2.46,-1.97,-0.04,0.43
2021-08-09,1.99,2.01,2.02,1.98,61609,12321606.00,2.01,1.01,0.02,0.41
2021-08-10,2.00,2.03,2.05,2.00,87677,17754701.00,2.49,1.00,0.02,0.58
2021-08-11,2.03,2.04,2.04,2.01,81937,16617733.00,1.48,0.49,0.01,0.54
2021-08-12,2.03,2.01,2.04,2.01,87026,17576384.00,1.47,-1.47,-0.03,0.58
2021-08-13,2.01,2.00,2.03,2.00,80425,16181266.00,1.49,-0.50,-0.01,0.53
2021-08-16,2.00,2.00,2.02,1.99,83171,16667441.00,1.50,0.00,0.00,0.55
2021-08-17,2.01,1.95,2.01,1.95,137253,27066387.00,3.00,-2.50,-0.05,0.91
2021-08-18,1.95,1.97,1.98,1.94,79472,15588756.00,2.05,1.03,0.02,0.53
2021-08-19,1.96,1.97,1.98,1.95,65555,12880465.00,1.52,0.00,0.00,0.43
2021-08-20,1.97,2.02,2.02,1.95,130003,25844495.00,3.55,2.54,0.05,0.86
2021-08-23,2.02,2.03,2.04,2.00,109823,22242510.00,1.98,0.50,0.01,0.73
2021-08-24,2.02,2.02,2.03,2.01,73815,14914505.00,0.99,-0.49,-0.01,0.49
2021-08-25,2.02,2.03,2.04,2.00,115581,23413224.00,1.98,0.50,0.01,0.77
2021-08-26,2.03,2.06,2.11,2.02,199615,41275995.00,4.43,1.48,0.03,1.32
2021-08-27,2.05,2.02,2.06,2.01,135581,27488462.00,2.43,-1.94,-0.04,0.90
2021-08-30,2.03,1.99,2.03,1.99,123655,24809634.00,1.98,-1.49,-0.03,0.82
2021-08-31,1.99,2.01,2.02,1.99,101785,20403011.00,1.51,1.01,0.02,0.67
2021-09-01,2.01,2.05,2.06,2.00,200809,41002370.00,2.99,1.99,0.04,1.33
2021-09-02,2.03,2.09,2.09,2.03,236602,49047183.00,2.93,1.95,0.04,1.57
2021-09-03,2.09,2.07,2.14,2.06,227687,47700546.00,3.83,-0.96,-0.02,1.51
2021-09-06,2.07,2.11,2.12,2.06,220885,46276858.00,2.90,1.93,0.04,1.46
2021-09-07,2.11,2.15,2.16,2.10,229441,48907328.00,2.84,1.90,0.04,1.52
2021-09-08,2.15,2.20,2.22,2.13,362984,79102665.00,4.19,2.33,0.05,2.40
2021-09-09,2.21,2.22,2.24,2.19,277752,61585299.00,2.27,0.91,0.02,1.84
2021-09-10,2.22,2.19,2.26,2.17,283719,62712239.00,4.05,-1.35,-0.03,1.88
2021-09-13,2.18,2.22,2.22,2.18,229727,50571616.00,1.83,1.37,0.03,1.52
2021-09-14,2.22,2.15,2.23,2.14,205454,44752448.00,4.05,-3.15,-0.07,1.36
2021-09-15,2.14,2.18,2.19,2.13,152716,33050841.00,2.79,1.40,0.03,1.01
2021-09-16,2.18,2.14,2.21,2.13,183665,39828009.00,3.67,-1.83,-0.04,1.22
2021-09-17,2.14,2.10,2.16,2.07,144424,30432671.00,4.21,-1.87,-0.04,0.96
2021-09-22,2.08,2.11,2.12,2.07,124039,26050317.00,2.38,0.48,0.01,0.82
2021-09-23,2.13,2.15,2.21,2.12,231867,50233637.00,4.27,1.90,0.04,1.53
2021-09-24,2.15,2.10,2.21,2.10,195404,41911741.00,5.12,-2.33,-0.05,1.29
2021-09-27,2.15,2.00,2.15,1.96,262136,53196786.00,9.05,-4.76,-0.10,1.74
2021-09-28,2.00,2.04,2.04,1.96,137582,27566189.00,4.00,2.00,0.04,0.91
2021-09-29,2.02,1.99,2.04,1.98,104574,20960100.00,2.94,-2.45,-0.05,0.69
2021-09-30,1.98,2.01,2.03,1.98,88104,17659875.00,2.51,1.01,0.02,0.58
2021-10-08,2.02,2.06,2.08,2.02,114086,23397715.00,2.99,2.49,0.05,0.76
2021-10-11,2.06,2.06,2.09,2.03,98538,20271687.00,2.91,0.00,0.00,0.65
2021-10-12,2.06,2.03,2.07,2.01,117374,23896294.00,2.91,-1.46,-0.03,0.78
2021-10-13,2.02,2.01,2.03,1.99,75553,15165346.00,1.97,-0.99,-0.02,0.50
2021-10-14,2.00,2.01,2.03,1.99,61748,12385829.00,1.99,0.00,0.00,0.41
2021-10-15,2.02,2.00,2.02,1.99,66791,13347282.00,1.49,-0.50,-0.01,0.44
2021-10-18,1.99,2.02,2.02,1.98,74020,14806619.00,2.00,1.00,0.02,0.49
2021-10-19,2.01,1.99,2.01,1.98,103572,20661754.00,1.49,-1.49,-0.03,0.69
2021-10-20,1.99,1.99,1.99,1.96,85932,16998684.00,1.51,0.00,0.00,0.57
2021-10-21,1.99,1.97,1.99,1.96,107121,21145860.00,1.51,-1.01,-0.02,0.71
2021-10-22,1.97,1.95,1.98,1.94,77952,15251018.00,2.03,-1.02,-0.02,0.52
2021-10-25,1.95,1.94,1.96,1.92,59114,11440414.00,2.05,-0.51,-0.01,0.39
2021-10-26,1.93,1.94,1.95,1.92,60465,11691821.00,1.55,0.00,0.00,0.40
2021-10-27,1.94,1.90,1.94,1.90,63362,12102629.00,2.06,-2.06,-0.04,0.42
2021-10-28,1.91,1.88,1.91,1.87,64658,12186846.00,2.11,-1.05,-0.02,0.43
2021-10-29,1.87,1.92,1.93,1.86,66147,12533669.00,3.72,2.13,0.04,0.44
2021-11-01,1.92,1.91,1.93,1.90,44528,8533027.00,1.56,-0.52,-0.01,0.29
2021-11-02,1.90,1.87,1.92,1.86,81181,15342697.00,3.14,-2.09,-0.04,0.54
2021-11-03,1.87,1.89,1.91,1.86,54917,10407344.00,2.67,1.07,0.02,0.36
2021-11-04,1.90,1.91,1.91,1.89,46689,8888450.00,1.06,1.06,0.02,0.31
2021-11-05,1.92,1.90,1.93,1.89,64091,12220992.00,2.09,-0.52,-0.01,0.42
2021-11-08,1.90,1.90,1.92,1.88,51165,9739721.00,2.11,0.00,0.00,0.34
2021-11-09,1.90,1.90,1.91,1.89,44965,8541801.00,1.05,0.00,0.00,0.30
2021-11-10,1.90,1.91,1.91,1.88,52889,10027101.00,1.58,0.53,0.01,0.35
2021-11-11,1.91,1.93,1.94,1.90,89052,17146375.00,2.09,1.05,0.02,0.59
2021-11-12,1.93,1.92,1.93,1.90,57935,11071743.00,1.55,-0.52,-0.01,0.38
2021-11-15,1.92,1.93,1.93,1.89,77882,14880364.00,2.08,0.52,0.01,0.52
2021-11-16,1.92,1.92,1.94,1.91,66706,12870099.00,1.55,-0.52,-0.01,0.44
2021-11-17,1.92,1.92,1.93,1.91,50019,9599953.00,1.04,0.00,0.00,0.33
2021-11-18,1.92,1.92,1.94,1.91,75571,14546139.00,1.56,0.00,0.00,0.50
2021-11-19,1.93,1.94,1.94,1.91,61907,11923831.00,1.56,1.04,0.02,0.41
2021-11-22,1.94,1.93,1.94,1.92,50999,9833517.00,1.03,-0.52,-0.01,0.34
2021-11-23,1.93,1.94,1.94,1.92,66375,12819196.00,1.04,0.52,0.01,0.44
2021-11-24,1.93,1.94,1.94,1.92,53793,10395740.00,1.03,0.00,0.00,0.36
2021-11-25,1.93,1.93,1.95,1.93,77097,14924795.00,1.03,-0.52,-0.01,0.51
2021-11-26,1.94,1.90,1.94,1.90,100516,19224279.00,2.07,-1.55,-0.03,0.67
2021-11-29,1.89,1.90,1.91,1.88,55793,10572617.00,1.58,0.00,0.00,0.37
2021-11-30,1.91,1.91,1.92,1.89,62996,12024092.00,1.58,0.53,0.01,0.42
2021-12-01,1.91,1.94,1.94,1.90,91871,17750315.00,2.09,1.57,0.03,0.61
2021-12-02,1.94,1.94,1.98,1.93,115165,22523097.00,2.58,0.00,0.00,0.76
2021-12-03,1.97,1.94,1.97,1.93,86489,16848497.00,2.06,0.00,0.00,0.57
2021-12-06,1.95,1.92,1.96,1.92,73587,14247335.00,2.06,-1.03,-0.02,0.49
2021-12-07,1.93,1.93,1.94,1.90,86046,16512249.00,2.08,0.52,0.01,0.57
2021-12-08,1.93,1.92,1.93,1.91,63200,12126115.00,1.04,-0.52,-0.01,0.42
2021-12-09,1.92,1.94,1.94,1.91,112441,21677227.00,1.56,1.04,0.02,0.74
2021-12-10,1.94,1.93,1.94,1.91,76175,14646974.00,1.55,-0.52,-0.01,0.50
2021-12-13,1.93,1.93,1.94,1.92,73143,14092525.00,1.04,0.00,0.00,0.48
2021-12-14,1.92,1.92,1.94,1.91,74600,14335159.00,1.55,-0.52,-0.01,0.49
2021-12-15,1.94,1.95,1.97,1.93,186072,36343094.00,2.08,1.56,0.03,1.23
2021-12-16,1.93,1.97,1.97,1.93,166612,32528180.00,2.05,1.03,0.02,1.10
2021-12-17,1.97,2.03,2.09,1.96,411933,83206232.00,6.60,3.05,0.06,2.73
2021-12-20,2.04,2.06,2.07,2.00,299907,61207987.00,3.45,1.48,0.03,1.99
2021-12-21,2.08,2.20,2.25,2.07,768787,167393833.00,8.74,6.80,0.14,5.09
2021-12-22,2.17,2.11,2.19,2.09,503714,106817661.00,4.55,-4.09,-0.09,3.33
2021-12-23,2.09,2.06,2.11,2.04,239516,49422036.00,3.32,-2.37,-0.05,1.59
2021-12-24,2.04,2.00,2.06,2.00,188322,38091633.00,2.91,-2.91,-0.06,1.25
2021-12-27,2.00,2.00,2.03,1.99,150855,30229215.00,2.00,0.00,0.00,1.00
2021-12-28,1.99,1.99,2.01,1.97,124768,24805690.00,2.00,-0.50,-0.01,0.83
2021-12-29,2.00,2.02,2.05,1.98,156266,31515678.00,3.52,1.51,0.03,1.03
2021-12-30,2.01,2.02,2.04,2.01,98651,19967793.00,1.49,0.00,0.00,0.65
2021-12-31,2.02,2.03,2.03,2.00,97491,19645624.00,1.49,0.50,0.01,0.65
2022-01-04,2.02,2.08,2.08,2.01,189674,39044156.00,3.45,2.46,0.05,1.26
2022-01-05,2.08,2.08,2.10,2.04,166285,34363233.00,2.88,0.00,0.00,1.10
2022-01-06,2.08,2.10,2.12,2.07,170281,35800142.00,2.40,0.96,0.02,1.13
2022-01-07,2.11,2.08,2.14,2.07,214774,45326498.00,3.33,-0.95,-0.02,1.42
2022-01-10,2.08,2.12,2.12,2.04,225334,47129937.00,3.85,1.92,0.04,1.49
2022-01-11,2.11,2.11,2.15,2.10,217147,46133540.00,2.36,-0.47,-0.01,1.44
2022-01-12,2.11,2.11,2.13,2.08,151969,31992121.00,2.37,0.00,0.00,1.01
2022-01-13,2.12,2.13,2.15,2.11,150533,32114867.00,1.90,0.95,0.02,1.00
2022-01-14,2.13,2.05,2.13,2.04,175903,36524214.00,4.23,-3.76,-0.08,1.16
2022-01-17,2.07,2.08,2.10,2.06,108938,22644149.00,1.95,1.46,0.03,0.72
2022-01-18,2.10,2.04,2.10,2.03,119002,24449527.00,3.37,-1.92,-0.04,0.79
2022-01-19,2.04,2.07,2.08,2.03,136126,28082388.00,2.45,1.47,0.03,0.90
2022-01-20,2.08,2.05,2.15,2.04,313048,65542427.00,5.31,-0.97,-0.02,2.07
2022-01-21,2.05,2.04,2.09,2.02,155557,31906765.00,3.41,-0.49,-0.01,1.03
2022-01-24,2.04,2.00,2.05,2.00,112342,22746519.00,2.45,-1.96,-0.04,0.74
2022-01-25,2.00,1.93,2.01,1.91,214320,41793063.00,5.00,-3.50,-0.07,1.42
2022-01-26,1.92,1.95,1.96,1.91,135496,26171023.00,2.59,1.04,0.02,0.90
2022-01-27,1.94,1.91,1.95,1.90,93179,17907170.00,2.56,-2.05,-0.04,0.62
2022-01-28,1.91,2.00,2.02,1.89,170162,33361421.00,6.81,4.71,0.09,1.13
2022-02-07,2.03,2.10,2.11,2.03,326872,67828991.00,4.00,5.00,0.10,2.16
2022-02-08,2.10,2.18,2.19,2.08,446837,96594003.00,5.24,3.81,0.08,2.96
2022-02-09,2.18,2.20,2.22,2.15,323238,70537075.00,3.21,0.92,0.02,2.14
2022-02-10,2.17,2.16,2.20,2.13,220021,47437706.00,3.18,-1.82,-0.04,1.46
2022-02-11,2.14,2.13,2.18,2.11,190721,40736154.00,3.24,-1.39,-0.03,1.26
2022-02-14,2.13,2.18,2.20,2.11,254056,54984933.00,4.23,2.35,0.05,1.68
2022-02-15,2.18,2.14,2.19,2.12,157633,33738216.00,3.21,-1.83,-0.04,1.04
2022-02-16,2.13,2.16,2.17,2.13,158226,33994438.00,1.87,0.93,0.02,1.05
2022-02-17,2.15,2.38,2.38,2.13,463761,106951898.00,11.57,10.19,0.22,3.07
2022-02-18,2.55,2.30,2.55,2.25,1417175,332592176.00,12.61,-3.36,-0.08,9.38
2022-02-21,2.26,2.30,2.33,2.26,720770,165094508.00,3.04,0.00,0.00,4.77
2022-02-22,2.25,2.21,2.32,2.20,645942,144816875.00,5.22,-3.91,-0.09,4.28
2022-02-23,2.23,2.23,2.24,2.17,398468,88154334.00,3.17,0.90,0.02,2.64
2022-02-24,2.23,2.15,2.23,2.12,415855,90669176.00,4.93,-3.59,-0.08,2.75
2022-02-25,2.17,2.19,2.20,2.16,213980,46671271.00,1.86,1.86,0.04,1.42
2022-02-28,2.18,2.17,2.19,2.14,130273,28111535.00,2.28,-0.91,-0.02,0.86
2022-03-01,2.17,2.20,2.20,2.15,151059,32945006.00,2.30,1.38,0.03,1.00
2022-03-02,2.18,2.21,2.25,2.17,203946,45102311.00,3.64,0.45,0.01,1.35
2022-03-03,2.21,2.24,2.25,2.19,224270,49993006.00,2.71,1.36,0.03,1.48
2022-03-04,2.24,2.16,2.24,2.15,232492,50638172.00,4.02,-3.57,-0.08,1.54
2022-03-07,2.17,2.17,2.19,2.15,156993,34101112.00,1.85,0.46,0.01,1.04
2022-03-08,2.17,2.11,2.17,2.06,164495,34853808.00,5.07,-2.76,-0.06,1.09
2022-03-09,2.11,2.06,2.13,1.99,209294,43122021.00,6.64,-2.37,-0.05,1.39
2022-03-10,2.09,2.09,2.11,2.08,144286,30221470.00,1.46,1.46,0.03,0.96
2022-03-11,2.08,2.08,2.09,2.02,157769,32373987.00,3.35,-0.48,-0.01,1.04
2022-03-14,2.08,2.05,2.11,2.05,151051,31524689.00,2.88,-1.44,-0.03,1.00
2022-03-15,2.04,1.96,2.05,1.96,204923,41261625.00,4.39,-4.39,-0.09,1.36
2022-03-16,1.99,2.05,2.07,1.96,229685,46352181.00,5.61,4.59,0.09,1.52
2022-03-17,2.08,2.04,2.09,2.03,206782,42651658.00,2.93,-0.49,-0.01,1.37
2022-03-18,2.04,2.10,2.11,2.02,210693,43906312.00,4.41,2.94,0.06,1.39
2022-03-21,2.10,2.12,2.15,2.08,173673,36561678.00,3.33,0.95,0.02,1.15
2022-03-22,2.12,2.16,2.17,2.09,225159,48185921.00,3.77,1.89,0.04,1.49
2022-03-23,2.17,2.19,2.20,2.12,211356,45748421.00,3.70,1.39,0.03,1.40
2022-03-24,2.17,2.12,2.19,2.12,180550,38772356.00,3.20,-3.20,-0.07,1.20
2022-03-25,2.14,2.20,2.25,2.13,414911,91330030.00,5.66,3.77,0.08,2.75
2022-03-28,2.21,2.23,2.26,2.16,308625,68661655.00,4.55,1.36,0.03,2.04
2022-03-29,2.24,2.24,2.27,2.20,262662,58742202.00,3.14,0.45,0.01,1.74
2022-03-30,2.24,2.31,2.33,2.23,422771,97174529.00,4.46,3.13,0.07,2.80
2022-03-31,2.33,2.41,2.43,2.30,674601,159974615.00,5.63,4.33,0.10,4.47
2022-04-01,2.42,2.33,2.42,2.29,493046,115097649.00,5.39,-3.32,-0.08,3.26
2022-04-06,2.36,2.44,2.46,2.33,672698,162244328.00,5.58,4.72,0.11,4.45
2022-04-07,2.46,2.37,2.52,2.36,644094,156160339.00,6.56,-2.87,-0.07,4.26
2022-04-08,2.41,2.41,2.46,2.35,519070,124475766.00,4.64,1.69,0.04,3.44
2022-04-11,2.42,2.32,2.42,2.31,360827,85117011.00,4.56,-3.73,-0.09,2.39
2022-04-12,2.36,2.39,2.41,2.28,320097,75613819.00,5.60,3.02,0.07,2.12
2022-04-13,2.41,2.28,2.41,2.25,343657,79643495.00,6.69,-4.60,-0.11,2.28
2022-04-14,2.32,2.31,2.36,2.27,302491,69895187.00,3.95,1.32,0.03,2.00
2022-04-15,2.31,2.21,2.34,2.19,376052,84541185.00,6.49,-4.33,-0.10,2.49
2022-04-18,2.23,2.22,2.24,2.14,265423,58296703.00,4.52,0.45,0.01,1.76
2022-04-19,2.21,2.27,2.29,2.20,220355,49726915.00,4.05,2.25,0.05,1.46
2022-04-20,2.25,2.19,2.29,2.16,223360,49324526.00,5.73,-3.52,-0.08,1.48
2022-04-21,2.16,2.08,2.19,2.07,257934,54820417.00,5.48,-5.02,-0.11,1.71
2022-04-22,2.09,2.07,2.12,2.05,214118,44635358.00,3.37,-0.48,-0.01,1.42
2022-04-25,2.05,1.94,2.07,1.93,296206,58923911.00,6.76,-6.28,-0.13,1.96
2022-04-26,1.91,1.90,1.96,1.88,318833,60991648.00,4.12,-2.06,-0.04,2.11
2022-04-27,1.86,1.91,1.91,1.80,343530,63751174.00,5.79,0.53,0.01,2.27
2022-04-28,1.89,1.86,1.92,1.82,272422,51059747.00,5.24,-2.62,-0.05,1.80
2022-04-29,1.84,1.90,1.91,1.80,417985,77999050.00,5.91,2.15,0.04,2.77
2022-05-05,1.88,1.91,1.93,1.85,418852,79138549.00,4.21,0.53,0.01,2.77
2022-05-06,1.87,1.99,2.10,1.84,731103,143101456.00,13.61,4.19,0.08,4.84
2022-05-09,1.94,1.98,1.99,1.89,479970,93692766.00,5.03,-0.50,-0.01,3.18
2022-05-10,1.94,2.00,2.04,1.94,355502,70739565.00,5.05,1.01,0.02,2.35
2022-05-11,1.99,1.96,2.05,1.95,365838,73297347.00,5.00,-2.00,-0.04,2.42
2022-05-12,1.94,1.98,1.99,1.94,233524,45828691.00,2.55,1.02,0.02,1.55
2022-05-13,1.98,2.01,2.01,1.95,237561,47140607.00,3.03,1.52,0.03,1.57
2022-05-16,2.02,2.03,2.05,2.00,215749,43636021.00,2.49,1.00,0.02,1.43
2022-05-17,2.01,1.97,2.02,1.96,163769,32415559.00,2.96,-2.96,-0.06,1.08
2022-05-18,1.97,1.99,2.00,1.96,197906,39315456.00,2.03,1.02,0.02,1.31
2022-05-19,1.97,2.02,2.04,1.95,227106,45536134.00,4.52,1.51,0.03,1.50
2022-05-20,2.02,2.02,2.03,2.00,163138,32788542.00,1.49,0.00,0.00,1.08
2022-05-23,2.01,2.04,2.04,2.00,201177,40586205.00,1.98,0.99,0.02,1.33
2022-05-24,2.04,1.94,2.05,1.94,199787,39735832.00,5.39,-4.90,-0.10,1.32
2022-05-25,1.94,1.98,1.99,1.93,144257,28397329.00,3.09,2.06,0.04,0.95
2022-05-26,1.99,1.99,1.99,1.96,114535,22653383.00,1.52,0.51,0.01,0.76
2022-05-27,1.98,1.98,1.99,1.95,120375,23688492.00,2.01,-0.50,-0.01,0.80
2022-05-30,1.97,1.96,1.98,1.94,118887,23215460.00,2.02,-1.01,-0.02,0.79
2022-05-31,1.95,1.96,1.96,1.92,116360,22619259.00,2.04,0.00,0.00,0.77
2022-06-01,1.95,1.96,1.98,1.93,121266,23778678.00,2.55,0.00,0.00,0.80
2022-06-02,1.96,1.95,1.96,1.92,114667,22256224.00,2.04,-0.51,-0.01,0.76
2022-06-06,1.94,1.96,1.96,1.93,114475,22292050.00,1.54,0.51,0.01,0.76
2022-06-07,1.96,1.96,1.97,1.94,104363,20391772.00,1.53,0.00,0.00,0.69
2022-06-08,1.96,1.97,1.98,1.94,190873,37435577.00,2.04,0.51,0.01,1.26
2022-06-09,1.96,1.94,1.97,1.92,156921,30477008.00,2.54,-1.52,-0.03,1.04
2022-06-10,1.93,1.94,1.94,1.91,115532,22307799.00,1.55,0.00,0.00,0.76
2022-06-13,1.92,1.91,1.94,1.90,138176,26526512.00,2.06,-1.55,-0.03,0.91
2022-06-14,1.91,1.92,1.93,1.88,131080,24927028.00,2.62,0.52,0.01,0.87
2022-06-15,1.92,1.93,1.96,1.91,155160,30073303.00,2.60,0.52,0.01,1.03
2022-06-16,1.93,1.94,1.95,1.92,110712,21413503.00,1.55,0.52,0.01,0.73
2022-06-17,1.93,1.92,1.93,1.90,98547,18900289.00,1.55,-1.03,-0.02,0.65
2022-06-20,1.92,1.94,1.94,1.90,98445,18947756.00,2.08,1.04,0.02,0.65
2022-06-21,1.93,1.96,1.96,1.92,150666,29351095.00,2.06,1.03,0.02,1.00
2022-06-22,1.95,1.93,1.96,1.92,106550,20627274.00,2.04,-1.53,-0.03,0.71
2022-06-23,1.94,1.97,1.98,1.92,199222,38929669.00,3.11,2.07,0.04,1.32
2022-06-24,1.97,2.00,2.02,1.96,212967,42505181.00,3.05,1.52,0.03,1.41
2022-06-27,1.99,2.00,2.01,1.98,115550,23039200.00,1.50,0.00,0.00,0.76
2022-06-28,2.00,2.02,2.03,1.97,191679,38504150.00,3.00,1.00,0.02,1.27
2022-06-29,2.07,2.04,2.10,2.03,341642,70270214.00,3.47,0.99,0.02,2.26
2022-06-30,2.03,2.10,2.15,2.03,419015,87236182.00,5.88,2.94,0.06,2.77
2022-07-01,2.08,2.14,2.19,2.07,355174,76203897.00,5.71,1.90,0.04,2.35
2022-07-04,2.15,2.13,2.16,2.09,227590,48268847.00,3.27,-0.47,-0.01,1.51
2022-07-05,2.13,2.10,2.14,2.06,254264,53208572.00,3.76,-1.41,-0.03,1.68
2022-07-06,2.10,2.06,2.10,2.04,146509,30206654.00,2.86,-1.90,-0.04,0.97
2022-07-07,2.06,2.11,2.13,2.05,162411,34096307.00,3.88,2.43,0.05,1.08
2022-07-08,2.10,2.12,2.12,2.07,160981,33763091.00,2.37,0.47,0.01,1.07
2022-07-11,2.11,2.08,2.12,2.06,126655,26356280.00,2.83,-1.89,-0.04,0.84
2022-07-12,2.09,2.06,2.09,2.05,102478,21183526.00,1.92,-0.96,-0.02,0.68
2022-07-13,2.05,2.11,2.11,2.05,146986,30793731.00,2.91,2.43,0.05,0.97
2022-07-14,2.11,2.08,2.12,2.06,115949,24166381.00,2.84,-1.42,-0.03,0.77
2022-07-15,2.05,1.94,2.06,1.91,274769,54296448.00,7.21,-6.73,-0.14,1.82
2022-07-18,1.96,2.07,2.10,1.95,356051,73506404.00,7.73,6.70,0.13,2.36
2022-07-19,2.06,2.05,2.09,2.03,180268,37148944.00,2.90,-0.97,-0.02,1.19
2022-07-20,2.06,2.02,2.06,2.01,134089,27208653.00,2.44,-1.46,-0.03,0.89
2022-07-21,2.01,1.97,2.03,1.96,183193,36431154.00,3.47,-2.48,-0.05,1.21
2022-07-22,1.98,2.03,2.10,1.98,275188,56145503.00,6.09,3.05,0.06,1.82
2022-07-25,2.02,2.23,2.23,2.01,769144,169872338.00,10.84,9.85,0.20,5.09
2022-07-26,2.26,2.18,2.43,2.16,1499017,333295624.00,12.11,-2.24,-0.05,9.92
2022-07-27,2.19,2.15,2.20,2.12,765709,164661468.00,3.67,-1.38,-0.03,5.07
2022-07-28,2.16,2.19,2.26,2.14,702966,154191638.00,5.58,1.86,0.04,4.65
2022-07-29,2.17,2.14,2.19,2.12,444767,95254404.00,3.20,-2.28,-0.05,2.94
2022-08-01,2.14,2.10,2.15,2.09,336306,70863137.00,2.80,-1.87,-0.04,2.23
2022-08-02,2.08,2.00,2.09,1.97,473932,94927980.00,5.71,-4.76,-0.10,3.14
2022-08-03,2.01,1.96,2.03,1.95,264425,52651827.00,4.00,-2.00,-0.04,1.75
2022-08-04,1.97,2.00,2.00,1.95,160951,31770867.00,2.55,2.04,0.04,1.07
2022-08-05,1.99,1.99,2.00,1.96,183111,36166827.00,2.00,-0.50,-0.01,1.21
2022-08-08,1.96,2.00,2.01,1.96,158690,31602646.00,2.51,0.50,0.01,1.05
2022-08-09,1.99,1.99,2.01,1.97,115499,22960247.00,2.00,-0.50,-0.01,0.76
2022-08-10,1.99,1.96,1.99,1.96,135618,26726352.00,1.51,-1.51,-0.03,0.90
2022-08-11,1.96,1.98,1.99,1.96,179463,35398156.00,1.53,1.02,0.02,1.19
2022-08-12,1.97,1.99,2.00,1.96,190943,37822535.00,2.02,0.51,0.01,1.26
2022-08-15,1.98,1.98,1.99,1.97,103352,20462339.00,1.01,-0.50,-0.01,0.68
2022-08-16,1.98,1.99,2.00,1.97,159079,31696637.00,1.52,0.51,0.01,1.05
2022-08-17,2.00,2.00,2.01,1.98,136953,27352051.00,1.51,0.50,0.01,0.91
2022-08-18,2.00,1.97,2.00,1.95,212686,41866566.00,2.50,-1.50,-0.03,1.41
2022-08-19,1.96,1.96,1.98,1.96,124198,24445664.00,1.02,-0.51,-0.01,0.82
2022-08-22,1.96,1.97,1.97,1.94,79769,15627688.00,1.53,0.51,0.01,0.53
2022-08-23,1.97,1.97,1.97,1.95,80419,15779587.00,1.02,0.00,0.00,0.53
2022-08-24,1.96,1.95,1.98,1.94,145400,28474178.00,2.03,-1.02,-0.02,0.96
2022-08-25,1.95,1.94,1.96,1.92,106106,20543965.00,2.05,-0.51,-0.01,0.70
2022-08-26,1.94,1.93,1.95,1.92,107109,20731691.00,1.55,-0.52,-0.01,0.71
2022-08-29,1.91,1.93,1.94,1.90,91336,17530749.00,2.07,0.00,0.00,0.60
2022-08-30,1.93,1.95,1.96,1.93,104952,20454130.00,1.55,1.04,0.02,0.69
2022-08-31,1.94,1.93,1.96,1.92,78893,15284585.00,2.05,-1.03,-0.02,0.52
2022-09-01,1.93,1.94,1.96,1.93,78883,15360634.00,1.55,0.52,0.01,0.52
2022-09-02,1.94,1.96,1.96,1.94,60189,11715954.00,1.03,1.03,0.02,0.40
2022-09-05,1.95,2.01,2.08,1.94,393357,78671763.00,7.14,2.55,0.05,2.60
2022-09-06,1.99,2.00,2.01,1.97,288813,57429637.00,1.99,-0.50,-0.01,1.91
2022-09-07,1.98,1.97,1.99,1.96,193635,38242744.00,1.50,-1.50,-0.03,1.28
2022-09-08,1.98,1.96,1.99,1.95,143863,28333916.00,2.03,-0.51,-0.01,0.95
2022-09-09,1.97,1.97,1.99,1.96,106506,21065316.00,1.53,0.51,0.01,0.71
2022-09-13,1.97,1.98,1.99,1.97,88142,17428793.00,1.02,0.51,0.01,0.58
2022-09-14,1.97,1.96,1.98,1.94,119448,23419909.00,2.02,-1.01,-0.02,0.79
2022-09-15,1.97,1.98,1.99,1.94,150758,29665857.00,2.55,1.02,0.02,1.00
2022-09-16,1.98,1.91,1.98,1.91,169532,32847223.00,3.54,-3.54,-0.07,1.12
2022-09-19,1.92,1.85,1.92,1.84,212940,39796911.00,4.19,-3.14,-0.06,1.41
2022-09-20,1.85,1.85,1.89,1.85,190207,35620757.00,2.16,0.00,0.00,1.26
2022-09-21,1.88,1.90,1.92,1.84,232165,43671971.00,4.32,2.70,0.05,1.54
2022-09-22,1.89,1.88,1.91,1.87,146312,27696451.00,2.11,-1.05,-0.02,0.97
2022-09-23,1.87,1.86,1.90,1.86,129592,24358592.00,2.13,-1.06,-0.02,0.86
2022-09-26,1.85,1.80,1.86,1.80,163230,29794081.00,3.23,-3.23,-0.06,1.08
2022-09-27,1.78,1.84,1.85,1.78,142802,26031734.00,3.89,2.22,0.04,0.95
2022-09-28,1.85,1.85,1.92,1.84,200059,37475654.00,4.35,0.54,0.01,1.32
2022-09-29,1.86,1.79,1.87,1.78,153270,27925888.00,4.86,-3.24,-0.06,1.01
2022-09-30,1.80,1.81,1.82,1.78,88846,16007544.00,2.23,1.12,0.02,0.59
2022-10-10,1.82,1.79,1.83,1.78,88216,15917900.00,2.76,-1.10,-0.02,0.58
2022-10-11,1.80,1.76,1.80,1.70,166023,28897909.00,5.59,-1.68,-0.03,1.10
2022-10-12,1.75,1.78,1.78,1.72,86312,15133206.00,3.41,1.14,0.02,0.57
2022-10-13,1.78,1.79,1.80,1.75,83210,14766714.00,2.81,0.56,0.01,0.55
2022-10-14,1.79,1.81,1.83,1.78,113322,20487987.00,2.79,1.12,0.02,0.75
2022-10-17,1.81,1.84,1.86,1.80,122951,22548408.00,3.31,1.66,0.03,0.81
2022-10-18,1.84,1.84,1.86,1.83,85836,15793996.00,1.63,0.00,0.00,0.57
2022-10-19,1.83,1.82,1.84,1.81,69845,12730492.00,1.63,-1.09,-0.02,0.46
2022-10-20,1.81,1.81,1.83,1.79,81388,14716336.00,2.20,-0.55,-0.01,0.54
2022-10-21,1.82,1.81,1.83,1.81,58791,10685888.00,1.10,0.00,0.00,0.39
2022-10-24,1.82,1.75,1.82,1.75,137725,24603663.00,3.87,-3.31,-0.06,0.91
2022-10-25,1.75,1.78,1.78,1.72,91315,16001929.00,3.43,1.71,0.03,0.60
2022-10-26,1.78,1.78,1.79,1.76,78637,13979859.00,1.69,0.00,0.00,0.52
2022-10-27,1.79,1.77,1.79,1.76,61768,10983663.00,1.69,-0.56,-0.01,0.41
2022-10-28,1.76,1.72,1.76,1.72,99509,17282757.00,2.26,-2.82,-0.05,0.66
2022-10-31,1.70,1.70,1.73,1.69,66758,11419350.00,2.33,-1.16,-0.02,0.44
2022-11-01,1.71,1.75,1.75,1.70,52310,9034608.00,2.94,2.94,0.05,0.35
2022-11-02,1.74,1.77,1.77,1.73,75652,13256286.00,2.29,1.14,0.02,0.50
2022-11-03,1.75,1.75,1.76,1.74,51293,8974935.00,1.13,-1.13,-0.02,0.34
2022-11-04,1.75,1.77,1.78,1.74,75834,13381329.00,2.29,1.14,0.02,0.50
2022-11-07,1.77,1.79,1.80,1.76,119729,21354704.00,2.26,1.13,0.02,0.79
2022-11-08,1.79,1.81,1.81,1.78,82204,14798228.00,1.68,1.12,0.02,0.54
2022-11-09,1.81,1.82,1.84,1.80,76597,14001715.00,2.21,0.55,0.01,0.51
2022-11-10,1.81,1.83,1.85,1.80,103599,18973066.00,2.75,0.55,0.01,0.69
2022-11-11,1.85,1.85,1.88,1.84,188466,35062095.00,2.19,1.09,0.02,1.25
2022-11-14,1.86,1.88,1.90,1.86,184265,34671014.00,2.16,1.62,0.03,1.22
2022-11-15,1.88,1.89,1.90,1.87,140463,26536579.00,1.60,0.53,0.01,0.93
2022-11-16,1.88,1.90,1.92,1.88,133255,25370297.00,2.12,0.53,0.01,0.88
2022-11-17,1.91,1.91,1.92,1.89,120947,23094900.00,1.58,0.53,0.01,0.80
2022-11-18,1.92,1.88,1.92,1.87,100861,19116061.00,2.62,-1.57,-0.03,0.67
2022-11-21,1.88,1.87,1.89,1.85,94718,17663349.00,2.13,-0.53,-0.01,0.63
2022-11-22,1.88,1.87,1.89,1.86,66901,12546370.00,1.60,0.00,0.00,0.44
2022-11-23,1.88,1.86,1.88,1.84,72575,13469076.00,2.14,-0.53,-0.01,0.48
2022-11-24,1.87,1.87,1.90,1.85,73895,13856406.00,2.69,0.54,0.01,0.49
2022-11-25,1.88,1.89,1.91,1.86,99590,18863102.00,2.67,1.07,0.02,0.66
2022-11-28,1.89,1.87,1.90,1.86,73901,13880142.00,2.12,-1.06,-0.02,0.49
2022-11-29,1.90,1.96,1.98,1.90,280935,54457457.00,4.28,4.81,0.09,1.86
2022-11-30,1.94,1.97,2.12,1.93,502155,100190282.00,9.69,0.51,0.01,3.32
2022-12-01,1.96,1.95,1.98,1.93,251484,49133881.00,2.54,-1.02,-0.02,1.66
2022-12-02,1.96,1.97,1.98,1.93,174112,34067654.00,2.56,1.03,0.02,1.15
2022-12-05,1.98,2.00,2.01,1.97,152686,30444618.00,2.03,1.52,0.03,1.01
2022-12-06,2.01,1.96,2.01,1.94,140601,27596379.00,3.50,-2.00,-0.04,0.93
2022-12-07,1.95,1.94,1.96,1.92,103958,20173667.00,2.04,-1.02,-0.02,0.69
2022-12-08,1.94,1.95,1.96,1.92,81010,15725041.00,2.06,0.52,0.01,0.54
2022-12-09,1.94,1.95,1.97,1.93,73140,14232936.00,2.05,0.00,0.00,0.48
2022-12-12,1.94,1.92,1.95,1.91,91019,17523850.00,2.05,-1.54,-0.03,0.60
2022-12-13,1.93,1.93,1.95,1.91,121199,23499669.00,2.08,0.52,0.01,0.80
2022-12-14,1.93,1.93,1.95,1.92,95671,18532916.00,1.55,0.00,0.00,0.63
2022-12-15,1.93,1.91,1.94,1.90,83673,16010475.00,2.07,-1.04,-0.02,0.55
2022-12-16,1.90,1.90,1.93,1.88,83674,15910514.00,2.62,-0.52,-0.01,0.55
2022-12-19,1.90,1.85,1.91,1.84,139348,25957054.00,3.68,-2.63,-0.05,0.92
2022-12-20,1.89,1.86,1.89,1.82,108375,20184987.00,3.78,0.54,0.01,0.72
2022-12-21,1.87,1.86,1.89,1.85,63504,11846056.00,2.15,0.00,0.00,0.42
2022-12-22,1.87,1.83,1.88,1.82,70555,13046700.00,3.23,-1.61,-0.03,0.47
2022-12-23,1.82,1.82,1.84,1.80,68705,12505767.00,2.19,-0.55,-0.01,0.45
2022-12-26,1.82,1.82,1.83,1.80,55908,10136763.00,1.65,0.00,0.00,0.37
2022-12-27,1.82,1.85,1.85,1.80,76541,14000451.00,2.75,1.65,0.03,0.51
2022-12-28,1.85,1.81,1.85,1.80,92176,16792244.00,2.70,-2.16,-0.04,0.61
2022-12-29,1.81,1.79,1.81,1.78,70142,12594094.00,1.66,-1.10,-0.02,0.46
2022-12-30,1.80,1.81,1.81,1.78,71759,12860022.00,1.68,1.12,0.02,0.48
2023-01-03,1.81,1.83,1.84,1.81,74346,13582039.00,1.66,1.10,0.02,0.49
2023-01-04,1.83,1.85,1.87,1.81,166570,30716332.00,3.28,1.09,0.02,1.10
2023-01-05,1.86,1.84,1.87,1.84,73926,13664121.00,1.62,-0.54,-0.01,0.49
2023-01-06,1.85,1.83,1.86,1.81,92747,16978105.00,2.72,-0.54,-0.01,0.61
2023-01-09,1.83,1.83,1.83,1.81,55083,10020563.00,1.09,0.00,0.00,0.36
2023-01-10,1.83,1.79,1.83,1.79,85804,15462753.00,2.19,-2.19,-0.04,0.57
2023-01-11,1.79,1.80,1.81,1.78,51813,9311134.00,1.68,0.56,0.01,0.34
2023-01-12,1.79,1.78,1.80,1.77,67194,11980461.00,1.67,-1.11,-0.02,0.44
2023-01-13,1.79,1.81,1.82,1.77,66256,11893185.00,2.81,1.69,0.03,0.44
2023-01-16,1.81,1.82,1.83,1.80,74180,13457964.00,1.66,0.55,0.01,0.49
2023-01-17,1.81,1.79,1.82,1.78,53487,9607215.00,2.20,-1.65,-0.03,0.35
2023-01-18,1.79,1.80,1.81,1.78,46411,8338026.00,1.68,0.56,0.01,0.31
2023-01-19,1.80,1.82,1.82,1.78,54556,9851031.00,2.22,1.11,0.02,0.36
2023-01-20,1.82,1.84,1.84,1.81,75007,13742922.00,1.65,1.10,0.02,0.50
2023-01-30,1.85,1.86,1.87,1.84,126988,23575996.00,1.63,1.09,0.02,0.84
2023-01-31,1.84,1.88,1.88,1.83,126639,23608107.00,2.69,1.08,0.02,0.84
2023-02-01,1.89,1.88,1.89,1.86,132786,24865377.00,1.60,0.00,0.00,0.88
2023-02-02,1.89,1.88,1.89,1.86,99166,18572434.00,1.60,0.00,0.00,0.66
2023-02-03,1.88,1.86,1.89,1.84,113481,21132410.00,2.66,-1.06,-0.02,0.75
2023-02-06,1.87,1.88,1.90,1.85,128121,24026607.00,2.69,1.08,0.02,0.85
2023-02-07,1.88,1.89,1.89,1.86,68825,12910244.00,1.60,0.53,0.01,0.46
2023-02-08,1.89,1.87,1.89,1.87,63298,11867606.00,1.06,-1.06,-0.02,0.42
2023-02-09,1.87,1.88,1.89,1.86,108739,20451210.00,1.60,0.53,0.01,0.72
2023-02-10,1.89,1.91,1.93,1.88,158252,30299823.00,2.66,1.60,0.03,1.05
2023-02-13,1.92,1.91,1.93,1.90,86779,16529290.00,1.57,0.00,0.00,0.57
2023-02-14,1.91,1.90,1.92,1.89,73125,13882344.00,1.57,-0.52,-0.01,0.48
2023-02-15,1.90,1.89,1.91,1.88,69949,13221580.00,1.58,-0.53,-0.01,0.46
2023-02-16,1.89,1.88,1.92,1.86,163616,30978766.00,3.17,-0.53,-0.01,1.08
2023-02-17,1.87,1.88,1.91,1.87,99537,18829134.00,2.13,0.00,0.00,0.66
2023-02-20,1.89,1.89,1.89,1.86,104294,19527452.00,1.60,0.53,0.01,0.69
2023-02-21,1.89,1.89,1.90,1.88,86058,16284288.00,1.06,0.00,0.00,0.57
2023-02-22,1.89,1.88,1.89,1.87,60787,11411384.00,1.06,-0.53,-0.01,0.40
2023-02-23,1.88,1.88,1.90,1.86,95677,17972497.00,2.13,0.00,0.00,0.63
2023-02-24,1.88,1.87,1.89,1.86,71269,13347266.00,1.60,-0.53,-0.01,0.47
2023-02-27,1.88,1.85,1.88,1.84,84155,15631286.00,2.14,-1.07,-0.02,0.56
2023-02-28,1.86,1.87,1.87,1.84,80730,14973420.00,1.62,1.08,0.02,0.53
2023-03-01,1.87,1.88,1.89,1.86,82857,15533495.00,1.60,0.53,0.01,0.55
2023-03-02,1.89,1.89,1.90,1.88,119142,22515772.00,1.06,0.53,0.01,0.79
2023-03-03,1.90,1.89,1.91,1.88,86255,16332054.00,1.59,0.00,0.00,0.57
2023-03-06,1.90,1.88,1.91,1.86,98490,18501206.00,2.65,-0.53,-0.01,0.65
2023-03-07,1.88,1.85,1.88,1.85,75608,14097281.00,1.60,-1.60,-0.03,0.50
2023-03-08,1.86,1.87,1.88,1.83,76549,14235879.00,2.70,1.08,0.02,0.51
2023-03-09,1.88,1.88,1.89,1.86,79534,14890736.00,1.60,0.53,0.01,0.53
2023-03-10,1.87,1.89,1.90,1.83,193396,36119054.00,3.72,0.53,0.01,1.28
2023-03-13,1.87,1.88,1.89,1.84,213869,39864367.00,2.65,-0.53,-0.01,1.42
2023-03-14,1.88,1.84,1.88,1.84,127221,23570944.00,2.13,-2.13,-0.04,0.84
2023-03-15,1.84,1.85,1.86,1.84,72533,13436464.00,1.09,0.54,0.01,0.48
2023-03-16,1.84,1.81,1.86,1.81,113185,20743926.00,2.70,-2.16,-0.04,0.75
2023-03-17,1.82,1.83,1.84,1.81,68314,12493308.00,1.66,1.10,0.02,0.45
2023-03-20,1.83,1.82,1.86,1.82,88574,16290155.00,2.19,-0.55,-0.01,0.59
2023-03-21,1.82,1.84,1.85,1.81,70618,12930270.00,2.20,1.10,0.02,0.47
2023-03-22,1.84,1.84,1.85,1.83,42778,7863043.00,1.09,0.00,0.00,0.28
2023-03-23,1.83,1.83,1.84,1.82,56347,10294235.00,1.09,-0.54,-0.01,0.37
2023-03-24,1.83,1.82,1.83,1.80,73067,13241304.00,1.64,-0.55,-0.01,0.48
2023-03-27,1.82,1.80,1.82,1.79,76438,13767762.00,1.65,-1.10,-0.02,0.51
2023-03-28,1.80,1.78,1.80,1.77,87823,15684227.00,1.67,-1.11,-0.02,0.58
2023-03-29,1.78,1.76,1.79,1.76,87167,15450768.00,1.69,-1.12,-0.02,0.58
2023-03-30,1.76,1.75,1.77,1.74,83029,14524590.00,1.70,-0.57,-0.01,0.55
2023-03-31,1.75,1.75,1.76,1.74,40892,7165829.00,1.14,0.00,0.00,0.27
2023-04-03,1.75,1.76,1.77,1.74,65627,11531571.00,1.71,0.57,0.01,0.43
2023-04-04,1.76,1.74,1.77,1.73,78466,13702706.00,2.27,-1.14,-0.02,0.52
2023-04-06,1.74,1.72,1.74,1.70,122256,20953058.00,2.30,-1.15,-0.02,0.81
2023-04-07,1.72,1.73,1.74,1.70,74157,12805816.00,2.33,0.58,0.01,0.49
2023-04-10,1.73,1.70,1.74,1.69,116508,19856642.00,2.89,-1.73,-0.03,0.77
2023-04-11,1.70,1.67,1.70,1.66,126025,21102143.00,2.35,-1.76,-0.03,0.83
2023-04-12,1.67,1.71,1.72,1.66,108888,18443137.00,3.59,2.40,0.04,0.72
2023-04-13,1.71,1.71,1.74,1.71,86118,14826657.00,1.75,0.00,0.00,0.57
2023-04-14,1.72,1.71,1.73,1.71,52354,9002288.00,1.17,0.00,0.00,0.35
2023-04-17,1.71,1.70,1.72,1.69,55646,9480422.00,1.75,-0.58,-0.01,0.37
2023-04-18,1.70,1.69,1.71,1.67,83203,14032756.00,2.35,-0.59,-0.01,0.55
2023-04-19,1.69,1.68,1.69,1.67,59029,9899355.00,1.18,-0.59,-0.01,0.39
2023-04-20,1.67,1.63,1.67,1.62,111213,18236905.00,2.98,-2.98,-0.05,0.74
2023-04-21,1.62,1.62,1.65,1.61,80454,13105301.00,2.45,-0.61,-0.01,0.53
2023-04-24,1.62,1.61,1.63,1.55,80032,12733220.00,4.94,-0.62,-0.01,0.53
2023-04-25,1.60,1.60,1.61,1.56,116448,18453897.00,3.11,-0.62,-0.01,0.77
2023-04-26,1.59,1.63,1.63,1.58,57838,9301511.00,3.13,1.88,0.03,0.38
2023-04-27,1.63,1.62,1.64,1.60,54901,8921793.00,2.45,-0.61,-0.01,0.36
2023-04-28,1.68,1.73,1.75,1.67,326626,56213171.00,4.94,6.79,0.11,2.16
2023-05-04,1.71,1.78,1.81,1.71,252796,44935613.00,5.78,2.89,0.05,1.67
2023-05-05,1.77,1.80,1.81,1.77,160574,28751358.00,2.25,1.12,0.02,1.06
2023-05-08,1.81,1.79,1.82,1.78,134778,24137620.00,2.22,-0.56,-0.01,0.89
2023-05-09,1.79,1.78,1.81,1.77,112869,20153808.00,2.23,-0.56,-0.01,0.75
2023-05-10,1.77,1.75,1.78,1.74,69378,12203093.00,2.25,-1.69,-0.03,0.46
2023-05-11,1.76,1.79,1.81,1.75,91666,16379960.00,3.43,2.29,0.04,0.61
2023-05-12,1.78,1.78,1.80,1.77,52018,9273331.00,1.68,-0.56,-0.01,0.34
2023-05-15,1.78,1.79,1.79,1.74,114251,20190119.00,2.81,0.56,0.01,0.76
2023-05-16,1.79,1.75,1.79,1.75,72573,12762911.00,2.23,-2.23,-0.04,0.48
2023-05-17,1.76,1.78,1.78,1.74,66376,11733654.00,2.29,1.71,0.03,0.44
2023-05-18,1.78,1.77,1.78,1.75,62752,11081501.00,1.69,-0.56,-0.01,0.42
2023-05-19,1.77,1.78,1.79,1.73,76916,13550607.00,3.39,0.56,0.01,0.51
2023-05-22,1.77,1.77,1.78,1.74,83839,14758445.00,2.25,-0.56,-0.01,0.56
2023-05-23,1.76,1.72,1.77,1.70,143829,24983813.00,3.95,-2.82,-0.05,0.95
2023-05-24,1.72,1.72,1.73,1.70,80600,13835389.00,1.74,0.00,0.00,0.53
2023-05-25,1.72,1.70,1.72,1.69,89781,15287277.00,1.74,-1.16,-0.02,0.59
2023-05-26,1.71,1.71,1.78,1.69,109437,18806405.00,5.29,0.59,0.01,0.72
2023-05-29,1.71,1.66,1.73,1.66,110192,18623352.00,4.09,-2.92,-0.05,0.73
2023-05-30,1.66,1.68,1.68,1.65,81911,13663311.00,1.81,1.20,0.02,0.54
2023-05-31,1.67,1.67,1.71,1.66,70925,11908910.00,2.98,-0.60,-0.01,0.47
2023-06-01,1.66,1.66,1.68,1.63,90638,15028123.00,2.99,-0.60,-0.01,0.60
2023-06-02,1.67,1.69,1.70,1.66,102346,17199717.00,2.41,1.81,0.03,0.68
2023-06-05,1.69,1.70,1.70,1.68,63436,10717087.00,1.18,0.59,0.01,0.42
2023-06-06,1.69,1.68,1.71,1.66,89767,15106666.00,2.94,-1.18,-0.02,0.59
2023-06-07,1.68,1.68,1.70,1.66,78997,13290865.00,2.38,0.00,0.00,0.52
2023-06-08,1.68,1.70,1.71,1.67,102796,17441244.00,2.38,1.19,0.02,0.68
2023-06-09,1.70,1.69,1.71,1.69,65186,11072402.00,1.18,-0.59,-0.01,0.43
2023-06-12,1.69,1.70,1.70,1.66,79494,13350481.00,2.37,0.59,0.01,0.53
2023-06-13,1.70,1.70,1.71,1.69,66947,11379485.00,1.18,0.00,0.00,0.44
2023-06-14,1.69,1.68,1.70,1.67,83131,13986939.00,1.76,-1.18,-0.02,0.55
2023-06-15,1.68,1.69,1.69,1.67,57427,9652218.00,1.19,0.60,0.01,0.38
2023-06-16,1.69,1.68,1.70,1.68,80837,13678262.00,1.18,-0.59,-0.01,0.54
2023-06-19,1.68,1.66,1.68,1.65,106739,17765433.00,1.79,-1.19,-0.02,0.71
2023-06-20,1.66,1.64,1.67,1.63,105001,17264450.00,2.41,-1.20,-0.02,0.70
2023-06-21,1.64,1.64,1.67,1.62,75637,12433102.00,3.05,0.00,0.00,0.50
2023-06-26,1.63,1.62,1.64,1.60,75859,12255332.00,2.44,-1.22,-0.02,0.50
2023-06-27,1.62,1.64,1.65,1.61,77410,12652260.00,2.47,1.23,0.02,0.51
2023-06-28,1.64,1.65,1.65,1.61,55692,9089520.00,2.44,0.61,0.01,0.37
2023-06-29,1.65,1.64,1.66,1.63,76593,12607390.00,1.82,-0.61,-0.01,0.51
2023-06-30,1.65,1.67,1.68,1.63,118932,19787894.00,3.05,1.83,0.03,0.79
2023-07-03,1.67,1.69,1.69,1.67,97265,16376399.00,1.20,1.20,0.02,0.64
2023-07-04,1.69,1.69,1.71,1.67,104798,17731009.00,2.37,0.00,0.00,0.69
2023-07-05,1.70,1.69,1.71,1.68,80332,13623451.00,1.78,0.00,0.00,0.53
2023-07-06,1.68,1.70,1.71,1.67,85786,14480520.00,2.37,0.59,0.01,0.57
2023-07-07,1.70,1.68,1.71,1.68,81978,13899629.00,1.76,-1.18,-0.02,0.54
2023-07-10,1.69,1.70,1.70,1.68,69795,11812841.00,1.19,1.19,0.02,0.46
2023-07-11,1.71,1.70,1.74,1.69,86295,14755229.00,2.94,0.00,0.00,0.57
2023-07-12,1.70,1.68,1.72,1.68,77426,13125025.00,2.35,-1.18,-0.02,0.51
2023-07-13,1.69,1.71,1.72,1.68,98169,16770921.00,2.38,1.79,0.03,0.65
2023-07-14,1.72,1.70,1.72,1.69,52527,8920308.00,1.75,-0.58,-0.01,0.35
2023-07-17,1.68,1.72,1.72,1.67,96232,16353712.00,2.94,1.18,0.02,0.64
2023-07-18,1.72,1.72,1.72,1.70,78822,13480853.00,1.16,0.00,0.00,0.52
2023-07-19,1.71,1.73,1.74,1.71,95182,16467696.00,1.74,0.58,0.01,0.63
2023-07-20,1.73,1.75,1.76,1.73,101315,17697283.00,1.73,1.16,0.02,0.67
2023-07-21,1.75,1.81,1.85,1.73,339116,60757344.00,6.86,3.43,0.06,2.24
2023-07-24,1.89,1.75,1.89,1.72,392273,69313517.00,9.39,-3.31,-0.06,2.60
2023-07-25,1.76,1.93,1.93,1.76,463849,88092597.00,9.71,10.29,0.18,3.07
2023-07-26,2.01,2.04,2.10,1.93,1538293,306701881.00,8.81,5.70,0.11,10.18
2023-07-27,1.95,1.90,1.97,1.89,867967,166459567.00,3.92,-6.86,-0.14,5.75
2023-07-28,1.87,1.90,1.95,1.86,596989,113533205.00,4.74,0.00,0.00,3.95
2023-07-31,1.91,1.98,2.02,1.91,814269,160308822.00,5.79,4.21,0.08,5.39
2023-08-01,1.97,2.01,2.07,1.96,613262,123325300.00,5.56,1.52,0.03,4.06
2023-08-02,2.02,2.01,2.05,1.99,434477,87629648.00,2.99,0.00,0.00,2.88
2023-08-03,2.02,1.98,2.02,1.95,252179,49782241.00,3.48,-1.49,-0.03,1.67
2023-08-04,1.99,1.94,2.02,1.94,407555,80378055.00,4.04,-2.02,-0.04,2.70
2023-08-07,1.94,1.90,1.95,1.90,218729,41849308.00,2.58,-2.06,-0.04,1.45
2023-08-08,1.91,1.89,1.92,1.88,142913,27127732.00,2.11,-0.53,-0.01,0.95
2023-08-09,1.89,1.87,1.92,1.87,193101,36436509.00,2.65,-1.06,-0.02,1.28
2023-08-10,1.86,1.87,1.89,1.85,116304,21709009.00,2.14,0.00,0.00,0.77
2023-08-11,1.88,1.83,1.88,1.82,133947,24717014.00,3.21,-2.14,-0.04,0.89
2023-08-14,1.82,1.84,1.85,1.80,132278,24165150.00,2.73,0.55,0.01,0.88
2023-08-15,1.84,1.82,1.85,1.81,144035,26312257.00,2.17,-1.09,-0.02,0.95
2023-08-16,1.83,1.86,1.89,1.82,285310,53057709.00,3.85,2.20,0.04,1.89
2023-08-17,1.85,1.89,1.89,1.83,156189,29049998.00,3.23,1.61,0.03,1.03
2023-08-18,1.88,1.86,1.90,1.86,161516,30414085.00,2.12,-1.59,-0.03,1.07
2023-08-21,1.87,1.85,1.89,1.84,140229,26164909.00,2.69,-0.54,-0.01,0.93
2023-08-22,1.86,1.84,1.87,1.80,158053,28951213.00,3.78,-0.54,-0.01,1.05
2023-08-23,1.84,1.80,1.84,1.79,114827,20745414.00,2.72,-2.17,-0.04,0.76
2023-08-24,1.81,1.78,1.81,1.76,136374,24320228.00,2.78,-1.11,-0.02,0.90
2023-08-25,1.78,1.78,1.84,1.77,177563,32079501.00,3.93,0.00,0.00,1.18
2023-08-28,1.86,1.86,1.92,1.84,318910,59862389.00,4.49,4.49,0.08,2.11
2023-08-29,1.85,1.88,1.88,1.84,162448,30245239.00,2.15,1.08,0.02,1.08
2023-08-30,1.87,1.83,1.88,1.82,187480,34501026.00,3.19,-2.66,-0.05,1.24
2023-08-31,1.82,1.78,1.84,1.77,169897,30448171.00,3.83,-2.73,-0.05,1.12
2023-09-01,1.77,1.78,1.80,1.76,165962,29568184.00,2.25,0.00,0.00,1.10
2023-09-04,1.79,1.85,1.87,1.78,254066,46458295.00,5.06,3.93,0.07,1.68
2023-09-05,1.84,1.81,1.85,1.79,219182,39617419.00,3.24,-2.16,-0.04,1.45
2023-09-06,1.80,1.79,1.81,1.77,183933,32866778.00,2.21,-1.10,-0.02,1.22
2023-09-07,1.78,1.77,1.81,1.77,187533,33487563.00,2.23,-1.12,-0.02,1.24
2023-09-08,1.76,1.74,1.77,1.73,166617,29113089.00,2.26,-1.69,-0.03,1.10
2023-09-11,1.73,1.74,1.76,1.72,121303,21113155.00,2.30,0.00,0.00,0.80
2023-09-12,1.73,1.73,1.75,1.72,113965,19747866.00,1.72,-0.57,-0.01,0.75
2023-09-13,1.73,1.72,1.76,1.71,203295,35105888.00,2.89,-0.58,-0.01,1.35
2023-09-14,1.72,1.71,1.72,1.69,147231,25093265.00,1.74,-0.58,-0.01,0.97
2023-09-15,1.71,1.75,1.76,1.70,187892,32703690.00,3.51,2.34,0.04,1.24
2023-09-18,1.75,1.76,1.77,1.73,162730,28431103.00,2.29,0.57,0.01,1.08
2023-09-19,1.75,1.76,1.77,1.74,132221,23284866.00,1.70,0.00,0.00,0.88
2023-09-20,1.76,1.74,1.77,1.73,128983,22571824.00,2.27,-1.14,-0.02,0.85
2023-09-21,1.73,1.75,1.77,1.72,130964,22929855.00,2.87,0.57,0.01,0.87
2023-09-22,1.74,1.74,1.76,1.73,138067,24016682.00,1.71,-0.57,-0.01,0.91
2023-09-25,1.74,1.71,1.74,1.70,125770,21548064.00,2.30,-1.72,-0.03,0.83
2023-09-26,1.70,1.69,1.71,1.69,85420,14503377.00,1.17,-1.17,-0.02,0.57
2023-09-27,1.69,1.68,1.70,1.68,80771,13661853.00,1.18,-0.59,-0.01,0.53
2023-09-28,1.69,1.73,1.75,1.68,153509,26408919.00,4.17,2.98,0.05,1.02
2023-10-09,1.73,1.69,1.74,1.69,94338,16083986.00,2.89,-2.31,-0.04,0.62
2023-10-10,1.70,1.69,1.72,1.69,113653,19377808.00,1.78,0.00,0.00,0.75
2023-10-11,1.69,1.67,1.70,1.66,140791,23674720.00,2.37,-1.18,-0.02,0.93
2023-10-12,1.67,1.69,1.70,1.66,111719,18793755.00,2.40,1.20,0.02,0.74
2023-10-13,1.68,1.67,1.69,1.66,116324,19498649.00,1.78,-1.18,-0.02,0.77
2023-10-16,1.67,1.66,1.68,1.65,90523,15049921.00,1.80,-0.60,-0.01,0.60
2023-10-17,1.65,1.65,1.67,1.64,77930,12878217.00,1.81,-0.60,-0.01,0.52
2023-10-18,1.65,1.63,1.66,1.62,101889,16627388.00,2.42,-1.21,-0.02,0.67
2023-10-19,1.61,1.62,1.65,1.61,114472,18672953.00,2.45,-0.61,-0.01,0.76
2023-10-20,1.61,1.63,1.65,1.60,120856,19703905.00,3.09,0.62,0.01,0.80
2023-10-23,1.63,1.58,1.63,1.57,159566,25483693.00,3.68,-3.07,-0.05,1.06
2023-10-24,1.59,1.65,1.66,1.58,226214,36937959.00,5.06,4.43,0.07,1.50
2023-10-25,1.65,1.70,1.72,1.65,224359,38073935.00,4.24,3.03,0.05,1.49
2023-10-26,1.71,1.69,1.72,1.68,155733,26350546.00,2.35,-0.59,-0.01,1.03
2023-10-27,1.68,1.70,1.71,1.67,108759,18431419.00,2.37,0.59,0.01,0.72
2023-10-30,1.69,1.69,1.71,1.68,156615,26525531.00,1.76,-0.59,-0.01,1.04
2023-10-31,1.68,1.68,1.72,1.68,125663,21300467.00,2.37,-0.59,-0.01,0.83
2023-11-01,1.69,1.71,1.71,1.68,139016,23656031.00,1.79,1.79,0.03,0.92
2023-11-02,1.70,1.70,1.72,1.68,143535,24416680.00,2.34,-0.58,-0.01,0.95
2023-11-03,1.70,1.68,1.72,1.67,146035,24707423.00,2.94,-1.18,-0.02,0.97
2023-11-06,1.69,1.73,1.73,1.68,190860,32598016.00,2.98,2.98,0.05,1.26
2023-11-07,1.72,1.73,1.74,1.70,166017,28585983.00,2.31,0.00,0.00,1.10
2023-11-08,1.72,1.72,1.74,1.71,111084,19166893.00,1.73,-0.58,-0.01,0.74
2023-11-09,1.72,1.70,1.73,1.69,102871,17589554.00,2.33,-1.16,-0.02,0.68
2023-11-10,1.70,1.71,1.72,1.68,156483,26560091.00,2.35,0.59,0.01,1.04
2023-11-13,1.71,1.75,1.76,1.70,170409,29594791.00,3.51,2.34,0.04,1.13
2023-11-14,1.74,1.77,1.77,1.73,145536,25556190.00,2.29,1.14,0.02,0.96
2023-11-15,1.77,1.77,1.79,1.75,150119,26569927.00,2.26,0.00,0.00,0.99
2023-11-16,1.77,1.76,1.77,1.74,111417,19562060.00,1.69,-0.56,-0.01,0.74
2023-11-17,1.75,1.73,1.76,1.73,117993,20528834.00,1.70,-1.70,-0.03,0.78
2023-11-20,1.73,1.76,1.77,1.73,170435,29843547.00,2.31,1.73,0.03,1.13
2023-11-21,1.76,1.79,1.81,1.75,258444,46216265.00,3.41,1.70,0.03,1.71
2023-11-22,1.80,1.78,1.81,1.77,208793,37362648.00,2.23,-0.56,-0.01,1.38
2023-11-23,1.78,1.80,1.80,1.76,190666,34060498.00,2.25,1.12,0.02,1.26
2023-11-24,1.79,1.78,1.81,1.77,152564,27282781.00,2.22,-1.11,-0.02,1.01
2023-11-27,1.79,1.75,1.79,1.74,137439,24160674.00,2.81,-1.69,-0.03,0.91
2023-11-28,1.76,1.78,1.79,1.75,143380,25463957.00,2.29,1.71,0.03,0.95
2023-11-29,1.78,1.75,1.79,1.74,113686,19956276.00,2.81,-1.69,-0.03,0.75
2023-11-30,1.75,1.74,1.76,1.71,136567,23685082.00,2.86,-0.57,-0.01,0.90
2023-12-01,1.74,1.77,1.78,1.72,163174,28757489.00,3.45,1.72,0.03,1.08
2023-12-04,1.77,1.78,1.81,1.76,186960,33329823.00,2.82,0.56,0.01,1.24
2023-12-05,1.78,1.75,1.79,1.75,96150,16942855.00,2.25,-1.69,-0.03,0.64
2023-12-06,1.75,1.77,1.79,1.74,106875,18920205.00,2.86,1.14,0.02,0.71
2023-12-07,1.76,1.75,1.77,1.73,118494,20687138.00,2.26,-1.13,-0.02,0.78
2023-12-08,1.74,1.67,1.75,1.67,169645,28869869.00,4.57,-4.57,-0.08,1.12
2023-12-11,1.66,1.71,1.72,1.66,222095,37740651.00,3.59,2.40,0.04,1.47
2023-12-12,1.72,1.76,1.76,1.69,175964,30479557.00,4.09,2.92,0.05,1.16
2023-12-13,1.75,1.78,1.87,1.74,384910,69350655.00,7.39,1.14,0.02,2.55
2023-12-14,1.78,1.80,1.84,1.78,275608,49872400.00,3.37,1.12,0.02,1.82
2023-12-15,1.80,1.80,1.83,1.78,179294,32307288.00,2.78,0.00,0.00,1.19
2023-12-18,1.80,1.76,1.81,1.75,167290,29779315.00,3.33,-2.22,-0.04,1.11
2023-12-19,1.77,1.72,1.78,1.70,156045,26955686.00,4.55,-2.27,-0.04,1.03
2023-12-20,1.72,1.69,1.73,1.69,136903,23384796.00,2.33,-1.74,-0.03,0.91
2023-12-21,1.69,1.86,1.86,1.68,553504,98857813.00,10.65,10.06,0.17,3.66
2023-12-22,1.89,1.84,1.94,1.81,950174,177511274.00,6.99,-1.08,-0.02,6.29
2023-12-25,1.84,1.81,1.84,1.77,632439,113960163.00,3.80,-1.63,-0.03,4.19
2023-12-26,1.80,1.79,1.81,1.75,482023,85629234.00,3.31,-1.10,-0.02,3.19
2023-12-27,1.79,1.76,1.85,1.73,479360,84653903.00,6.70,-1.68,-0.03,3.17
2023-12-28,1.76,1.78,1.83,1.72,468494,82587057.00,6.25,1.14,0.02,3.10
2023-12-29,1.78,1.79,1.85,1.77,464350,83406874.00,4.49,0.56,0.01,3.07
2024-01-02,1.77,1.82,1.83,1.75,450036,80955366.00,4.47,1.68,0.03,2.98
2024-01-03,1.81,1.82,1.83,1.78,313708,56668989.00,2.75,0.00,0.00,2.08
2024-01-04,1.81,1.77,1.81,1.75,300591,53238691.00,3.30,-2.75,-0.05,1.99
2024-01-05,1.77,1.72,1.79,1.71,257920,45049183.00,4.52,-2.82,-0.05,1.71
2024-01-08,1.72,1.70,1.74,1.69,229966,39457783.00,2.91,-1.16,-0.02,1.52
2024-01-09,1.70,1.72,1.74,1.69,167840,28904805.00,2.94,1.18,0.02,1.11
2024-01-10,1.72,1.74,1.77,1.69,226021,39157544.00,4.65,1.16,0.02,1.50
2024-01-11,1.73,1.77,1.79,1.70,310213,54147440.00,5.17,1.72,0.03,2.05
2024-01-12,1.76,1.74,1.79,1.74,237223,41892261.00,2.82,-1.69,-0.03,1.57
2024-01-15,1.73,1.74,1.76,1.73,159862,27932205.00,1.72,0.00,0.00,1.06
2024-01-16,1.74,1.72,1.77,1.69,235226,40536535.00,4.60,-1.15,-0.02,1.56
2024-01-17,1.71,1.66,1.72,1.65,236356,39782507.00,4.07,-3.49,-0.06,1.56
2024-01-18,1.66,1.63,1.66,1.58,318542,51534910.00,4.82,-1.81,-0.03,2.11
2024-01-19,1.63,1.60,1.65,1.60,147402,23911957.00,3.07,-1.84,-0.03,0.98
2024-01-22,1.60,1.52,1.62,1.50,299001,46544725.00,7.50,-5.00,-0.08,1.98
2024-01-23,1.51,1.51,1.53,1.46,251294,37540290.00,4.61,-0.66,-0.01,1.66
2024-01-24,1.51,1.55,1.56,1.48,212555,32491585.00,5.30,2.65,0.04,1.41
2024-01-25,1.55,1.60,1.61,1.53,190388,30072812.00,5.16,3.23,0.05,1.26
2024-01-26,1.61,1.64,1.67,1.60,239078,39413523.00,4.38,2.50,0.04,1.58
2024-01-29,1.65,1.60,1.67,1.59,191724,31145605.00,4.88,-2.44,-0.04,1.27
2024-01-30,1.59,1.54,1.61,1.53,149002,23434566.00,5.00,-3.75,-0.06,0.99
2024-01-31,1.52,1.46,1.55,1.44,258023,38502907.00,7.14,-5.19,-0.08,1.71
2024-02-01,1.44,1.34,1.45,1.31,397658,54035313.00,9.59,-8.22,-0.12,2.63
2024-02-02,1.32,1.30,1.39,1.25,278062,37035499.00,10.45,-2.99,-0.04,1.84
2024-02-05,1.29,1.17,1.29,1.17,248289,29540649.00,9.23,-10.00,-0.13,1.64
2024-02-06,1.10,1.10,1.20,1.05,415925,44951977.00,12.82,-5.98,-0.07,2.75
2024-02-07,1.09,0.99,1.11,0.99,445417,44636376.00,10.91,-10.00,-0.11,2.95
2024-02-08,0.89,0.99,1.00,0.89,922762,85005953.00,11.11,0.00,0.00,6.11
2024-02-19,0.93,1.00,1.02,0.89,816088,78092293.00,13.13,1.01,0.01,5.40
2024-02-20,0.98,1.06,1.09,0.96,640626,65840037.00,13.00,6.00,0.06,4.24
2024-02-21,1.04,1.17,1.17,1.03,549089,61275735.00,13.21,10.38,0.11,3.64
2024-02-22,1.16,1.18,1.19,1.12,707948,82133785.00,5.98,0.85,0.01,4.69
2024-02-23,1.17,1.30,1.30,1.16,937892,118348779.00,11.86,10.17,0.12,6.21
2024-02-26,1.32,1.39,1.43,1.28,1030063,138371576.00,11.54,6.92,0.09,6.82
2024-02-27,1.36,1.37,1.38,1.31,737402,99132861.00,5.04,-1.44,-0.02,4.88
2024-02-28,1.38,1.28,1.44,1.24,880008,120515988.00,14.60,-6.57,-0.09,5.83
2024-02-29,1.26,1.35,1.36,1.23,560625,73378424.00,10.16,5.47,0.07,3.71
2024-03-01,1.34,1.30,1.36,1.29,429236,56538806.00,5.19,-3.70,-0.05,2.84
2024-03-04,1.29,1.31,1.32,1.27,343258,44511732.00,3.85,0.77,0.01,2.27
2024-03-05,1.30,1.24,1.30,1.23,362682,45672951.00,5.34,-5.34,-0.07,2.40
2024-03-06,1.23,1.25,1.28,1.22,235644,29464698.00,4.84,0.81,0.01,1.56
2024-03-07,1.24,1.27,1.29,1.23,317671,40216581.00,4.80,1.60,0.02,2.10
2024-03-08,1.27,1.25,1.27,1.24,204189,25554454.00,2.36,-1.57,-0.02,1.35
2024-03-11,1.26,1.30,1.34,1.24,377348,48827343.00,8.00,4.00,0.05,2.50
2024-03-12,1.29,1.32,1.32,1.27,318531,41290027.00,3.85,1.54,0.02,2.11
2024-03-13,1.32,1.29,1.33,1.28,307230,39936426.00,3.79,-2.27,-0.03,2.03
2024-03-14,1.29,1.27,1.30,1.25,263287,33557390.00,3.88,-1.55,-0.02,1.74
2024-03-15,1.27,1.31,1.31,1.26,393154,50815572.00,3.94,3.15,0.04,2.60
2024-03-18,1.31,1.33,1.33,1.30,297907,39169767.00,2.29,1.53,0.02,1.97
2024-03-19,1.32,1.35,1.37,1.31,341849,45940244.00,4.51,1.50,0.02,2.26
2024-03-20,1.34,1.35,1.35,1.32,220649,29426340.00,2.22,0.00,0.00,1.46
2024-03-21,1.34,1.33,1.36,1.32,253230,33940963.00,2.96,-1.48,-0.02,1.68
2024-03-22,1.33,1.31,1.35,1.29,281682,36965264.00,4.51,-1.50,-0.02,1.86
2024-03-25,1.30,1.25,1.31,1.25,293157,37418033.00,4.58,-4.58,-0.06,1.94
2024-03-26,1.25,1.27,1.28,1.24,218530,27540260.00,3.20,1.60,0.02,1.45
2024-03-27,1.27,1.23,1.27,1.23,196595,24449331.00,3.15,-3.15,-0.04,1.30
2024-03-28,1.23,1.23,1.25,1.21,182031,22514262.00,3.25,0.00,0.00,1.21
2024-03-29,1.24,1.27,1.29,1.22,294819,37150537.00,5.69,3.25,0.04,1.95
2024-04-01,1.27,1.30,1.30,1.25,302397,38494846.00,3.94,2.36,0.03,2.00
2024-04-02,1.29,1.33,1.35,1.28,359525,47317035.00,5.38,2.31,0.03,2.38
2024-04-03,1.32,1.30,1.33,1.28,226928,29496794.00,3.76,-2.26,-0.03,1.50
2024-04-08,1.29,1.24,1.30,1.24,228091,28779093.00,4.62,-4.62,-0.06,1.51
2024-04-09,1.24,1.27,1.27,1.23,107720,13527072.00,3.23,2.42,0.03,0.71
2024-04-10,1.26,1.23,1.27,1.22,196051,24273930.00,3.94,-3.15,-0.04,1.30
2024-04-11,1.22,1.21,1.25,1.20,173829,21350051.00,4.07,-1.63,-0.02,1.15
2024-04-12,1.21,1.19,1.23,1.18,135506,16300084.00,4.13,-1.65,-0.02,0.90
2024-04-15,1.17,1.07,1.18,1.07,317409,34747269.00,9.24,-10.08,-0.12,2.10
2024-04-16,1.01,0.96,1.05,0.96,245201,23795170.00,8.41,-10.28,-0.11,1.62
2024-04-17,0.88,1.01,1.02,0.88,414061,40582685.00,14.58,5.21,0.05,2.74
2024-04-18,0.99,0.97,1.01,0.96,293488,28884340.00,4.95,-3.96,-0.04,1.94
2024-04-19,0.96,0.91,0.96,0.87,451473,41337497.00,9.28,-6.19,-0.06,2.99
2024-04-22,0.90,0.89,0.93,0.88,257223,23012178.00,5.49,-2.20,-0.02,1.70
2024-04-23,0.89,0.96,0.98,0.88,362913,33996996.00,11.24,7.87,0.07,2.40
2024-04-24,0.94,0.94,0.96,0.93,269651,25421926.00,3.13,-2.08,-0.02,1.79
2024-04-25,0.93,0.92,0.94,0.90,262641,24146203.00,4.26,-2.13,-0.02,1.74
2024-04-26,0.91,0.94,0.95,0.90,296825,27430109.00,5.43,2.17,0.02,1.97
2024-04-29,0.93,1.03,1.03,0.92,499362,49749235.00,11.70,9.57,0.09,3.31
2024-04-30,1.03,0.96,1.03,0.95,503526,49894302.00,7.77,-6.80,-0.07,3.33
2024-05-06,0.95,0.98,1.02,0.94,403380,39463186.00,8.33,2.08,0.02,2.67
2024-05-07,0.98,0.99,1.00,0.96,365192,35913835.00,4.08,1.02,0.01,2.42
2024-05-08,0.98,0.97,1.00,0.97,179575,17628221.00,3.03,-2.02,-0.02,1.19
2024-05-09,0.97,0.97,0.99,0.96,247854,24244180.00,3.09,0.00,0.00,1.64
2024-05-10,0.97,0.94,0.98,0.92,403769,38127482.00,6.19,-3.09,-0.03,2.67
2024-05-13,0.91,0.88,0.93,0.87,496212,44392336.00,6.38,-6.38,-0.06,3.28
2024-05-14,0.87,0.91,0.92,0.87,362727,32595940.00,5.68,3.41,0.03,2.40
2024-05-15,0.91,0.90,0.93,0.90,191776,17470363.00,3.30,-1.10,-0.01,1.27
2024-05-16,0.90,0.97,0.98,0.90,560266,53336775.00,8.89,7.78,0.07,3.71
2024-05-17,0.96,0.99,0.99,0.92,689237,65328828.00,7.22,2.06,0.02,4.56
2024-05-20,0.97,0.93,0.98,0.92,514269,48627861.00,6.06,-6.06,-0.06,3.40
2024-05-21,0.92,0.91,0.93,0.88,528202,47542751.00,5.38,-2.15,-0.02,3.50
2024-05-22,0.89,0.92,0.94,0.89,288415,26361450.00,5.49,1.10,0.01,1.91
2024-05-23,0.90,0.83,0.91,0.83,619355,53727880.00,8.70,-9.78,-0.09,4.10
2024-05-24,0.75,0.75,0.75,0.75,220776,16558200.00,0.00,-9.64,-0.08,1.46
2024-05-27,0.68,0.68,0.68,0.68,130950,8904600.00,0.00,-9.33,-0.07,0.87
2024-05-28,0.61,0.61,0.61,0.61,26205,1598505.00,0.00,-10.29,-0.07,0.17
2024-05-29,0.55,0.55,0.55,0.55,38975,2143625.00,0.00,-9.84,-0.06,0.26
2024-05-30,0.50,0.50,0.50,0.50,66989,3349450.00,0.00,-9.09,-0.05,0.44
