date,open,close,high,low,volume,turnover,amp,change_ratio,change,turnover_ratio
2016-11-29,4.66,5.80,5.80,4.66,773,755830.00,30.81,56.76,2.10,0.07
2016-11-30,6.49,6.49,6.49,6.49,339,367155.00,0.00,11.90,0.69,0.03
2016-12-01,7.24,7.24,7.24,7.24,659,784210.00,0.00,11.56,0.75,0.06
2016-12-02,8.07,8.07,8.07,8.07,2109,2760668.00,0.00,11.46,0.83,0.19
2016-12-05,8.99,8.99,8.99,8.99,5734,8257493.00,0.00,11.40,0.92,0.51
2016-12-06,10.00,10.00,10.00,10.00,5677,8992764.00,0.00,11.23,1.01,0.51
2016-12-07,11.10,11.10,11.10,10.82,248157,432110000.00,2.80,11.00,1.10,22.26
2016-12-08,11.54,12.32,12.32,11.30,710292,1312026368.00,9.19,10.99,1.22,63.70
2016-12-09,12.00,11.29,12.00,11.12,627987,1132111456.00,7.14,-8.36,-1.03,56.32
2016-12-12,11.12,10.61,11.61,10.52,403037,701620272.00,9.65,-6.02,-0.68,36.15
2016-12-13,10.47,10.50,10.69,10.26,255840,422445776.00,4.05,-1.04,-0.11,22.95
2016-12-14,10.39,10.24,10.77,10.20,250063,413265488.00,5.43,-2.48,-0.26,22.43
2016-12-15,10.11,10.14,10.38,9.98,201169,323254112.00,3.91,-0.98,-0.10,18.04
2016-12-16,10.15,10.07,10.35,9.99,151007,242147685.00,3.55,-0.69,-0.07,13.54
2016-12-19,10.10,10.03,10.15,9.70,171701,270430960.00,4.47,-0.40,-0.04,15.40
2016-12-20,9.97,10.04,10.16,9.89,121722,193406917.00,2.69,0.10,0.01,10.92
2016-12-21,10.06,10.02,10.15,9.90,124029,197063134.00,2.49,-0.20,-0.02,11.12
2016-12-22,10.02,9.96,10.11,9.75,126786,200228741.00,3.59,-0.60,-0.06,11.37
2016-12-23,9.89,9.92,10.28,9.80,164908,262296464.00,4.82,-0.40,-0.04,14.79
2016-12-26,9.68,10.32,10.38,9.61,192016,306215008.00,7.76,4.03,0.40,17.22
2016-12-27,10.19,10.27,10.35,10.12,82356,133416069.00,2.23,-0.48,-0.05,7.39
2016-12-28,10.25,10.26,10.31,10.17,58724,95033634.00,1.36,-0.10,-0.01,5.27
2016-12-29,10.24,10.19,10.37,10.17,66024,107229373.00,1.95,-0.68,-0.07,5.92
2016-12-30,10.11,9.73,10.25,9.72,100951,159419189.00,5.20,-4.51,-0.46,9.05
2017-01-03,9.75,9.89,10.02,9.68,120136,188627473.00,3.49,1.64,0.16,10.77
2017-01-04,9.85,9.81,9.92,9.75,73498,114572917.00,1.72,-0.81,-0.08,6.59
2017-01-05,9.82,9.79,9.91,9.77,55330,86301317.00,1.43,-0.20,-0.02,4.96
2017-01-06,9.78,9.64,9.89,9.62,49600,76944696.00,2.76,-1.53,-0.15,4.45
2017-01-09,9.62,9.49,9.72,9.41,64476,98025572.00,3.22,-1.56,-0.15,5.78
2017-01-10,9.49,9.34,9.52,9.28,54786,82052259.00,2.53,-1.58,-0.15,4.91
2017-01-11,9.31,9.32,9.45,9.22,54046,80526519.00,2.46,-0.21,-0.02,4.85
2017-01-12,9.28,9.09,9.37,9.05,42009,61894711.00,3.43,-2.47,-0.23,3.77
2017-01-13,9.01,8.68,9.06,8.66,76020,107955359.00,4.40,-4.51,-0.41,6.82
2017-01-16,8.65,8.12,8.67,7.98,75186,101243708.00,7.95,-6.45,-0.56,6.74
2017-01-17,8.08,8.19,8.28,7.91,48510,63781495.00,4.56,0.86,0.07,4.35
2017-01-18,8.13,8.03,8.15,8.00,37544,49121478.00,1.83,-1.95,-0.16,3.37
2017-01-19,7.95,8.04,8.21,7.53,51483,67253160.00,8.47,0.12,0.01,4.62
2017-01-20,7.98,8.35,8.66,7.96,62816,84296446.00,8.71,3.86,0.31,5.63
2017-01-23,8.35,8.34,8.53,8.31,36445,49489261.00,2.63,-0.12,-0.01,3.27
2017-01-24,8.36,8.28,8.49,8.24,38054,51403024.00,3.00,-0.72,-0.06,3.41
2017-01-25,8.24,8.36,8.45,8.24,33438,45105173.00,2.54,0.97,0.08,3.00
2017-01-26,8.33,8.53,8.61,8.33,50248,68966559.00,3.35,2.03,0.17,4.51
2017-02-03,8.55,8.38,8.55,8.29,23963,32427687.00,3.05,-1.76,-0.15,2.15
2017-02-06,8.36,8.54,8.56,8.36,37912,51727860.00,2.39,1.91,0.16,3.40
2017-02-07,8.50,8.46,8.64,8.38,37949,51971608.00,3.04,-0.94,-0.08,3.40
2017-02-08,8.38,8.73,8.75,8.28,70573,97089609.00,5.56,3.19,0.27,6.33
2017-02-09,8.64,8.70,8.86,8.62,48200,67650383.00,2.75,-0.34,-0.03,4.32
2017-02-10,8.71,8.98,9.23,8.69,130667,189692992.00,6.21,3.22,0.28,11.72
2017-02-13,9.40,9.61,9.99,9.21,234297,361282128.00,8.69,7.02,0.63,21.01
2017-02-14,9.79,9.50,9.82,9.20,161216,244875863.00,6.45,-1.14,-0.11,14.46
2017-02-15,9.38,10.21,10.56,9.35,421123,679406928.00,12.74,7.47,0.71,37.77
2017-02-16,10.24,10.59,11.28,10.03,471534,776318336.00,12.24,3.72,0.38,42.29
2017-02-17,10.32,9.96,10.84,9.93,291598,478403760.00,8.59,-5.95,-0.63,26.15
2017-02-20,9.82,11.07,11.07,9.70,161326,270973504.00,13.76,11.14,1.11,14.47
2017-02-21,12.28,12.12,12.28,11.68,667542,1269261568.00,5.42,9.49,1.05,59.87
2017-02-22,11.86,10.93,11.98,10.81,514109,904962160.00,9.65,-9.82,-1.19,46.11
2017-02-23,10.87,10.68,10.93,10.46,310412,523390144.00,4.30,-2.29,-0.25,27.84
2017-02-24,10.60,10.79,10.92,10.47,306936,517356176.00,4.21,1.03,0.11,27.53
2017-02-27,10.63,10.45,10.82,10.22,267945,444091904.00,5.56,-3.15,-0.34,24.03
2017-02-28,10.39,11.60,11.60,10.33,465696,821837744.00,12.15,11.00,1.15,41.77
2017-03-01,11.53,11.31,12.72,11.25,460037,849075920.00,12.67,-2.50,-0.29,41.26
2017-03-02,11.37,12.55,12.55,11.18,542929,1018370720.00,12.11,10.96,1.24,48.69
2017-03-03,12.23,11.85,12.71,11.80,459357,877543360.00,7.25,-5.58,-0.70,41.20
2017-03-06,11.61,11.84,12.29,11.30,310968,571852528.00,8.35,-0.08,-0.01,27.89
2017-03-07,11.72,12.34,12.57,11.65,335201,639285696.00,7.77,4.22,0.50,30.06
2017-03-08,12.14,12.51,12.91,11.93,386062,747339152.00,7.94,1.38,0.17,34.62
2017-03-09,12.45,12.93,13.60,12.29,393449,793667680.00,10.47,3.36,0.42,35.29
2017-03-10,12.71,12.42,12.98,12.03,310795,602764240.00,7.35,-3.94,-0.51,27.87
2017-03-13,12.31,12.18,12.49,12.01,175787,333159152.00,3.86,-1.93,-0.24,15.77
2017-03-14,12.16,12.03,12.32,11.91,175502,330212160.00,3.37,-1.23,-0.15,15.74
2017-03-15,12.12,12.12,12.40,12.00,172701,327677344.00,3.33,0.75,0.09,15.49
2017-03-16,12.02,12.68,12.98,12.02,312723,613371632.00,7.92,4.62,0.56,28.05
2017-03-17,12.42,11.73,12.53,11.72,323182,609265200.00,6.39,-7.49,-0.95,28.98
2017-03-20,11.55,11.78,11.99,11.55,138763,254772774.00,3.75,0.43,0.05,12.45
2017-03-21,11.76,11.61,11.76,11.42,127404,229856569.00,2.89,-1.44,-0.17,11.43
2017-03-22,11.50,11.40,11.53,11.30,107833,192253788.00,1.98,-1.81,-0.21,9.67
2017-03-23,11.40,11.49,11.58,11.18,116751,208786921.00,3.51,0.79,0.09,10.47
2017-03-24,11.41,11.24,11.49,11.10,106240,187650300.00,3.39,-2.18,-0.25,9.53
2017-03-27,11.19,11.23,11.47,10.96,98873,173922351.00,4.54,-0.09,-0.01,8.87
2017-03-28,11.19,11.38,11.40,11.04,101192,178739147.00,3.21,1.34,0.15,9.08
2017-03-29,11.31,10.86,11.40,10.83,116816,203447079.00,5.01,-4.57,-0.52,10.48
2017-03-30,10.68,10.56,10.78,10.47,102734,171789140.00,2.85,-2.76,-0.30,9.21
2017-03-31,10.63,11.73,11.73,10.53,324451,588534176.00,11.36,11.08,1.17,29.10
2017-04-05,11.49,11.07,11.51,10.45,279234,483970864.00,9.04,-5.63,-0.66,25.04
2017-04-06,10.83,11.12,11.21,10.83,137622,238948522.00,3.43,0.45,0.05,12.34
2017-04-07,11.02,10.99,11.43,10.98,176293,310408032.00,4.05,-1.17,-0.13,15.81
2017-04-10,10.80,11.09,11.38,10.59,168640,290541936.00,7.19,0.91,0.10,15.12
2017-04-11,10.93,11.58,11.78,10.88,294143,526765328.00,8.12,4.42,0.49,26.38
2017-04-12,11.42,11.44,11.77,11.31,189892,343410800.00,3.97,-1.21,-0.14,17.03
2017-04-13,11.37,11.27,11.70,11.23,115092,205791383.00,4.11,-1.49,-0.17,10.32
2017-04-14,11.20,10.95,11.32,10.84,105585,182918289.00,4.26,-2.84,-0.32,9.47
2017-04-17,10.11,10.53,10.78,10.06,126415,208697828.00,6.58,-3.84,-0.42,11.34
2017-04-18,10.36,10.72,10.98,10.36,90076,150662342.00,5.89,1.80,0.19,8.08
2017-04-19,10.67,11.15,11.35,10.58,132427,229836044.00,7.18,4.01,0.43,11.88
2017-04-20,11.09,10.76,11.15,10.60,86880,148234466.00,4.93,-3.50,-0.39,7.79
2017-04-21,10.72,10.68,10.99,10.60,48300,82094154.00,3.62,-0.74,-0.08,4.33
2017-04-24,10.61,10.97,11.27,10.40,104658,178760280.00,8.15,2.72,0.29,9.39
2017-04-25,11.05,11.48,11.63,10.95,187742,334024720.00,6.20,4.65,0.51,16.84
2017-04-26,11.47,11.70,12.19,11.37,233570,432228400.00,7.14,1.92,0.22,20.95
2017-04-27,11.54,11.75,12.24,11.54,229590,427341200.00,5.98,0.43,0.05,20.59
2017-04-28,11.82,11.67,11.92,11.44,125961,229265141.00,4.09,-0.68,-0.08,11.30
2017-05-02,11.58,11.77,11.80,11.28,143956,261186983.00,4.46,0.86,0.10,12.91
2017-05-03,11.63,11.45,12.11,11.40,189474,347586208.00,6.03,-2.72,-0.32,16.99
2017-05-04,11.30,12.70,12.70,10.61,486452,916950192.00,18.25,10.92,1.25,43.63
2017-05-05,12.84,12.27,13.39,12.00,505186,1005094064.00,10.94,-3.39,-0.43,45.31
2017-05-08,12.17,12.49,12.90,12.03,362281,705109056.00,7.09,1.79,0.22,32.49
2017-05-09,12.84,13.08,13.61,12.38,519774,1048097264.00,9.85,4.72,0.59,46.62
2017-05-10,12.52,14.07,14.50,12.52,639458,1354824976.00,15.14,7.57,0.99,57.35
2017-05-11,13.43,12.65,13.61,12.56,537687,1072039664.00,7.46,-10.09,-1.42,48.22
2017-05-12,12.42,12.86,13.25,12.21,355613,709560928.00,8.22,1.66,0.21,31.89
2017-05-15,12.75,12.99,13.47,12.63,287319,577937024.00,6.53,1.01,0.13,25.77
2017-05-16,12.94,12.80,13.17,12.35,269319,530721904.00,6.31,-1.46,-0.19,24.15
2017-05-17,12.62,12.27,12.66,12.14,219447,422102768.00,4.06,-4.14,-0.53,19.68
2017-05-18,12.01,10.93,12.14,10.93,296335,530307168.00,9.86,-10.92,-1.34,26.58
2017-05-19,10.61,10.75,11.12,10.40,162089,274417904.00,6.59,-1.65,-0.18,14.54
2017-05-22,10.75,10.61,10.98,10.52,96331,162465700.00,4.28,-1.30,-0.14,8.64
2017-05-23,10.49,9.52,10.61,9.48,152305,244856285.00,10.65,-10.27,-1.09,13.66
2017-05-24,9.59,9.45,9.68,9.01,126740,188273651.00,7.04,-0.74,-0.07,11.37
2017-05-25,9.48,10.14,10.41,9.48,175192,278376080.00,9.84,7.30,0.69,15.71
2017-05-26,10.04,9.96,10.11,9.79,113796,179403320.00,3.16,-1.78,-0.18,10.21
2017-05-31,10.11,10.02,10.38,9.92,95613,153656984.00,4.62,0.60,0.06,8.58
2017-06-01,9.98,9.91,10.28,9.87,106829,170697183.00,4.09,-1.10,-0.11,9.58
2017-06-02,9.76,9.92,10.05,9.28,79720,122714908.00,7.77,0.10,0.01,7.15
2017-06-05,9.92,9.91,10.00,9.74,49843,78167282.00,2.62,-0.10,-0.01,4.47
2017-06-06,9.88,9.75,9.90,9.60,53681,83051566.00,3.03,-1.61,-0.16,4.81
2017-06-07,9.76,10.44,10.51,9.72,164088,265146749.00,8.10,7.08,0.69,14.72
2017-06-08,10.31,10.18,10.38,10.15,89049,143833454.00,2.20,-2.49,-0.26,7.99
2017-06-09,10.21,10.12,10.32,10.05,62185,99757929.00,2.65,-0.59,-0.06,5.58
2017-06-12,10.07,9.97,10.26,9.90,73328,117042575.00,3.56,-1.48,-0.15,6.58
2017-06-13,9.89,10.02,10.15,9.84,54303,86117194.00,3.11,0.50,0.05,4.87
2017-06-14,10.02,9.98,10.11,9.94,50442,79942458.00,1.70,-0.40,-0.04,4.52
2017-06-15,9.95,10.12,10.36,9.95,111400,178959731.00,4.11,1.40,0.14,9.99
2017-06-16,10.04,9.99,10.08,9.96,53012,84036383.00,1.19,-1.28,-0.13,4.75
2017-06-19,10.05,10.03,10.09,9.97,36232,57482584.00,1.20,0.40,0.04,3.25
2017-06-20,10.11,10.04,10.11,9.97,48207,76547387.00,1.40,0.10,0.01,4.32
2017-06-21,10.09,9.97,10.12,9.89,43686,69100147.00,2.29,-0.70,-0.07,3.92
2017-06-22,9.93,9.91,10.18,9.90,88217,140487925.00,2.81,-0.60,-0.06,7.91
2017-06-23,9.84,9.65,9.89,9.41,86615,132613484.00,4.84,-2.62,-0.26,7.77
2017-06-26,9.61,9.66,9.72,9.54,49753,76220701.00,1.87,0.10,0.01,4.46
2017-06-27,9.67,9.68,9.80,9.62,46335,71399780.00,1.86,0.21,0.02,4.16
2017-06-28,9.72,9.81,9.95,9.72,70929,110736551.00,2.38,1.34,0.13,6.36
2017-06-29,9.82,9.70,9.83,9.69,41094,63515634.00,1.43,-1.12,-0.11,3.69
2017-06-30,9.62,9.72,9.79,9.59,31668,48785243.00,2.06,0.21,0.02,2.84
2017-07-03,9.76,9.79,9.82,9.70,35267,54761589.00,1.23,0.72,0.07,3.16
2017-07-04,9.83,9.87,10.02,9.78,47279,56764209.00,2.45,0.82,0.08,3.26
2017-07-05,9.86,9.74,9.86,9.64,69174,82023562.00,2.23,-1.32,-0.13,4.77
2017-07-06,9.73,9.62,9.79,9.59,75312,88651176.00,2.05,-1.23,-0.12,5.20
2017-07-07,9.68,9.64,9.76,9.60,65485,77004458.00,1.66,0.21,0.02,4.52
2017-07-10,9.65,9.58,9.68,9.44,64208,74837713.00,2.49,-0.62,-0.06,4.43
2017-07-11,9.53,9.54,9.65,9.49,63572,74236253.00,1.67,-0.42,-0.04,4.39
2017-07-12,9.54,9.54,9.63,9.44,63409,73664285.00,1.99,0.00,0.00,4.37
2017-07-13,9.51,9.59,9.64,9.42,76198,88637229.00,2.31,0.52,0.05,5.26
2017-07-14,9.59,9.49,9.62,9.47,40118,46624222.00,1.56,-1.04,-0.10,2.77
2017-07-17,9.51,9.26,9.75,8.78,130104,150235504.00,10.22,-2.42,-0.23,8.98
2017-07-18,9.08,9.17,9.21,9.03,63078,70569658.00,1.94,-0.97,-0.09,4.35
2017-07-19,9.18,9.24,9.28,9.09,56303,63372974.00,2.07,0.76,0.07,3.88
2017-07-20,9.26,9.33,9.48,9.20,71881,82044253.00,3.03,0.97,0.09,4.96
2017-07-21,9.33,9.18,9.35,9.14,51336,57957364.00,2.25,-1.61,-0.15,3.54
2017-07-24,9.14,9.17,9.24,9.06,46175,51709002.00,1.96,-0.11,-0.01,3.19
2017-07-25,9.14,9.09,9.24,9.06,41139,46040086.00,1.96,-0.87,-0.08,2.84
2017-07-26,9.05,8.87,9.14,8.82,58738,64691367.00,3.52,-2.42,-0.22,4.05
2017-07-27,8.84,8.95,9.01,8.66,64845,70473502.00,3.95,0.90,0.08,4.47
2017-07-28,8.93,8.82,8.93,8.79,35659,38753670.00,1.56,-1.45,-0.13,2.46
2017-07-31,8.79,8.75,8.84,8.74,39733,42886631.00,1.13,-0.79,-0.07,2.74
2017-08-01,8.75,9.25,9.46,8.70,151665,171326938.00,8.69,5.71,0.50,10.46
2017-08-02,9.10,9.44,9.58,9.10,171927,196833098.00,5.19,2.05,0.19,11.86
2017-08-03,9.40,9.24,9.41,9.17,84747,96278395.00,2.54,-2.12,-0.20,5.85
2017-08-04,9.24,9.18,9.45,9.17,65935,75037866.00,3.03,-0.65,-0.06,4.55
2017-08-07,9.18,9.24,9.35,9.11,38724,43676405.00,2.61,0.65,0.06,2.67
2017-08-08,9.24,9.16,9.24,9.09,44972,50362234.00,1.62,-0.87,-0.08,3.10
2017-08-09,9.14,9.00,9.14,8.98,45573,50503848.00,1.75,-1.75,-0.16,3.14
2017-08-10,8.99,9.11,9.32,8.99,71068,79764757.00,3.67,1.22,0.11,4.90
2017-08-11,8.97,8.83,9.09,8.81,58731,64338521.00,3.07,-3.07,-0.28,4.05
2017-08-14,8.79,8.98,9.00,8.79,44896,49288146.00,2.38,1.70,0.15,3.10
2017-08-15,8.97,9.14,9.29,8.94,71846,80577340.00,3.90,1.78,0.16,4.96
2017-08-16,9.06,9.13,9.16,8.97,52505,58320494.00,2.08,-0.11,-0.01,3.62
2017-08-17,9.11,9.14,9.21,9.08,50554,56529457.00,1.42,0.11,0.01,3.49
2017-08-18,9.06,9.08,9.17,9.03,37960,42347701.00,1.53,-0.66,-0.06,2.62
2017-08-21,9.11,9.23,9.24,9.06,40828,45720502.00,1.98,1.65,0.15,2.82
2017-08-22,9.24,9.21,9.33,9.12,66506,75014832.00,2.28,-0.22,-0.02,4.59
2017-08-23,9.20,9.26,9.39,9.14,78372,88927646.00,2.71,0.54,0.05,5.41
2017-08-24,9.25,9.07,9.37,9.06,66137,74340204.00,3.35,-2.05,-0.19,4.56
2017-08-25,9.08,9.22,9.25,9.05,65790,73987493.00,2.21,1.65,0.15,4.54
2017-08-28,9.24,9.70,10.04,9.22,245670,288438768.00,8.89,5.21,0.48,16.95
2017-08-29,9.69,9.56,9.86,9.52,121347,142782650.00,3.51,-1.44,-0.14,8.37
2017-08-30,9.54,9.61,9.74,9.53,84184,98676217.00,2.20,0.52,0.05,5.81
2017-08-31,9.60,9.92,10.02,9.59,181905,217610250.00,4.47,3.23,0.31,12.55
2017-09-01,9.86,10.17,10.19,9.76,174490,210760718.00,4.33,2.52,0.25,12.04
2017-09-04,10.14,9.98,10.14,9.90,125222,151829305.00,2.36,-1.87,-0.19,8.64
2017-09-05,9.98,9.84,10.01,9.79,83714,100636836.00,2.20,-1.40,-0.14,5.78
2017-09-06,9.83,9.75,9.83,9.68,62692,74361985.00,1.52,-0.91,-0.09,4.33
2017-09-07,9.78,9.71,9.81,9.68,55802,66107240.00,1.33,-0.41,-0.04,3.85
2017-09-08,9.74,9.62,9.76,9.55,56155,66021447.00,2.16,-0.93,-0.09,3.87
2017-09-11,9.55,9.64,9.74,9.55,47571,55964580.00,1.98,0.21,0.02,3.28
2017-09-12,9.67,9.54,9.71,9.48,77094,89846907.00,2.39,-1.04,-0.10,5.32
2017-09-13,9.54,9.63,9.68,9.44,86308,100712575.00,2.52,0.94,0.09,5.95
2017-09-14,9.52,9.54,9.62,9.47,51774,60180913.00,1.56,-0.93,-0.09,3.57
2017-09-15,9.44,9.52,9.68,9.44,62117,72498436.00,2.52,-0.21,-0.02,4.29
2017-09-18,9.51,9.46,9.56,9.40,68823,79571805.00,1.68,-0.63,-0.06,4.75
2017-09-19,9.47,9.56,9.63,9.47,74366,86702096.00,1.69,1.06,0.10,5.13
2017-09-20,9.53,9.49,9.53,9.38,68445,78815228.00,1.57,-0.73,-0.07,4.72
2017-09-21,9.44,9.42,9.55,9.39,52190,60244887.00,1.69,-0.74,-0.07,3.60
2017-09-22,9.39,9.19,9.47,9.17,66919,76109888.00,3.18,-2.44,-0.23,4.62
2017-09-25,9.10,8.78,9.10,8.74,99686,108828864.00,3.92,-4.46,-0.41,6.88
2017-09-26,8.79,8.69,8.82,8.56,74138,79186805.00,2.96,-1.03,-0.09,5.11
2017-09-27,8.60,8.69,8.72,8.52,45857,48783560.00,2.30,0.00,0.00,3.16
2017-09-28,8.75,8.54,8.75,8.52,44412,47144962.00,2.65,-1.73,-0.15,3.06
2017-09-29,8.50,8.54,8.69,8.50,41506,44000899.00,2.22,0.00,0.00,2.86
2017-10-09,9.00,8.76,9.09,8.72,103430,112852527.00,4.33,2.58,0.22,7.14
2017-10-10,8.64,8.78,8.81,8.60,52452,56177967.00,2.40,0.23,0.02,3.62
2017-10-11,8.78,8.74,8.81,8.69,42962,46242508.00,1.37,-0.46,-0.04,2.96
2017-10-12,8.76,8.66,8.76,8.60,42065,44915181.00,1.83,-0.92,-0.08,2.90
2017-10-13,8.67,8.70,8.72,8.62,35478,37958289.00,1.15,0.46,0.04,2.45
2017-10-16,8.73,8.71,8.78,8.64,61286,65690062.00,1.61,0.11,0.01,4.23
2017-10-17,8.72,8.59,8.73,8.54,48727,51627925.00,2.18,-1.38,-0.12,3.36
2017-10-18,8.56,8.51,8.69,8.49,39283,41561181.00,2.33,-0.93,-0.08,2.71
2017-10-19,8.49,8.11,8.50,8.07,85156,86711502.00,5.05,-4.70,-0.40,5.87
2017-10-20,8.09,8.19,8.20,7.87,46666,46621160.00,4.07,0.99,0.08,3.22
2017-10-23,8.17,8.14,8.20,8.08,30212,30511876.00,1.47,-0.61,-0.05,2.08
2017-10-24,8.17,8.07,8.17,8.01,32525,32620696.00,1.97,-0.86,-0.07,2.24
2017-10-25,8.09,8.17,8.30,8.01,50077,50818397.00,3.59,1.24,0.10,3.45
2017-10-26,8.17,8.17,8.21,8.05,39329,39744713.00,1.96,0.00,0.00,2.71
2017-10-27,8.17,8.35,8.45,8.15,118122,121966205.00,3.67,2.20,0.18,8.15
2017-10-30,8.28,7.98,8.30,7.94,96266,96063631.00,4.31,-4.43,-0.37,6.64
2017-10-31,7.99,7.98,8.03,7.89,40274,39825946.00,1.75,0.00,0.00,2.78
2017-11-01,7.93,7.93,7.98,7.88,40346,39760585.00,1.25,-0.63,-0.05,2.78
2017-11-02,7.94,7.88,7.98,7.84,38186,37498007.00,1.77,-0.63,-0.05,2.63
2017-11-03,7.83,7.70,7.86,7.64,57026,55209469.00,2.79,-2.28,-0.18,3.93
2017-11-06,7.60,7.66,7.73,7.58,34215,32636837.00,1.95,-0.52,-0.04,2.36
2017-11-07,7.64,7.92,8.03,7.60,77690,76000389.00,5.61,3.39,0.26,5.36
2017-11-08,7.92,7.89,8.00,7.81,57879,56812852.00,2.40,-0.38,-0.03,3.99
2017-11-09,7.85,7.82,7.94,7.75,36684,35783077.00,2.41,-0.89,-0.07,2.53
2017-11-10,7.81,7.74,7.83,7.71,33556,32466885.00,1.53,-1.02,-0.08,2.31
2017-11-13,7.78,8.63,8.63,7.75,336028,352688128.00,11.37,11.50,0.89,23.18
2017-11-14,8.63,8.46,8.63,8.35,239754,251069048.00,3.24,-1.97,-0.17,16.54
2017-11-15,8.37,8.35,8.64,8.33,210490,220865744.00,3.66,-1.30,-0.11,14.52
2017-11-16,8.21,7.92,8.21,7.80,211247,208683479.00,4.91,-5.15,-0.43,14.57
2017-11-17,7.78,8.19,8.63,7.78,307407,314997168.00,10.73,3.41,0.27,21.21
2017-11-20,7.90,7.64,8.03,7.27,218370,207752113.00,9.28,-6.72,-0.55,15.07
2017-11-21,7.46,7.46,7.66,7.34,146839,137954574.00,4.19,-2.36,-0.18,10.13
2017-11-22,7.37,7.52,7.61,7.34,119853,112688319.00,3.62,0.80,0.06,8.27
2017-11-23,7.41,7.03,7.44,6.98,168001,151966573.00,6.12,-6.52,-0.49,11.59
2017-11-24,6.78,6.70,6.92,6.66,115097,98775359.00,3.70,-4.69,-0.33,7.94
2017-11-27,6.58,6.40,6.58,6.36,92409,75873466.00,3.28,-4.48,-0.30,6.38
2017-11-28,6.39,6.50,6.57,6.34,78434,64923502.00,3.59,1.56,0.10,5.41
2017-11-29,6.34,6.80,7.05,6.24,404642,335778784.00,12.46,4.62,0.30,6.67
2017-11-30,6.58,6.99,7.24,6.51,366363,316635936.00,10.74,2.79,0.19,6.04
2017-12-01,6.87,6.77,6.99,6.72,241771,210110180.00,3.86,-3.15,-0.22,3.98
2017-12-04,6.76,6.64,6.80,6.50,129890,109772717.00,4.43,-1.92,-0.13,2.14
2017-12-05,6.60,6.56,6.72,6.51,124238,104307541.00,3.16,-1.20,-0.08,2.05
2017-12-06,6.57,6.63,6.64,6.48,97322,81343990.00,2.44,1.07,0.07,1.60
2017-12-07,6.62,6.54,6.71,6.51,105832,88810506.00,3.02,-1.36,-0.09,1.74
2017-12-08,6.54,6.60,6.67,6.45,96596,80904343.00,3.36,0.92,0.06,1.59
2017-12-11,6.59,6.64,6.67,6.55,87306,73510024.00,1.82,0.61,0.04,1.44
2017-12-12,6.62,6.40,6.66,6.37,133577,110863393.00,4.37,-3.61,-0.24,2.20
2017-12-13,6.37,6.46,6.49,6.34,92234,75740652.00,2.34,0.94,0.06,1.52
2017-12-14,6.45,6.45,6.54,6.44,53439,44197860.00,1.55,-0.15,-0.01,0.88
2017-12-15,6.44,6.39,6.44,6.34,64660,52757296.00,1.55,-0.93,-0.06,1.07
2017-12-18,6.38,6.30,6.44,6.28,59497,48260423.00,2.50,-1.41,-0.09,0.98
2017-12-19,6.34,6.60,6.74,6.32,200941,167355674.00,6.67,4.76,0.30,3.31
2017-12-20,6.53,6.37,6.54,6.35,121214,99465541.00,2.88,-3.48,-0.23,2.00
2017-12-21,6.34,6.40,6.54,6.30,95667,78422387.00,3.77,0.47,0.03,1.58
2017-12-22,6.35,6.37,6.39,6.31,82772,67184172.00,1.25,-0.47,-0.03,1.36
2017-12-25,6.34,6.33,6.41,6.31,67514,54853134.00,1.57,-0.63,-0.04,1.11
2017-12-26,6.33,6.41,6.51,6.29,145972,119968734.00,3.48,1.26,0.08,2.41
2017-12-27,6.37,6.36,6.44,6.34,89950,73359022.00,1.56,-0.78,-0.05,1.48
2017-12-28,6.34,6.45,6.62,6.34,176327,145792970.00,4.40,1.42,0.09,2.91
2017-12-29,6.40,6.44,6.48,6.37,99289,81451207.00,1.71,-0.16,-0.01,1.64
2018-01-02,6.46,6.50,6.54,6.44,88565,73397943.00,1.55,0.93,0.06,1.46
2018-01-03,6.50,6.68,6.69,6.44,228732,191722540.00,3.85,2.77,0.18,3.77
2018-01-04,6.67,6.90,7.22,6.65,497414,433826688.00,8.53,3.29,0.22,8.20
2018-01-05,6.78,6.79,6.85,6.74,193046,166273853.00,1.59,-1.59,-0.11,3.18
2018-01-08,6.75,6.81,6.90,6.74,142024,122515336.00,2.36,0.29,0.02,2.34
2018-01-09,6.78,6.74,6.89,6.67,139610,119978334.00,3.23,-1.03,-0.07,2.30
2018-01-10,6.73,6.82,6.83,6.69,146174,125238287.00,2.08,1.19,0.08,2.41
2018-01-11,6.83,6.76,6.92,6.74,150991,130370902.00,2.64,-0.88,-0.06,2.49
2018-01-12,6.75,6.65,6.80,6.64,117323,99985731.00,2.37,-1.63,-0.11,1.93
2018-01-15,6.64,6.66,6.77,6.56,131304,111690456.00,3.16,0.15,0.01,2.16
2018-01-16,6.64,6.72,6.72,6.59,103120,87274210.00,1.95,0.90,0.06,1.70
2018-01-17,6.71,6.90,7.18,6.70,297383,261692289.00,7.14,2.68,0.18,4.90
2018-01-18,6.89,7.24,7.28,6.81,518102,465151904.00,6.81,4.93,0.34,8.54
2018-01-19,7.28,7.74,8.04,7.14,791166,759006048.00,12.43,6.91,0.50,13.04
2018-01-22,7.48,7.40,7.74,7.35,482805,452801008.00,5.04,-4.39,-0.34,7.95
2018-01-23,7.30,8.24,8.24,7.20,1242648,1243734960.00,14.05,11.35,0.84,20.47
2018-01-24,8.14,8.18,8.44,7.96,966519,980084464.00,5.83,-0.73,-0.06,15.92
2018-01-25,8.00,7.77,8.04,7.74,561662,550323584.00,3.67,-5.01,-0.41,9.25
2018-01-26,7.77,7.75,7.97,7.71,384181,375055088.00,3.35,-0.26,-0.02,6.33
2018-01-29,7.65,7.50,7.90,7.43,431831,413698704.00,6.06,-3.23,-0.25,7.12
2018-01-30,7.51,7.57,7.66,7.34,302041,284047504.00,4.27,0.93,0.07,4.98
2018-01-31,7.51,7.50,7.69,7.41,316598,299304528.00,3.70,-0.92,-0.07,5.22
2018-02-01,7.52,6.81,7.55,6.78,402719,361327568.00,10.27,-9.20,-0.69,6.64
2018-02-02,6.65,6.75,6.83,6.50,222735,189680978.00,4.85,-0.88,-0.06,3.67
2018-02-05,6.60,7.06,7.09,6.56,262502,230725653.00,7.85,4.59,0.31,4.33
2018-02-06,6.88,7.15,7.78,6.86,539287,495876160.00,13.03,1.27,0.09,8.89
2018-02-07,7.44,7.25,7.60,7.06,443012,407718080.00,7.55,1.40,0.10,7.30
2018-02-08,7.10,6.94,7.16,6.84,321326,282660128.00,4.41,-4.28,-0.31,5.29
2018-02-09,6.73,6.45,6.77,6.30,273902,228063388.00,6.77,-7.06,-0.49,4.51
2018-02-12,6.54,6.53,6.68,6.37,172314,143301746.00,4.81,1.24,0.08,2.84
2018-02-13,6.58,6.54,6.71,6.52,164288,138200076.00,2.91,0.15,0.01,2.71
2018-02-14,6.47,6.49,6.59,6.46,91058,75703342.00,1.99,-0.76,-0.05,1.50
2018-02-22,6.60,6.66,6.67,6.54,117832,99245140.00,2.00,2.62,0.17,1.94
2018-02-23,6.65,6.70,6.71,6.60,113996,96604310.00,1.65,0.60,0.04,1.88
2018-02-26,6.71,6.88,6.91,6.63,187947,161527236.00,4.18,2.69,0.18,3.10
2018-02-27,6.85,6.84,7.01,6.79,186542,162355387.00,3.20,-0.58,-0.04,3.07
2018-02-28,6.78,6.79,6.83,6.60,132755,113330689.00,3.36,-0.73,-0.05,2.19
2018-03-01,6.73,6.84,6.92,6.71,144086,124411327.00,3.09,0.74,0.05,2.37
2018-03-02,6.77,6.86,6.96,6.74,175146,152005647.00,3.22,0.29,0.02,2.89
2018-03-05,6.87,6.75,6.91,6.73,129243,111136604.00,2.62,-1.60,-0.11,2.13
2018-03-06,6.78,6.86,6.87,6.65,172818,148758661.00,3.26,1.63,0.11,2.85
2018-03-07,6.94,6.75,7.03,6.74,216315,189109161.00,4.23,-1.60,-0.11,3.56
2018-03-08,6.67,6.72,6.75,6.64,119367,101735442.00,1.63,-0.44,-0.03,1.97
2018-03-09,6.73,6.76,6.77,6.69,113699,97117884.00,1.19,0.60,0.04,1.87
2018-03-12,6.75,6.84,6.84,6.69,197097,169430341.00,2.22,1.18,0.08,3.25
2018-03-13,6.80,6.80,6.98,6.77,209447,182167049.00,3.07,-0.58,-0.04,3.45
2018-03-14,6.74,6.64,6.77,6.62,144480,122680698.00,2.21,-2.35,-0.16,2.38
2018-03-15,6.60,6.47,6.62,6.42,139753,116018468.00,3.01,-2.56,-0.17,2.30
2018-03-16,6.51,6.46,6.54,6.45,63465,52621427.00,1.39,-0.15,-0.01,1.05
2018-03-19,6.49,6.47,6.50,6.44,62451,51536769.00,0.93,0.15,0.01,1.03
2018-03-20,6.44,6.48,6.51,6.35,80477,66100578.00,2.47,0.15,0.01,1.33
2018-03-21,6.48,6.48,6.60,6.45,103958,86478835.00,2.31,0.00,0.00,1.71
2018-03-22,6.47,6.40,6.51,6.39,70709,58052935.00,1.85,-1.23,-0.08,1.17
2018-03-23,6.24,5.80,6.24,5.65,194739,150088640.00,9.22,-9.38,-0.60,3.21
2018-03-26,5.66,5.90,5.90,5.62,103157,77128569.00,4.83,1.72,0.10,1.70
2018-03-27,5.95,5.97,6.04,5.91,95835,73836412.00,2.20,1.19,0.07,1.58
2018-03-28,5.87,6.09,6.48,5.83,156965,124390261.00,10.89,2.01,0.12,2.59
2018-03-29,6.03,6.16,6.22,6.01,106352,83830651.00,3.45,1.15,0.07,1.75
2018-03-30,6.10,6.12,6.19,6.07,79745,62774662.00,1.95,-0.65,-0.04,1.31
2018-04-02,6.12,6.01,6.18,5.99,86925,68169144.00,3.10,-1.80,-0.11,1.43
2018-04-03,5.96,5.88,5.96,5.84,73175,55843626.00,2.00,-2.16,-0.13,1.21
2018-04-04,5.94,5.92,6.10,5.90,68927,53109259.00,3.40,0.68,0.04,1.14
2018-04-09,5.91,5.97,5.97,5.81,74029,56459653.00,2.70,0.84,0.05,1.22
2018-04-10,5.97,6.12,6.13,5.92,111310,86554307.00,3.52,2.51,0.15,1.83
2018-04-11,6.14,6.12,6.21,6.05,113554,89487001.00,2.61,0.00,0.00,1.87
2018-04-12,6.11,6.04,6.14,6.00,85224,66607743.00,2.29,-1.31,-0.08,1.40
2018-04-13,6.10,5.96,6.11,5.95,60331,46841993.00,2.65,-1.32,-0.08,0.99
2018-04-16,5.94,5.83,5.97,5.82,64079,48701813.00,2.52,-2.18,-0.13,1.06
2018-04-17,5.84,5.84,5.97,5.78,78516,59868950.00,3.26,0.17,0.01,1.29
2018-04-18,6.01,5.94,6.08,5.80,112822,86710774.00,4.79,1.71,0.10,1.86
2018-04-19,5.87,5.89,5.95,5.85,74687,56970157.00,1.68,-0.84,-0.05,1.23
2018-04-20,5.88,5.64,5.89,5.63,96145,71516324.00,4.41,-4.24,-0.25,1.58
2018-04-23,5.65,5.67,5.70,5.61,59198,43565283.00,1.60,0.53,0.03,0.98
2018-04-24,5.66,5.81,5.92,5.65,84654,63629957.00,4.76,2.47,0.14,1.39
2018-04-25,5.81,5.74,5.82,5.72,53454,39833935.00,1.72,-1.20,-0.07,0.88
2018-04-26,5.75,5.60,5.77,5.60,72520,53354452.00,2.96,-2.44,-0.14,1.19
2018-04-27,5.61,5.65,5.69,5.61,51502,37865901.00,1.43,0.89,0.05,0.85
2018-05-02,5.69,5.63,5.72,5.56,71953,52736565.00,2.83,-0.35,-0.02,1.19
2018-05-03,5.62,5.68,5.70,5.57,63204,46471151.00,2.31,0.89,0.05,1.04
2018-05-04,5.68,5.60,5.69,5.60,42514,31252764.00,1.58,-1.41,-0.08,0.70
2018-05-07,5.64,5.70,5.71,5.61,66741,49322263.00,1.79,1.79,0.10,1.10
2018-05-08,5.70,5.75,5.78,5.68,76430,56902646.00,1.75,0.88,0.05,1.26
2018-05-09,5.74,5.71,5.74,5.68,52367,38813058.00,1.04,-0.70,-0.04,0.86
2018-05-10,5.72,5.72,5.74,5.67,53913,40006857.00,1.23,0.18,0.01,0.89
2018-05-11,5.74,5.69,5.76,5.66,59924,44521500.00,1.75,-0.52,-0.03,0.99
2018-05-14,5.69,5.75,5.83,5.66,84177,62825109.00,2.99,1.05,0.06,1.39
2018-05-15,5.74,5.74,5.75,5.67,54683,40605432.00,1.39,-0.17,-0.01,0.90
2018-05-16,5.71,5.66,5.74,5.65,50974,37684956.00,1.57,-1.39,-0.08,0.84
2018-05-17,5.67,5.66,5.71,5.65,30073,22204811.00,1.06,0.00,0.00,0.50
2018-05-18,5.68,5.71,5.73,5.64,60210,44523519.00,1.59,0.88,0.05,0.99
2018-05-21,5.72,5.84,5.84,5.70,122739,92114690.00,2.45,2.28,0.13,2.02
2018-05-22,5.80,5.93,5.93,5.74,144509,109293269.00,3.25,1.54,0.09,2.38
2018-05-23,5.87,5.81,5.91,5.80,78298,59375036.00,1.85,-2.02,-0.12,1.29
2018-05-24,5.79,5.74,5.84,5.74,69305,52024966.00,1.72,-1.20,-0.07,1.14
2018-05-25,5.74,5.68,5.80,5.66,52250,38909584.00,2.44,-1.05,-0.06,0.86
2018-05-28,5.70,5.64,5.71,5.62,47855,35172210.00,1.58,-0.70,-0.04,0.79
2018-05-29,5.64,5.67,5.68,5.58,57510,42180205.00,1.77,0.53,0.03,0.95
2018-05-30,5.58,5.61,5.73,5.50,123630,90511483.00,4.06,-1.06,-0.06,2.04
2018-05-31,5.62,5.71,5.72,5.59,88142,64816578.00,2.32,1.78,0.10,1.45
2018-06-01,5.69,5.51,5.69,5.48,116825,83146123.00,3.68,-3.50,-0.20,1.92
2018-06-04,5.55,5.43,5.57,5.42,61215,43027902.00,2.72,-1.45,-0.08,1.01
2018-06-05,5.42,5.41,5.45,5.29,75144,51885578.00,2.95,-0.37,-0.02,1.24
2018-06-06,5.38,5.43,5.44,5.33,56395,39003854.00,2.03,0.37,0.02,0.93
2018-06-07,5.40,5.38,5.47,5.37,55696,38765320.00,1.84,-0.92,-0.05,0.92
2018-06-08,5.32,5.22,5.34,5.15,72101,48800910.00,3.53,-2.97,-0.16,1.19
2018-06-11,5.17,5.21,5.24,5.17,39600,26626213.00,1.34,-0.19,-0.01,0.65
2018-06-12,5.21,5.25,5.27,5.18,36863,24888582.00,1.73,0.77,0.04,0.61
2018-06-13,5.25,5.06,5.25,5.04,52509,34978745.00,4.00,-3.62,-0.19,0.87
2018-06-14,5.04,5.07,5.15,5.04,52687,34694952.00,2.17,0.20,0.01,0.87
2018-06-15,5.08,5.06,5.13,5.04,59951,39492834.00,1.78,-0.20,-0.01,0.99
2018-06-19,5.02,4.50,5.02,4.47,112651,69834914.00,10.87,-11.07,-0.56,1.86
2018-06-20,4.51,4.58,4.63,4.50,73919,44457119.00,2.89,1.78,0.08,1.22
2018-06-21,4.56,4.51,4.68,4.49,74031,44583666.00,4.15,-1.53,-0.07,1.22
2018-06-22,4.50,4.64,4.65,4.47,70817,42779090.00,3.99,2.88,0.13,1.17
2018-06-25,4.72,4.59,4.75,4.56,62417,38208631.00,4.09,-1.08,-0.05,1.03
2018-06-26,4.53,4.62,4.65,4.49,51641,31106351.00,3.49,0.65,0.03,0.85
2018-06-27,4.62,4.64,4.84,4.61,93614,57622494.00,4.98,0.43,0.02,1.54
2018-06-28,4.62,4.62,4.73,4.58,73727,44999780.00,3.23,-0.43,-0.02,1.21
2018-06-29,4.62,4.71,4.72,4.59,98058,60185402.00,2.81,1.95,0.09,1.62
2018-07-02,4.69,4.55,4.70,4.51,76854,46565125.00,4.03,-3.40,-0.16,1.27
2018-07-03,4.55,4.64,4.66,4.53,61011,36862679.00,2.86,1.98,0.09,1.01
2018-07-04,4.63,4.59,4.68,4.55,65939,39959150.00,2.80,-1.08,-0.05,1.09
2018-07-05,4.57,4.47,4.62,4.47,53898,32135194.00,3.27,-2.61,-0.12,0.89
2018-07-06,4.49,4.42,4.51,4.31,69319,40681785.00,4.47,-1.12,-0.05,1.14
2018-07-09,4.42,4.53,4.54,4.42,61091,36251741.00,2.71,2.49,0.11,1.01
2018-07-10,4.54,4.53,4.56,4.48,48417,28842504.00,1.77,0.00,0.00,0.80
2018-07-11,4.44,4.36,4.44,4.28,65754,38086227.00,3.53,-3.75,-0.17,1.08
2018-07-12,4.35,4.46,4.50,4.34,70861,41698594.00,3.67,2.29,0.10,1.17
2018-07-13,4.49,4.45,4.51,4.44,43279,25519315.00,1.57,-0.22,-0.01,0.71
2018-07-16,4.44,4.40,4.45,4.39,40678,23756341.00,1.35,-1.12,-0.05,0.67
2018-07-17,4.42,4.45,4.45,4.39,38949,22792435.00,1.36,1.14,0.05,0.64
2018-07-18,4.43,4.39,4.50,4.38,46767,27438817.00,2.70,-1.35,-0.06,0.77
2018-07-19,4.37,4.35,4.43,4.34,33814,19642111.00,2.05,-0.91,-0.04,0.56
2018-07-20,4.36,4.88,4.88,4.30,287874,178592876.00,13.33,12.18,0.53,4.74
2018-07-23,4.87,5.07,5.25,4.75,570524,371543600.00,10.25,3.89,0.19,9.40
2018-07-24,4.94,4.97,5.12,4.90,365223,237003594.00,4.34,-1.97,-0.10,6.02
2018-07-25,4.93,4.96,5.01,4.90,194762,125161476.00,2.21,-0.20,-0.01,3.21
2018-07-26,4.94,4.89,4.99,4.84,157685,100616239.00,3.02,-1.41,-0.07,2.60
2018-07-27,4.86,4.82,4.88,4.79,119267,75142336.00,1.84,-1.43,-0.07,1.97
2018-07-30,4.81,4.86,4.92,4.78,119888,75903965.00,2.90,0.83,0.04,1.98
2018-07-31,4.87,5.18,5.44,4.86,424823,283253856.00,11.93,6.58,0.32,7.00
2018-08-01,5.09,4.97,5.15,4.94,267463,175070323.00,4.05,-4.05,-0.21,4.41
2018-08-02,4.89,4.83,4.95,4.71,182089,114951283.00,4.83,-2.82,-0.14,3.00
2018-08-03,4.77,4.86,4.94,4.77,159912,101531103.00,3.52,0.62,0.03,2.63
2018-08-06,4.84,5.06,5.18,4.82,334851,218997840.00,7.41,4.12,0.20,5.52
2018-08-07,5.05,5.16,5.33,4.97,331745,220143242.00,7.11,1.98,0.10,5.47
2018-08-08,5.13,5.04,5.13,4.97,188510,123138785.00,3.10,-2.33,-0.12,3.11
2018-08-09,5.00,5.14,5.24,5.00,208631,138006608.00,4.76,1.98,0.10,3.44
2018-08-10,5.08,5.10,5.11,5.04,117106,76945935.00,1.36,-0.78,-0.04,1.93
2018-08-13,5.04,4.97,5.04,4.87,151724,97427934.00,3.33,-2.55,-0.13,2.50
2018-08-14,4.94,4.96,4.98,4.88,88756,56936048.00,2.01,-0.20,-0.01,1.46
2018-08-15,4.94,4.74,4.94,4.73,135202,85023856.00,4.23,-4.44,-0.22,2.23
2018-08-16,4.69,4.78,4.90,4.63,122295,76268238.00,5.70,0.84,0.04,2.01
2018-08-17,4.79,4.60,4.82,4.57,108456,66716253.00,5.23,-3.77,-0.18,1.79
2018-08-20,4.60,4.66,4.69,4.57,82855,50495181.00,2.61,1.30,0.06,1.37
2018-08-21,4.65,4.74,4.78,4.63,93490,57725827.00,3.22,1.72,0.08,1.54
2018-08-22,4.71,4.68,4.71,4.64,55413,33963272.00,1.48,-1.27,-0.06,0.91
2018-08-23,4.69,4.73,4.80,4.66,79693,49323002.00,2.99,1.07,0.05,1.31
2018-08-24,4.70,4.91,5.12,4.67,290229,185493915.00,9.51,3.81,0.18,4.78
2018-08-27,4.83,4.93,4.96,4.83,171063,109110652.00,2.65,0.41,0.02,2.82
2018-08-28,4.91,4.88,4.92,4.84,96905,61656737.00,1.62,-1.01,-0.05,1.60
2018-08-29,4.87,4.94,5.00,4.85,157245,101127079.00,3.07,1.23,0.06,2.59
2018-08-30,4.95,4.94,5.01,4.85,116701,74715317.00,3.24,0.00,0.00,1.92
2018-08-31,4.90,4.92,5.01,4.86,103046,66218377.00,3.04,-0.40,-0.02,1.70
2018-09-03,4.91,4.94,4.97,4.83,90297,57685200.00,2.85,0.41,0.02,1.49
2018-09-04,4.92,4.96,5.03,4.84,131064,84129255.00,3.85,0.40,0.02,2.16
2018-09-05,4.94,4.77,4.94,4.77,119450,75623748.00,3.43,-3.83,-0.19,1.97
2018-09-06,4.76,4.70,4.81,4.70,74108,46084186.00,2.31,-1.47,-0.07,1.22
2018-09-07,4.71,4.76,4.81,4.70,74171,46131906.00,2.34,1.28,0.06,1.22
2018-09-10,4.74,4.72,4.75,4.68,47522,29366113.00,1.47,-0.84,-0.04,0.78
2018-09-11,4.71,4.74,4.78,4.70,56464,35038123.00,1.69,0.42,0.02,0.93
2018-09-12,4.74,4.77,4.82,4.73,62598,39118910.00,1.90,0.63,0.03,1.03
2018-09-13,4.82,4.79,4.84,4.69,94387,58721803.00,3.14,0.42,0.02,1.56
2018-09-14,4.78,4.71,4.79,4.71,55431,34427742.00,1.67,-1.67,-0.08,0.91
2018-09-17,4.71,4.63,4.73,4.61,51334,31410650.00,2.55,-1.70,-0.08,0.85
2018-09-18,4.63,4.74,4.75,4.61,55887,34361652.00,3.02,2.38,0.11,0.92
2018-09-19,4.72,4.78,4.83,4.70,82482,51561659.00,2.74,0.84,0.04,1.36
2018-09-20,4.78,4.78,4.84,4.76,61806,38719594.00,1.67,0.00,0.00,1.02
2018-09-21,4.78,4.96,5.05,4.74,234647,150278725.00,6.49,3.77,0.18,3.87
2018-09-25,4.91,4.86,4.91,4.84,94273,59923343.00,1.41,-2.02,-0.10,1.55
2018-09-26,4.87,4.87,4.97,4.84,133184,85060812.00,2.67,0.21,0.01,2.19
2018-09-27,4.85,4.80,4.87,4.78,87526,55141724.00,1.85,-1.44,-0.07,1.44
2018-09-28,4.83,4.91,4.94,4.81,153109,97520519.00,2.71,2.29,0.11,2.52
2018-10-08,4.84,4.71,4.88,4.68,123733,77779657.00,4.07,-4.07,-0.20,2.04
2018-10-09,4.75,4.74,4.77,4.69,50841,31520007.00,1.70,0.64,0.03,0.84
2018-10-10,4.75,4.74,4.77,4.70,42580,26379290.00,1.48,0.00,0.00,0.70
2018-10-11,4.60,4.32,4.60,4.27,170364,99702625.00,6.96,-8.86,-0.42,2.81
2018-10-12,4.30,4.39,4.40,4.25,86944,50090424.00,3.47,1.62,0.07,1.43
2018-10-15,4.39,4.32,4.39,4.30,48350,27903075.00,2.05,-1.59,-0.07,0.80
2018-10-16,4.30,4.29,4.44,4.26,61770,35526905.00,4.17,-0.69,-0.03,1.02
2018-10-17,4.34,4.34,4.36,4.24,52432,30075164.00,2.80,1.17,0.05,0.86
2018-10-18,4.31,4.23,4.31,4.22,58935,33456901.00,2.07,-2.53,-0.11,0.97
2018-10-19,4.20,4.31,4.33,4.15,78988,44775187.00,4.26,1.89,0.08,1.30
2018-10-22,4.33,4.64,4.75,4.33,192781,116153587.00,9.74,7.66,0.33,3.18
2018-10-23,4.62,4.52,4.70,4.49,119845,72388274.00,4.53,-2.59,-0.12,1.97
2018-10-24,4.51,4.84,5.06,4.50,494453,315262384.00,12.39,7.08,0.32,8.15
2018-10-25,4.71,5.07,5.11,4.66,425945,271363952.00,9.30,4.75,0.23,7.02
2018-10-26,4.99,4.90,5.02,4.79,262410,167671907.00,4.54,-3.35,-0.17,4.32
2018-10-29,4.86,4.80,4.94,4.73,129334,81427223.00,4.29,-2.04,-0.10,2.13
2018-10-30,4.80,4.94,5.05,4.80,300461,193055717.00,5.21,2.92,0.14,4.95
2018-10-31,4.94,4.92,5.03,4.82,226248,144825120.00,4.25,-0.40,-0.02,3.73
2018-11-01,4.94,4.88,5.05,4.87,211746,136575216.00,3.66,-0.81,-0.04,3.49
2018-11-02,4.94,5.13,5.28,4.89,374362,246681252.00,7.99,5.12,0.25,6.17
2018-11-05,5.07,5.04,5.10,4.94,217145,141614939.00,3.12,-1.75,-0.09,3.58
2018-11-06,5.01,4.95,5.03,4.87,133655,85736822.00,3.17,-1.79,-0.09,2.20
2018-11-07,4.96,4.86,5.00,4.85,122145,78266789.00,3.03,-1.82,-0.09,2.01
2018-11-08,4.93,4.86,4.96,4.85,99683,63622040.00,2.26,0.00,0.00,1.64
2018-11-09,4.83,4.76,4.85,4.74,109265,68473584.00,2.26,-2.06,-0.10,1.80
2018-11-12,4.76,4.88,4.88,4.75,92589,58289816.00,2.73,2.52,0.12,1.53
2018-11-13,4.83,5.00,5.04,4.80,190484,122363500.00,4.92,2.46,0.12,3.14
2018-11-14,4.97,4.92,5.01,4.89,140446,90368594.00,2.40,-1.60,-0.08,2.31
2018-11-15,4.90,5.10,5.11,4.89,240107,156573642.00,4.47,3.66,0.18,3.96
2018-11-16,5.09,5.21,5.40,5.02,401820,270137056.00,7.45,2.16,0.11,6.62
2018-11-19,5.22,5.34,5.43,5.20,361229,247757251.00,4.41,2.50,0.13,5.95
2018-11-20,5.28,5.06,5.28,5.05,234767,156604305.00,4.31,-5.24,-0.28,3.87
2018-11-21,5.02,5.18,5.18,5.01,168094,111081775.00,3.36,2.37,0.12,2.77
2018-11-22,5.16,5.09,5.16,5.02,106836,70492031.00,2.70,-1.74,-0.09,1.76
2018-11-23,5.06,4.88,5.11,4.86,145786,94115180.00,4.91,-4.13,-0.21,2.40
2018-11-26,4.86,4.93,5.00,4.85,115260,73890535.00,3.07,1.02,0.05,1.90
2018-11-27,4.95,4.94,4.98,4.88,70603,45274265.00,2.03,0.20,0.01,1.16
2018-11-28,4.93,5.03,5.04,4.87,124489,80633886.00,3.44,1.82,0.09,2.05
2018-11-29,5.04,4.84,5.07,4.82,124199,79881401.00,4.97,-3.78,-0.19,2.05
2018-11-30,4.81,4.84,4.89,4.77,87471,55209913.00,2.48,0.00,0.00,1.44
2018-12-03,4.96,5.04,5.06,4.91,170809,110856375.00,3.10,4.13,0.20,2.81
2018-12-04,5.01,5.06,5.07,5.00,125418,82004038.00,1.39,0.40,0.02,2.07
2018-12-05,4.99,4.95,5.03,4.94,117569,75961617.00,1.78,-2.17,-0.11,1.94
2018-12-06,4.95,4.84,4.95,4.82,100194,63587099.00,2.63,-2.22,-0.11,1.65
2018-12-07,4.86,4.84,4.88,4.83,51548,32606064.00,1.03,0.00,0.00,0.85
2018-12-10,4.84,4.77,4.88,4.77,65561,41278716.00,2.27,-1.45,-0.07,1.08
2018-12-11,4.80,5.01,5.11,4.78,247345,159947173.00,6.92,5.03,0.24,4.08
2018-12-12,5.01,5.14,5.24,5.00,340982,227340277.00,4.79,2.59,0.13,5.62
2018-12-13,5.17,5.30,5.41,5.10,374664,255273986.00,6.03,3.11,0.16,6.17
2018-12-14,5.30,5.26,5.39,5.24,227542,155267844.00,2.83,-0.75,-0.04,3.75
2018-12-17,5.27,5.35,5.51,5.15,268457,183358669.00,6.84,1.71,0.09,4.42
2018-12-18,5.28,5.17,5.35,5.04,267307,178693619.00,5.79,-3.36,-0.18,4.40
2018-12-19,5.21,5.14,5.24,5.11,108386,72445094.00,2.51,-0.58,-0.03,1.79
2018-12-20,5.16,5.11,5.19,4.95,194332,127066113.00,4.67,-0.58,-0.03,3.20
2018-12-21,5.05,4.98,5.09,4.92,170326,110182020.00,3.33,-2.54,-0.13,2.81
2018-12-24,4.94,4.99,5.00,4.89,116970,75250062.00,2.21,0.20,0.01,1.93
2018-12-25,4.92,4.84,4.94,4.75,158140,99614889.00,3.81,-3.01,-0.15,2.61
2018-12-26,4.84,4.68,4.85,4.67,150540,93478530.00,3.72,-3.31,-0.16,2.48
2018-12-27,4.75,4.62,4.76,4.57,119320,73692914.00,4.06,-1.28,-0.06,1.97
2018-12-28,4.65,4.65,4.75,4.60,101645,62412188.00,3.25,0.65,0.03,1.67
2019-01-02,4.65,4.56,4.70,4.54,93328,56441288.00,3.44,-1.94,-0.09,1.54
2019-01-03,4.56,4.66,4.76,4.55,121320,74406425.00,4.61,2.19,0.10,2.00
2019-01-04,4.62,4.95,4.99,4.61,239101,151152194.00,8.15,6.22,0.29,3.94
2019-01-07,5.00,5.01,5.01,4.89,173939,112007664.00,2.42,1.21,0.06,2.87
2019-01-08,4.99,4.95,5.02,4.92,116901,75291509.00,2.00,-1.20,-0.06,1.93
2019-01-09,4.95,4.96,5.10,4.94,157854,102987063.00,3.23,0.20,0.01,2.60
2019-01-10,4.96,4.89,4.96,4.84,106977,68273937.00,2.42,-1.41,-0.07,1.76
2019-01-11,4.91,4.96,4.97,4.88,77349,49566817.00,1.84,1.43,0.07,1.27
2019-01-14,4.96,4.90,4.96,4.88,51523,32970154.00,1.61,-1.21,-0.06,0.85
2019-01-15,4.88,4.97,5.01,4.88,97910,63106715.00,2.65,1.43,0.07,1.61
2019-01-16,4.97,4.94,5.00,4.91,60836,39126908.00,1.81,-0.60,-0.03,1.00
2019-01-17,4.94,4.91,4.99,4.88,59847,38332441.00,2.23,-0.61,-0.03,0.99
2019-01-18,4.90,5.01,5.04,4.90,103608,66996843.00,2.85,2.04,0.10,1.71
2019-01-21,4.98,4.94,5.05,4.93,69399,44900715.00,2.40,-1.40,-0.07,1.14
2019-01-22,4.92,4.84,4.95,4.82,65443,41624567.00,2.63,-2.02,-0.10,1.08
2019-01-23,4.83,4.86,4.91,4.83,34338,21792748.00,1.65,0.41,0.02,0.57
2019-01-24,4.86,5.05,5.07,4.86,183826,119178007.00,4.32,3.91,0.19,3.03
2019-01-25,5.06,5.03,5.15,5.01,109931,72216261.00,2.77,-0.40,-0.02,1.81
2019-01-28,5.07,5.09,5.12,5.02,141828,93111589.00,1.99,1.19,0.06,2.34
2019-01-29,5.05,5.27,5.27,4.97,214897,143099038.00,5.89,3.54,0.18,3.54
2019-01-30,5.24,5.23,5.34,5.16,171309,115980560.00,3.42,-0.76,-0.04,2.82
2019-01-31,5.23,5.24,5.33,5.17,115693,78233650.00,3.06,0.19,0.01,1.91
2019-02-01,5.26,5.19,5.27,5.11,146253,97708094.00,3.05,-0.95,-0.05,2.41
2019-02-11,5.19,5.29,5.29,5.14,109578,73692556.00,2.89,1.93,0.10,1.81
2019-02-12,5.33,5.33,5.35,5.24,95334,65100316.00,2.08,0.76,0.04,1.57
2019-02-13,5.33,5.49,5.54,5.24,222911,154560602.00,5.63,3.00,0.16,3.67
2019-02-14,5.45,5.44,5.53,5.43,110929,77615834.00,1.82,-0.91,-0.05,1.83
2019-02-15,5.44,5.37,5.50,5.36,109673,76462544.00,2.57,-1.29,-0.07,1.81
2019-02-18,5.37,5.54,5.64,5.37,200533,141255509.00,5.03,3.17,0.17,3.30
2019-02-19,5.54,5.53,5.72,5.46,206190,146602908.00,4.69,-0.18,-0.01,3.40
2019-02-20,5.50,5.45,5.54,5.40,117073,81855230.00,2.53,-1.45,-0.08,1.93
2019-02-21,5.46,5.36,5.57,5.32,183572,128088061.00,4.59,-1.65,-0.09,3.02
2019-02-22,5.33,5.68,5.80,5.30,276141,196044277.00,9.33,5.97,0.32,4.55
2019-02-25,5.85,6.34,6.34,5.74,705262,544028688.00,10.56,11.62,0.66,11.62
2019-02-26,6.36,6.15,6.51,6.04,554612,438516672.00,7.41,-3.00,-0.19,9.14
2019-02-27,6.08,6.64,6.86,6.04,872709,716101792.00,13.33,7.97,0.49,14.38
2019-02-28,6.48,6.42,6.64,6.33,578830,469777792.00,4.67,-3.31,-0.22,9.54
2019-03-01,6.42,6.53,6.54,6.20,404398,324895520.00,5.30,1.71,0.11,6.66
2019-03-04,6.55,6.65,7.11,6.54,861447,725239024.00,8.73,1.84,0.12,14.19
2019-03-05,6.49,6.53,6.60,6.37,464970,378862928.00,3.46,-1.80,-0.12,7.66
2019-03-06,6.52,6.65,6.67,6.40,635595,519860768.00,4.13,1.84,0.12,10.47
2019-03-07,6.55,6.96,7.30,6.54,1332215,1142271664.00,11.43,4.66,0.31,16.88
2019-03-08,6.55,6.18,6.73,6.18,906120,736244160.00,7.90,-11.21,-0.78,11.48
2019-03-11,6.17,6.38,6.40,6.06,546948,427626512.00,5.50,3.24,0.20,6.93
2019-03-12,6.44,6.35,6.52,6.25,527696,424913664.00,4.23,-0.47,-0.03,6.69
2019-03-13,6.36,6.21,6.37,6.10,463907,362715408.00,4.25,-2.20,-0.14,5.88
2019-03-14,6.20,6.00,6.30,5.96,279086,215091124.00,5.48,-3.38,-0.21,3.54
2019-03-15,6.08,6.15,6.30,6.06,363682,282973952.00,4.00,2.50,0.15,4.61
2019-03-18,6.19,6.33,6.34,6.02,314059,247250167.00,5.20,2.93,0.18,3.98
2019-03-19,6.37,6.33,6.43,6.26,294387,234743738.00,2.69,0.00,0.00,3.73
2019-03-20,6.32,6.39,6.39,6.24,330456,262267979.00,2.37,0.95,0.06,4.19
2019-03-21,6.40,6.36,6.51,6.33,358553,288159328.00,2.82,-0.47,-0.03,4.54
2019-03-22,6.41,6.25,6.41,6.16,227932,179155436.00,3.93,-1.73,-0.11,2.89
2019-03-25,6.10,6.05,6.20,6.04,213762,165375095.00,2.56,-3.20,-0.20,2.71
2019-03-26,6.11,5.77,6.13,5.75,261152,195227971.00,6.28,-4.63,-0.28,3.31
2019-03-27,5.83,5.76,5.84,5.71,188716,138741865.00,2.25,-0.17,-0.01,2.39
2019-03-28,5.74,5.66,5.78,5.63,211236,153110634.00,2.60,-1.74,-0.10,2.68
2019-03-29,5.69,5.94,5.98,5.69,321902,239498093.00,5.12,4.95,0.28,4.08
2019-04-01,6.07,6.10,6.14,5.95,358464,275028112.00,3.20,2.69,0.16,4.49
2019-04-02,6.14,6.04,6.15,5.98,330482,252617718.00,2.79,-0.98,-0.06,4.14
2019-04-03,5.96,6.07,6.07,5.85,354596,267831999.00,3.64,0.50,0.03,4.45
2019-04-04,6.08,6.34,6.44,6.05,685081,540683120.00,6.43,4.45,0.27,8.59
2019-04-08,6.35,6.28,6.51,6.21,548538,438471264.00,4.73,-0.95,-0.06,6.88
2019-04-09,6.26,6.18,6.35,6.10,271450,211911532.00,3.98,-1.59,-0.10,3.40
2019-04-10,6.14,6.26,6.31,6.04,340433,263876100.00,4.37,1.29,0.08,4.27
2019-04-11,6.37,6.22,6.48,6.16,469093,372363760.00,5.11,-0.64,-0.04,5.88
2019-04-12,6.14,6.03,6.21,5.96,268385,205671957.00,4.02,-3.05,-0.19,3.36
2019-04-15,6.12,5.92,6.20,5.91,483809,372421088.00,4.81,-1.82,-0.11,6.07
2019-04-16,5.87,6.05,6.10,5.72,564412,424270928.00,6.42,2.20,0.13,7.08
2019-04-17,6.04,5.91,6.07,5.90,400126,303092864.00,2.81,-2.31,-0.14,5.02
2019-04-18,6.04,5.94,6.12,5.92,330625,251296173.00,3.38,0.51,0.03,4.14
2019-04-19,5.93,6.01,6.01,5.88,223247,168277534.00,2.19,1.18,0.07,2.80
2019-04-22,6.01,5.75,6.03,5.70,429988,318794224.00,5.49,-4.33,-0.26,5.39
2019-04-23,5.74,5.72,5.79,5.66,215792,157556125.00,2.26,-0.52,-0.03,2.71
2019-04-24,5.72,5.76,5.78,5.66,158186,115363002.00,2.10,0.70,0.04,1.98
2019-04-25,5.74,5.60,5.85,5.59,258669,188492258.00,4.51,-2.78,-0.16,3.24
2019-04-26,5.60,5.56,5.64,5.54,157742,112575784.00,1.79,-0.71,-0.04,1.98
2019-04-29,5.58,5.42,5.63,5.39,269813,190374348.00,4.32,-2.52,-0.14,3.38
2019-04-30,5.44,5.44,5.51,5.40,166067,116004152.00,2.03,0.37,0.02,2.08
2019-05-06,5.24,5.24,5.45,5.07,378932,256412024.00,6.99,-3.68,-0.20,4.75
2019-05-07,5.25,5.33,5.34,5.14,296383,200224199.00,3.82,1.72,0.09,3.72
2019-05-08,5.23,5.21,5.30,5.17,190546,128522282.00,2.44,-2.25,-0.12,2.39
2019-05-09,5.15,5.21,5.29,5.15,144533,97347372.00,2.69,0.00,0.00,1.81
2019-05-10,5.26,5.34,5.37,5.16,276828,189095974.00,4.03,2.50,0.13,3.47
2019-05-13,5.29,5.29,5.35,5.24,145251,98809240.00,2.06,-0.94,-0.05,1.82
2019-05-14,5.22,5.22,5.29,5.19,149833,101131710.00,1.89,-1.32,-0.07,1.88
2019-05-15,5.25,5.27,5.29,5.21,145467,98446285.00,1.53,0.96,0.05,1.82
2019-05-16,5.27,5.27,5.29,5.24,135653,91895282.00,0.95,0.00,0.00,1.70
2019-05-17,5.25,4.95,5.27,4.92,277840,183453352.00,6.64,-6.07,-0.32,3.48
2019-05-20,4.59,4.71,4.77,4.59,303999,186263941.00,3.64,-4.85,-0.24,3.81
2019-05-21,4.65,4.71,4.78,4.64,212567,131409795.00,2.97,0.00,0.00,2.66
2019-05-22,4.74,4.63,4.76,4.62,218467,133822002.00,2.97,-1.70,-0.08,2.74
2019-05-23,4.62,4.57,4.68,4.55,162316,98516048.00,2.81,-1.30,-0.06,2.03
2019-05-24,4.56,4.63,4.71,4.55,188617,115009686.00,3.50,1.31,0.06,2.36
2019-05-27,4.61,4.69,4.70,4.55,201175,122265110.00,3.24,1.30,0.06,2.52
2019-05-28,4.67,4.66,4.72,4.64,131266,80598029.00,1.71,-0.64,-0.03,1.65
2019-05-29,4.64,4.67,4.71,4.64,115959,71105164.00,1.50,0.21,0.01,1.45
2019-05-30,4.64,4.62,4.66,4.59,110204,66955896.00,1.50,-1.07,-0.05,1.38
2019-05-31,4.63,4.62,4.67,4.59,105868,64335030.00,1.73,0.00,0.00,1.33
2019-06-03,4.62,4.56,4.65,4.54,135775,81976019.00,2.38,-1.30,-0.06,1.70
2019-06-04,4.56,4.56,4.59,4.53,114145,68520308.00,1.32,0.00,0.00,1.43
2019-06-05,4.61,4.57,4.62,4.55,81951,49408116.00,1.54,0.22,0.01,1.03
2019-06-06,4.55,4.54,4.58,4.53,94121,56360806.00,1.09,-0.66,-0.03,1.18
2019-06-10,4.55,4.56,4.59,4.54,85491,51412745.00,1.10,0.44,0.02,1.07
2019-06-11,4.56,4.72,4.74,4.55,227292,139024597.00,4.17,3.51,0.16,2.85
2019-06-12,4.72,4.70,4.75,4.67,136124,75145882.00,1.69,-0.42,-0.02,1.55
2019-06-13,4.68,4.70,4.74,4.64,133805,73502889.00,2.13,0.00,0.00,1.52
2019-06-14,4.69,4.61,4.71,4.61,117764,64330289.00,2.13,-1.91,-0.09,1.34
2019-06-17,4.67,4.67,4.74,4.65,144378,79453328.00,1.95,1.30,0.06,1.64
2019-06-18,4.68,4.64,4.69,4.62,106161,57889624.00,1.50,-0.64,-0.03,1.21
2019-06-19,4.75,4.73,4.79,4.69,250450,138669975.00,2.16,1.94,0.09,2.85
2019-06-20,4.69,4.90,4.96,4.68,462776,261583262.00,5.92,3.59,0.17,5.27
2019-06-21,4.88,4.90,4.93,4.84,286402,163075677.00,1.84,0.00,0.00,3.26
2019-06-24,4.89,4.88,4.93,4.86,128741,73385786.00,1.43,-0.41,-0.02,1.47
2019-06-25,4.89,4.82,4.89,4.75,180091,101252242.00,2.87,-1.23,-0.06,2.05
2019-06-26,4.78,4.83,4.85,4.78,93890,52874191.00,1.45,0.21,0.01,1.07
2019-06-27,4.82,4.81,4.86,4.81,149698,84496835.00,1.04,-0.41,-0.02,1.71
2019-06-28,4.81,4.73,4.82,4.71,145270,80778763.00,2.29,-1.66,-0.08,1.65
2019-07-01,4.82,4.85,4.86,4.78,225761,127225434.00,1.69,2.54,0.12,2.57
2019-07-02,4.85,4.86,4.87,4.81,142655,80627318.00,1.24,0.21,0.01,1.63
2019-07-03,4.84,4.81,4.85,4.78,100360,56427351.00,1.44,-1.03,-0.05,1.14
2019-07-04,4.82,4.81,4.84,4.78,107392,60381684.00,1.25,0.00,0.00,1.22
2019-07-05,4.83,4.90,4.91,4.82,219079,124440670.00,1.87,1.87,0.09,2.50
2019-07-08,4.88,4.74,4.89,4.72,186268,104330124.00,3.47,-3.27,-0.16,2.12
2019-07-09,4.76,4.73,4.78,4.70,83827,46409610.00,1.69,-0.21,-0.01,0.95
2019-07-10,4.73,4.72,4.74,4.69,67099,37089675.00,1.06,-0.21,-0.01,0.76
2019-07-11,4.73,4.71,4.76,4.69,72902,40331170.00,1.48,-0.21,-0.01,0.83
2019-07-12,4.71,4.75,4.79,4.70,99232,55160924.00,1.91,0.85,0.04,1.13
2019-07-15,4.73,4.78,4.81,4.67,115712,64258764.00,2.95,0.63,0.03,1.32
2019-07-16,4.79,4.74,4.79,4.73,90886,50595345.00,1.26,-0.84,-0.04,1.04
2019-07-17,4.74,4.72,4.75,4.71,83646,46310439.00,0.84,-0.42,-0.02,0.95
2019-07-18,4.71,4.64,4.71,4.62,112386,61503751.00,1.91,-1.69,-0.08,1.28
2019-07-19,4.65,4.66,4.70,4.65,71190,39029373.00,1.08,0.43,0.02,0.81
2019-07-22,4.67,4.55,4.67,4.53,125128,67409727.00,3.00,-2.36,-0.11,1.43
2019-07-23,4.55,4.58,4.59,4.54,51601,27721216.00,1.10,0.66,0.03,0.59
2019-07-24,4.58,4.62,4.65,4.58,73529,39960031.00,1.53,0.87,0.04,0.84
2019-07-25,4.62,4.65,4.65,4.59,82436,44789898.00,1.30,0.65,0.03,0.94
2019-07-26,4.63,4.63,4.64,4.60,65617,35659431.00,0.86,-0.43,-0.02,0.75
2019-07-29,4.64,4.64,4.65,4.61,55528,30222568.00,0.86,0.22,0.01,0.63
2019-07-30,4.65,4.69,4.74,4.63,136563,75232440.00,2.37,1.08,0.05,1.56
2019-07-31,4.70,4.65,4.71,4.64,82640,45265364.00,1.49,-0.85,-0.04,0.94
2019-08-01,4.63,4.60,4.65,4.57,102062,55269207.00,1.72,-1.08,-0.05,1.16
2019-08-02,4.54,4.52,4.56,4.49,122826,65494808.00,1.52,-1.74,-0.08,1.40
2019-08-05,4.51,4.43,4.52,4.42,96051,50628468.00,2.21,-1.99,-0.09,1.09
2019-08-06,4.38,4.28,4.38,4.19,201944,102563580.00,4.29,-3.39,-0.15,2.30
2019-08-07,4.30,4.24,4.31,4.24,71278,36217035.00,1.64,-0.93,-0.04,0.81
2019-08-08,4.25,4.37,4.42,4.24,246939,127309520.00,4.25,3.07,0.13,2.81
2019-08-09,4.36,4.26,4.37,4.23,147967,75681488.00,3.20,-2.52,-0.11,1.69
2019-08-12,4.25,4.31,4.32,4.25,79520,40518056.00,1.64,1.17,0.05,0.91
2019-08-13,4.28,4.26,4.29,4.24,65417,33169449.00,1.16,-1.16,-0.05,0.75
2019-08-14,4.30,4.26,4.31,4.26,80420,40978178.00,1.17,0.00,0.00,0.92
2019-08-15,4.19,4.25,4.26,4.16,91713,46016699.00,2.35,-0.23,-0.01,1.04
2019-08-16,4.25,4.27,4.31,4.24,81784,41605796.00,1.65,0.47,0.02,0.93
2019-08-19,4.26,4.37,4.39,4.25,167709,86099188.00,3.28,2.34,0.10,1.91
2019-08-20,4.36,4.34,4.37,4.32,102736,52979753.00,1.14,-0.69,-0.03,1.17
2019-08-21,4.32,4.31,4.35,4.30,87508,44876231.00,1.15,-0.69,-0.03,1.00
2019-08-22,4.33,4.31,4.33,4.27,75698,38662849.00,1.39,0.00,0.00,0.86
2019-08-23,4.32,4.32,4.35,4.31,106119,54515369.00,0.93,0.23,0.01,1.21
2019-08-26,4.25,4.25,4.27,4.23,113115,57204703.00,0.93,-1.62,-0.07,1.29
2019-08-27,4.27,4.34,4.37,4.26,165356,84945374.00,2.59,2.12,0.09,1.88
2019-08-28,4.34,4.32,4.34,4.30,101536,52078675.00,0.92,-0.46,-0.02,1.16
2019-08-29,4.33,4.32,4.34,4.31,67790,34765095.00,0.69,0.00,0.00,0.77
2019-08-30,4.34,4.29,4.35,4.27,129982,66723198.00,1.85,-0.69,-0.03,1.48
2019-09-02,4.29,4.35,4.37,4.28,126414,65071440.00,2.10,1.40,0.06,1.44
2019-09-03,4.35,4.37,4.38,4.34,88919,45945579.00,0.92,0.46,0.02,1.01
2019-09-04,4.36,4.46,4.55,4.35,270067,142772953.00,4.58,2.06,0.09,3.08
2019-09-05,4.50,4.59,4.70,4.49,369275,200269321.00,4.71,2.91,0.13,4.21
2019-09-06,4.62,4.60,4.64,4.55,148300,79989821.00,1.96,0.22,0.01,1.69
2019-09-09,4.71,4.63,4.74,4.59,212263,115691861.00,3.26,0.65,0.03,2.42
2019-09-10,4.64,4.60,4.64,4.55,143250,77351631.00,1.94,-0.65,-0.03,1.63
2019-09-11,4.64,4.59,4.65,4.58,179234,97136992.00,1.52,-0.22,-0.01,2.04
2019-09-12,4.59,4.64,4.65,4.59,130216,70708668.00,1.31,1.09,0.05,1.48
2019-09-16,4.65,4.60,4.65,4.59,96684,52487793.00,1.29,-0.86,-0.04,1.10
2019-09-17,4.60,4.50,4.60,4.48,152051,81060081.00,2.61,-2.17,-0.10,1.73
2019-09-18,4.50,4.49,4.54,4.48,79378,42241169.00,1.33,-0.22,-0.01,0.90
2019-09-19,4.50,4.57,4.57,4.46,85360,45426551.00,2.45,1.78,0.08,0.97
2019-09-20,4.55,4.53,4.55,4.51,103541,55255652.00,0.88,-0.88,-0.04,1.18
2019-09-23,4.51,4.45,4.52,4.42,106344,55924585.00,2.21,-1.77,-0.08,1.21
2019-09-24,4.46,4.45,4.49,4.43,66996,35325124.00,1.35,0.00,0.00,0.76
2019-09-25,4.43,4.44,4.53,4.41,110179,58115519.00,2.70,-0.22,-0.01,1.26
2019-09-26,4.46,4.53,4.60,4.42,263768,140207448.00,4.05,2.03,0.09,3.00
2019-09-27,4.50,4.49,4.54,4.47,139991,74212690.00,1.55,-0.88,-0.04,1.59
2019-09-30,4.47,4.34,4.49,4.29,179190,93120972.00,4.45,-3.34,-0.15,2.04
2019-10-08,4.34,4.38,4.45,4.31,151311,78444973.00,3.23,0.92,0.04,1.72
2019-10-09,4.35,4.52,4.57,4.34,251929,133712271.00,5.25,3.20,0.14,2.87
2019-10-10,4.51,4.55,4.56,4.49,182721,97650321.00,1.55,0.66,0.03,2.08
2019-10-11,4.56,4.66,4.68,4.51,334807,181814724.00,3.74,2.42,0.11,3.81
2019-10-14,4.65,4.75,4.93,4.65,611997,343833536.00,6.01,1.93,0.09,6.97
2019-10-15,4.74,4.77,4.78,4.70,256104,142266676.00,1.68,0.42,0.02,2.92
2019-10-16,4.82,4.65,4.85,4.62,320671,177479126.00,4.82,-2.52,-0.12,3.65
2019-10-17,4.66,4.66,4.72,4.62,191371,104840763.00,2.15,0.22,0.01,2.18
2019-10-18,4.66,4.52,4.69,4.52,232015,125202665.00,3.65,-3.00,-0.14,2.64
2019-10-21,4.51,4.55,4.56,4.43,168117,89394694.00,2.88,0.66,0.03,1.92
2019-10-22,4.54,4.53,4.55,4.47,140605,74792581.00,1.76,-0.44,-0.02,1.60
2019-10-23,4.51,4.52,4.57,4.47,200304,106836309.00,2.21,-0.22,-0.01,2.28
2019-10-24,4.51,4.72,4.72,4.50,435549,237786209.00,4.87,4.42,0.20,4.96
2019-10-25,4.70,4.66,4.75,4.63,282216,155062721.00,2.54,-1.27,-0.06,3.22
2019-10-28,4.66,4.65,4.69,4.62,220510,120201584.00,1.50,-0.21,-0.01,2.51
2019-10-29,4.65,4.57,4.65,4.57,205453,111161177.00,1.72,-1.72,-0.08,2.34
2019-10-30,4.55,4.51,4.61,4.50,150502,80590502.00,2.41,-1.31,-0.06,1.71
2019-10-31,4.51,4.42,4.53,4.40,158336,83396325.00,2.88,-2.00,-0.09,1.80
2019-11-01,4.43,4.49,4.52,4.39,174541,92230714.00,2.94,1.58,0.07,1.99
2019-11-04,4.50,4.49,4.56,4.48,121111,64572217.00,1.78,0.00,0.00,1.38
2019-11-05,4.51,4.57,4.61,4.46,217561,116663763.00,3.34,1.78,0.08,2.48
2019-11-06,4.56,4.55,4.62,4.53,136479,73442142.00,1.97,-0.44,-0.02,1.55
2019-11-07,4.56,4.57,4.61,4.55,110827,59667613.00,1.32,0.44,0.02,1.26
2019-11-08,4.60,4.47,4.61,4.47,162847,86685392.00,3.06,-2.19,-0.10,1.86
2019-11-11,4.43,4.34,4.46,4.30,182849,94687116.00,3.58,-2.91,-0.13,2.08
2019-11-12,4.33,4.33,4.37,4.27,113796,58354443.00,2.30,-0.23,-0.01,1.30
2019-11-13,4.32,4.26,4.34,4.22,113143,57511563.00,2.77,-1.62,-0.07,1.29
2019-11-14,4.26,4.27,4.30,4.23,81790,41501447.00,1.64,0.23,0.01,0.93
2019-11-15,4.26,4.19,4.27,4.18,129136,64960102.00,2.11,-1.87,-0.08,1.47
2019-11-18,4.18,4.22,4.24,4.17,78853,39589975.00,1.67,0.72,0.03,0.90
2019-11-19,4.21,4.24,4.26,4.20,70429,35546724.00,1.42,0.47,0.02,0.80
2019-11-20,4.24,4.19,4.26,4.17,109383,54973098.00,2.12,-1.18,-0.05,1.25
2019-11-21,4.18,4.20,4.21,4.16,56009,28013983.00,1.19,0.24,0.01,0.64
2019-11-22,4.19,4.18,4.24,4.17,78546,39343784.00,1.67,-0.48,-0.02,0.89
2019-11-25,4.18,4.23,4.24,4.16,93599,46986868.00,1.91,1.20,0.05,1.07
2019-11-26,4.22,4.22,4.24,4.21,62232,31343928.00,0.71,-0.24,-0.01,0.71
2019-11-27,4.22,4.18,4.22,4.17,65130,32569957.00,1.18,-0.95,-0.04,0.74
2019-11-28,4.19,4.13,4.19,4.13,81183,40319925.00,1.44,-1.20,-0.05,0.92
2019-11-29,4.15,4.16,4.18,4.12,115300,57152262.00,1.45,0.73,0.03,0.85
2019-12-02,4.18,4.16,4.19,4.14,61635,30642604.00,1.20,0.00,0.00,0.45
2019-12-03,4.14,4.18,4.18,4.14,54828,27225909.00,0.96,0.48,0.02,0.40
2019-12-04,4.17,4.19,4.21,4.15,65997,32931418.00,1.44,0.24,0.01,0.48
2019-12-05,4.19,4.22,4.22,4.18,85172,42661130.00,0.95,0.72,0.03,0.63
2019-12-06,4.22,4.21,4.23,4.18,71398,35770711.00,1.18,-0.24,-0.01,0.52
2019-12-09,4.21,4.22,4.22,4.19,79901,40065043.00,0.71,0.24,0.01,0.59
2019-12-10,4.22,4.21,4.23,4.17,101616,50923812.00,1.42,-0.24,-0.01,0.75
2019-12-11,4.21,4.21,4.23,4.19,113032,56783776.00,0.95,0.00,0.00,0.83
2019-12-12,4.20,4.16,4.21,4.15,109360,54576039.00,1.43,-1.19,-0.05,0.80
2019-12-13,4.19,4.25,4.25,4.18,244816,123101517.00,1.68,2.16,0.09,1.80
2019-12-16,4.25,4.27,4.27,4.22,149984,75788976.00,1.18,0.47,0.02,1.10
2019-12-17,4.27,4.43,4.55,4.25,449549,234783802.00,7.03,3.75,0.16,3.30
2019-12-18,4.41,4.42,4.48,4.39,257226,134828068.00,2.03,-0.23,-0.01,1.89
2019-12-19,4.42,4.46,4.55,4.41,245306,129645344.00,3.17,0.90,0.04,1.80
2019-12-20,4.46,4.53,4.67,4.44,484226,260350082.00,5.16,1.57,0.07,3.55
2019-12-23,4.52,4.38,4.59,4.36,352783,186631317.00,5.08,-3.31,-0.15,2.59
2019-12-24,4.41,4.41,4.42,4.35,175799,91399832.00,1.60,0.68,0.03,1.29
2019-12-25,4.41,4.40,4.45,4.36,158572,82598989.00,2.04,-0.23,-0.01,1.16
2019-12-26,4.41,4.46,4.46,4.37,157911,82402449.00,2.05,1.36,0.06,1.16
2019-12-27,4.44,4.42,4.56,4.41,259703,137424118.00,3.36,-0.90,-0.04,1.91
2019-12-30,4.38,4.47,4.49,4.32,256476,133839850.00,3.85,1.13,0.05,1.88
2019-12-31,4.44,4.48,4.49,4.43,160596,84716547.00,1.34,0.22,0.01,1.18
2020-01-02,4.56,4.51,4.60,4.50,403830,216463983.00,2.23,0.67,0.03,2.96
2020-01-03,4.50,4.51,4.55,4.49,211247,112484786.00,1.33,0.00,0.00,1.55
2020-01-06,4.47,4.49,4.55,4.45,253687,134713077.00,2.22,-0.44,-0.02,1.86
2020-01-07,4.50,4.55,4.56,4.49,233817,124776375.00,1.56,1.34,0.06,1.72
2020-01-08,4.51,4.45,4.53,4.44,227502,120412719.00,1.98,-2.20,-0.10,1.67
2020-01-09,4.49,4.48,4.51,4.46,153964,81482018.00,1.12,0.67,0.03,1.13
2020-01-10,4.49,4.48,4.53,4.47,191725,101766273.00,1.34,0.00,0.00,1.41
2020-01-13,4.47,4.49,4.50,4.41,160992,84793259.00,2.01,0.22,0.01,1.18
2020-01-14,4.50,4.46,4.54,4.45,206993,109709493.00,2.00,-0.67,-0.03,1.52
2020-01-15,4.47,4.42,4.47,4.41,127980,67059185.00,1.35,-0.90,-0.04,0.94
2020-01-16,4.42,4.37,4.44,4.35,182142,94714890.00,2.04,-1.13,-0.05,1.34
2020-01-17,4.38,4.32,4.40,4.32,217364,112428535.00,1.83,-1.14,-0.05,1.60
2020-01-20,4.32,4.34,4.35,4.31,153856,79119171.00,0.93,0.46,0.02,1.13
2020-01-21,4.34,4.28,4.34,4.27,203649,103813863.00,1.61,-1.38,-0.06,1.50
2020-01-22,4.26,4.28,4.30,4.24,181347,92157196.00,1.40,0.00,0.00,1.33
2020-01-23,4.26,4.15,4.27,4.13,282028,141291237.00,3.27,-3.04,-0.13,2.07
2020-02-03,3.69,3.65,3.78,3.65,381380,170726910.00,3.13,-12.05,-0.50,2.80
2020-02-04,3.65,3.72,3.75,3.64,339757,153111117.00,3.01,1.92,0.07,2.49
2020-02-05,3.70,3.75,3.82,3.67,336543,153144892.00,4.03,0.81,0.03,2.47
2020-02-06,3.74,3.78,3.82,3.71,305558,139572978.00,2.93,0.80,0.03,2.24
2020-02-07,3.75,3.76,3.78,3.72,199901,91077860.00,1.59,-0.53,-0.02,1.47
2020-02-10,3.74,3.80,3.81,3.73,187858,86078036.00,2.13,1.06,0.04,1.38
2020-02-11,3.79,3.81,3.86,3.78,251064,116270659.00,2.11,0.26,0.01,1.84
2020-02-12,3.80,3.86,3.88,3.77,293493,136111977.00,2.89,1.31,0.05,2.15
2020-02-13,3.84,3.80,3.87,3.79,227366,105426292.00,2.07,-1.55,-0.06,1.67
2020-02-14,3.79,3.83,3.86,3.78,157503,72981453.00,2.11,0.79,0.03,1.16
2020-02-17,3.83,3.97,3.99,3.82,327904,154329918.00,4.44,3.66,0.14,2.41
2020-02-18,3.94,3.94,3.96,3.90,217640,103112509.00,1.51,-0.76,-0.03,1.60
2020-02-19,3.92,3.91,3.98,3.89,206221,97833804.00,2.28,-0.76,-0.03,1.51
2020-02-20,3.92,4.03,4.06,3.88,378522,180942983.00,4.60,3.07,0.12,2.78
2020-02-21,4.01,4.02,4.09,3.99,319522,154378676.00,2.48,-0.25,-0.01,2.35
2020-02-24,4.00,3.98,4.01,3.95,272311,130233802.00,1.49,-1.00,-0.04,2.00
2020-02-25,3.89,3.90,3.92,3.83,283638,133121830.00,2.26,-2.01,-0.08,2.08
2020-02-26,3.86,3.97,4.07,3.84,407351,195178871.00,5.90,1.79,0.07,2.99
2020-02-27,3.98,4.01,4.05,3.92,313310,150291668.00,3.27,1.01,0.04,2.30
2020-02-28,3.93,3.81,3.95,3.81,318715,149610981.00,3.49,-4.99,-0.20,2.34
2020-03-02,3.83,3.92,3.95,3.80,301950,141607403.00,3.94,2.89,0.11,2.22
2020-03-03,3.95,3.94,4.00,3.91,294903,140421613.00,2.30,0.51,0.02,2.16
2020-03-04,3.91,3.98,3.98,3.89,255008,120792083.00,2.28,1.02,0.04,1.87
2020-03-05,4.01,4.21,4.27,3.99,860114,426812640.00,7.04,5.78,0.23,6.31
2020-03-06,4.14,4.07,4.16,4.06,482656,237372443.00,2.38,-3.33,-0.14,3.54
2020-03-09,3.98,3.95,4.03,3.94,341443,163540354.00,2.21,-2.95,-0.12,2.51
2020-03-10,3.92,4.04,4.05,3.91,344045,165570573.00,3.54,2.28,0.09,2.53
2020-03-11,4.02,4.00,4.10,3.99,245016,118651253.00,2.72,-0.99,-0.04,1.80
2020-03-12,4.00,4.02,4.09,3.96,296588,143111358.00,3.25,0.50,0.02,2.18
2020-03-13,3.80,4.12,4.15,3.76,505658,241889083.00,9.70,2.49,0.10,3.71
2020-03-16,4.07,3.87,4.07,3.86,412922,197713387.00,5.10,-6.07,-0.25,3.03
2020-03-17,3.91,3.87,3.94,3.80,248136,116049246.00,3.62,0.00,0.00,1.82
2020-03-18,3.88,3.72,3.92,3.72,261928,121623166.00,5.17,-3.88,-0.15,1.92
2020-03-19,3.72,3.69,3.74,3.61,259228,116239865.00,3.49,-0.81,-0.03,1.90
2020-03-20,3.70,3.72,3.74,3.67,151607,68444235.00,1.90,0.81,0.03,1.11
2020-03-23,3.63,3.58,3.65,3.58,157936,69907492.00,1.88,-3.76,-0.14,1.16
2020-03-24,3.62,3.65,3.67,3.60,135720,60341461.00,1.96,1.96,0.07,1.00
2020-03-25,3.71,3.71,3.74,3.67,205780,92995312.00,1.92,1.64,0.06,1.51
2020-03-26,3.69,3.71,3.79,3.67,191692,86892826.00,3.23,0.00,0.00,1.41
2020-03-27,3.74,3.68,3.75,3.67,161276,72929848.00,2.16,-0.81,-0.03,1.18
2020-03-30,3.64,3.60,3.66,3.57,145800,64408323.00,2.45,-2.17,-0.08,1.07
2020-03-31,3.63,3.59,3.64,3.58,102136,45182950.00,1.67,-0.28,-0.01,0.75
2020-04-01,3.59,3.60,3.65,3.59,135708,60126505.00,1.67,0.28,0.01,1.00
2020-04-02,3.59,3.64,3.64,3.54,131906,57956373.00,2.78,1.11,0.04,0.97
2020-04-03,3.62,3.60,3.66,3.59,142424,63102229.00,1.92,-1.10,-0.04,1.05
2020-04-07,3.67,3.67,3.68,3.64,182125,81450060.00,1.11,1.94,0.07,1.34
2020-04-08,3.64,3.65,3.67,3.64,131879,58870660.00,0.82,-0.54,-0.02,0.97
2020-04-09,3.67,3.65,3.68,3.65,111532,49903204.00,0.82,0.00,0.00,0.82
2020-04-10,3.66,3.61,3.67,3.61,116776,51937437.00,1.64,-1.10,-0.04,0.86
2020-04-13,3.59,3.60,3.61,3.58,71479,31484632.00,0.83,-0.28,-0.01,0.52
2020-04-14,3.61,3.64,3.64,3.60,69289,30692306.00,1.11,1.11,0.04,0.51
2020-04-15,3.64,3.60,3.64,3.59,87344,38641498.00,1.37,-1.10,-0.04,0.64
2020-04-16,3.59,3.65,3.68,3.58,158171,69973321.00,2.78,1.39,0.05,1.16
2020-04-17,3.67,3.61,3.69,3.61,145327,64737198.00,2.19,-1.10,-0.04,1.07
2020-04-20,3.61,3.61,3.62,3.59,85104,37562972.00,0.83,0.00,0.00,0.62
2020-04-21,3.59,3.59,3.61,3.55,119641,52524717.00,1.66,-0.55,-0.02,0.88
2020-04-22,3.58,3.59,3.60,3.56,73049,32041650.00,1.11,0.00,0.00,0.54
2020-04-23,3.59,3.57,3.60,3.55,105081,46071307.00,1.39,-0.56,-0.02,0.77
2020-04-24,3.57,3.49,3.58,3.48,157088,68200034.00,2.80,-2.24,-0.08,1.15
2020-04-27,3.49,3.59,3.64,3.49,289868,127698356.00,4.30,2.87,0.10,2.13
2020-04-28,3.57,3.53,3.58,3.47,191509,83078549.00,3.06,-1.67,-0.06,1.41
2020-04-29,3.52,3.61,3.62,3.51,185232,81432481.00,3.12,2.27,0.08,1.36
2020-04-30,3.62,3.63,3.65,3.59,257268,114014912.00,1.66,0.55,0.02,1.89
2020-05-06,3.57,3.64,3.64,3.55,154554,68066731.00,2.48,0.28,0.01,1.13
2020-05-07,3.62,3.59,3.63,3.59,134600,59373768.00,1.10,-1.37,-0.05,0.99
2020-05-08,3.61,3.63,3.67,3.59,172355,76591603.00,2.23,1.11,0.04,1.27
2020-05-11,3.62,3.61,3.65,3.59,110051,48752122.00,1.65,-0.55,-0.02,0.81
2020-05-12,3.61,3.59,3.62,3.57,88220,38840375.00,1.39,-0.55,-0.02,0.65
2020-05-13,3.59,3.59,3.59,3.56,62751,27531957.00,0.84,0.00,0.00,0.46
2020-05-14,3.57,3.55,3.59,3.55,69512,30419363.00,1.11,-1.11,-0.04,0.51
2020-05-15,3.57,3.54,3.58,3.53,86950,37930713.00,1.41,-0.28,-0.01,0.64
2020-05-18,3.54,3.55,3.57,3.53,76624,33421962.00,1.13,0.28,0.01,0.56
2020-05-19,3.58,3.58,3.60,3.56,74848,32845111.00,1.13,0.85,0.03,0.55
2020-05-20,3.57,3.58,3.62,3.54,138733,60867625.00,2.23,0.00,0.00,1.02
2020-05-21,3.59,3.54,3.59,3.53,91990,40159880.00,1.68,-1.12,-0.04,0.68
2020-05-22,3.53,3.49,3.54,3.48,117670,50824473.00,1.69,-1.41,-0.05,0.86
2020-05-25,3.49,3.49,3.50,3.48,58917,25328028.00,0.57,0.00,0.00,0.43
2020-05-26,3.50,3.51,3.51,3.49,68127,29374880.00,0.57,0.57,0.02,0.50
2020-05-27,3.51,3.52,3.55,3.49,75922,32922670.00,1.71,0.28,0.01,0.56
2020-05-28,3.52,3.55,3.57,3.52,132720,57824383.00,1.42,0.85,0.03,0.97
2020-05-29,3.53,3.51,3.54,3.51,74685,32340258.00,0.85,-1.13,-0.04,0.55
2020-06-01,3.53,3.56,3.57,3.52,109091,47594664.00,1.42,1.42,0.05,0.80
2020-06-02,3.57,3.58,3.59,3.55,141620,62070587.00,1.12,0.56,0.02,1.04
2020-06-03,3.58,3.55,3.62,3.55,172032,75635375.00,1.96,-0.84,-0.03,1.26
2020-06-04,3.56,3.56,3.58,3.54,113091,49392412.00,1.13,0.28,0.01,0.83
2020-06-05,3.56,3.57,3.58,3.55,78729,34420112.00,0.84,0.28,0.01,0.58
2020-06-08,3.58,3.55,3.58,3.54,99303,43370341.00,1.12,-0.56,-0.02,0.73
2020-06-09,3.55,3.56,3.56,3.54,85504,37309806.00,0.56,0.28,0.01,0.63
2020-06-10,3.56,3.55,3.56,3.53,57948,25238681.00,0.84,-0.28,-0.01,0.43
2020-06-11,3.55,3.53,3.57,3.52,127383,55555517.00,1.41,-0.56,-0.02,0.94
2020-06-12,3.48,3.51,3.53,3.48,87946,37948136.00,1.42,-0.57,-0.02,0.65
2020-06-15,3.50,3.50,3.54,3.49,80882,34982339.00,1.42,-0.28,-0.01,0.59
2020-06-16,3.51,3.53,3.54,3.51,57285,24825705.00,0.86,0.86,0.03,0.42
2020-06-17,3.54,3.54,3.54,3.51,59451,25732670.00,0.85,0.28,0.01,0.44
2020-06-18,3.52,3.55,3.56,3.50,103093,44783613.00,1.69,0.28,0.01,0.76
2020-06-19,3.54,3.57,3.58,3.53,133645,58369023.00,1.41,0.56,0.02,0.98
2020-06-22,3.56,3.59,3.63,3.55,205068,90461532.00,2.24,0.56,0.02,1.51
2020-06-23,3.56,3.57,3.58,3.55,92872,40635778.00,0.84,-0.56,-0.02,0.68
2020-06-24,3.58,3.65,3.76,3.57,314118,140882959.00,5.32,2.24,0.08,2.31
2020-06-29,3.68,3.59,3.70,3.56,225924,99896206.00,3.84,-1.64,-0.06,1.66
2020-06-30,3.59,3.63,3.64,3.57,184043,81196206.00,1.95,1.11,0.04,1.35
2020-07-01,3.61,3.69,3.71,3.61,298974,133734971.00,2.75,1.65,0.06,2.19
2020-07-02,3.69,3.83,3.85,3.64,573069,253583376.00,5.69,3.79,0.14,4.21
2020-07-03,3.83,4.02,4.08,3.81,763126,350220512.00,7.05,4.96,0.19,5.60
2020-07-06,4.13,4.49,4.49,4.04,1290046,638662224.00,11.19,11.69,0.47,9.47
2020-07-07,4.74,4.36,4.84,4.36,1447292,756876912.00,10.69,-2.90,-0.13,10.62
2020-07-08,4.30,4.55,4.62,4.27,1113262,571131920.00,8.03,4.36,0.19,8.17
2020-07-09,4.54,4.68,4.89,4.47,1255196,674921680.00,9.23,2.86,0.13,9.21
2020-07-10,4.60,4.38,4.64,4.37,949366,486940528.00,5.77,-6.41,-0.30,6.97
2020-07-13,4.33,4.44,4.49,4.29,655317,330973648.00,4.57,1.37,0.06,4.81
2020-07-14,4.42,4.34,4.44,4.29,475244,238598714.00,3.38,-2.25,-0.10,3.49
2020-07-15,4.36,4.18,4.38,4.17,457206,224598298.00,4.84,-3.69,-0.16,3.36
2020-07-16,4.20,4.16,4.37,4.14,615738,303122672.00,5.50,-0.48,-0.02,4.52
2020-07-17,4.19,4.14,4.24,4.10,339246,163986804.00,3.37,-0.48,-0.02,2.49
2020-07-20,4.16,4.31,4.33,4.13,399272,195875493.00,4.83,4.11,0.17,2.93
2020-07-21,4.29,4.22,4.31,4.19,262702,128749419.00,2.78,-2.09,-0.09,1.93
2020-07-22,4.20,4.25,4.35,4.20,332637,164367528.00,3.55,0.71,0.03,2.44
2020-07-23,4.20,4.17,4.25,4.07,308603,148626281.00,4.24,-1.88,-0.08,2.27
2020-07-24,4.13,4.00,4.19,3.97,287581,136493580.00,5.28,-4.08,-0.17,2.11
2020-07-27,4.00,3.98,4.03,3.93,156260,72258689.00,2.50,-0.50,-0.02,1.15
2020-07-28,4.00,3.99,4.02,3.95,115332,53633895.00,1.76,0.25,0.01,0.85
2020-07-29,3.98,4.06,4.07,3.95,177129,83048188.00,3.01,1.75,0.07,1.30
2020-07-30,4.05,3.98,4.07,3.97,177589,82972069.00,2.46,-1.97,-0.08,1.30
2020-07-31,3.98,4.00,4.06,3.96,156875,73180674.00,2.51,0.50,0.02,1.15
2020-08-03,4.05,4.09,4.09,4.03,235042,110960177.00,1.50,2.25,0.09,1.73
2020-08-04,4.09,4.15,4.21,4.05,399965,192192906.00,3.91,1.47,0.06,2.94
2020-08-05,4.11,4.08,4.12,4.06,229066,108524585.00,1.45,-1.69,-0.07,1.68
2020-08-06,4.08,4.09,4.10,4.04,170235,80604732.00,1.47,0.25,0.01,1.25
2020-08-07,4.07,4.01,4.08,3.99,164443,77174078.00,2.20,-1.96,-0.08,1.21
2020-08-10,4.00,4.06,4.08,3.99,128209,60308436.00,2.24,1.25,0.05,0.94
2020-08-11,4.06,4.04,4.17,4.04,293201,140134276.00,3.20,-0.49,-0.02,2.15
2020-08-12,4.04,4.05,4.10,3.99,197892,93069752.00,2.72,0.25,0.01,1.45
2020-08-13,4.05,4.07,4.09,4.03,160540,75818928.00,1.48,0.49,0.02,1.18
2020-08-14,4.06,4.12,4.14,4.03,206238,98035730.00,2.70,1.23,0.05,1.51
2020-08-17,4.15,4.28,4.37,4.13,555667,273707296.00,5.83,3.88,0.16,4.08
2020-08-18,4.33,4.27,4.36,4.22,366107,181213244.00,3.27,-0.23,-0.01,2.69
2020-08-19,4.24,4.21,4.29,4.21,250468,123001122.00,1.87,-1.41,-0.06,1.84
2020-08-20,4.19,4.12,4.20,4.10,221426,106573326.00,2.38,-2.14,-0.09,1.63
2020-08-21,4.15,4.12,4.16,4.09,124800,59794131.00,1.70,0.00,0.00,0.92
2020-08-24,4.14,4.11,4.15,4.09,115396,55073960.00,1.46,-0.24,-0.01,0.85
2020-08-25,4.13,4.08,4.14,4.07,161940,77166262.00,1.70,-0.73,-0.03,1.19
2020-08-26,4.09,4.04,4.11,4.02,127871,60334077.00,2.21,-0.98,-0.04,0.94
2020-08-27,4.05,4.06,4.08,4.02,93571,44077135.00,1.49,0.50,0.02,0.69
2020-08-28,4.08,4.17,4.17,4.07,243886,116917610.00,2.46,2.71,0.11,1.79
2020-08-31,4.16,4.13,4.21,4.11,271052,131045089.00,2.40,-0.96,-0.04,1.99
2020-09-01,4.13,4.15,4.17,4.11,160609,77018166.00,1.45,0.48,0.02,1.18
2020-09-02,4.16,4.11,4.17,4.09,134329,64238368.00,1.93,-0.96,-0.04,0.99
2020-09-03,4.12,4.10,4.14,4.08,134018,63943238.00,1.46,-0.24,-0.01,0.98
2020-09-04,4.06,4.08,4.09,4.02,154864,72950347.00,1.71,-0.49,-0.02,1.14
2020-09-07,4.05,4.05,4.11,4.04,137600,65198432.00,1.72,-0.74,-0.03,1.01
2020-09-08,4.05,4.12,4.13,4.04,163385,77529617.00,2.22,1.73,0.07,1.20
2020-09-09,4.09,4.21,4.28,4.06,405850,196871887.00,5.34,2.18,0.09,2.98
2020-09-10,4.23,4.14,4.29,4.11,354140,172093714.00,4.28,-1.66,-0.07,2.60
2020-09-11,4.14,4.03,4.17,3.99,270814,127574647.00,4.35,-2.66,-0.11,1.99
2020-09-14,4.03,4.05,4.10,4.01,171364,80544367.00,2.23,0.50,0.02,1.26
2020-09-15,4.03,4.03,4.05,4.01,92630,43441561.00,0.99,-0.49,-0.02,0.68
2020-09-16,4.03,4.02,4.08,4.01,94018,44144869.00,1.74,-0.25,-0.01,0.69
2020-09-17,4.02,4.01,4.05,4.00,92925,43535306.00,1.24,-0.25,-0.01,0.68
2020-09-18,4.01,4.11,4.12,4.01,208816,98838122.00,2.74,2.49,0.10,1.53
2020-09-21,4.14,4.09,4.16,4.08,147639,70424810.00,1.95,-0.49,-0.02,1.08
2020-09-22,4.06,4.09,4.25,4.03,239496,114355738.00,5.38,0.00,0.00,1.76
2020-09-23,4.09,4.06,4.10,4.05,112048,52948488.00,1.22,-0.73,-0.03,0.82
2020-09-24,4.05,4.00,4.05,3.99,107530,50297346.00,1.48,-1.48,-0.06,0.79
2020-09-25,4.01,4.00,4.03,3.98,65897,30717177.00,1.25,0.00,0.00,0.48
2020-09-28,4.01,3.97,4.02,3.97,64008,29723765.00,1.25,-0.75,-0.03,0.47
2020-09-29,3.98,3.98,4.01,3.97,66119,30673023.00,1.01,0.25,0.01,0.49
2020-09-30,3.97,3.90,3.99,3.89,94863,43633307.00,2.51,-2.01,-0.08,0.70
2020-10-09,3.94,3.95,3.96,3.93,68043,31335674.00,0.77,1.28,0.05,0.50
2020-10-12,3.96,4.06,4.08,3.95,178120,83601798.00,3.29,2.78,0.11,1.31
2020-10-13,4.05,4.02,4.06,4.00,95070,44530773.00,1.48,-0.99,-0.04,0.70
2020-10-14,4.03,4.02,4.05,4.00,86243,40410460.00,1.24,0.00,0.00,0.63
2020-10-15,4.02,4.05,4.11,4.02,161049,76059338.00,2.24,0.75,0.03,1.18
2020-10-16,4.04,4.12,4.15,4.03,234498,111777654.00,2.96,1.73,0.07,1.72
2020-10-19,4.12,4.07,4.20,4.06,255261,122197243.00,3.40,-1.21,-0.05,1.87
2020-10-20,4.05,4.05,4.07,4.02,130518,61451526.00,1.23,-0.49,-0.02,0.96
2020-10-21,4.06,4.13,4.16,4.04,209458,99819576.00,2.96,1.98,0.08,1.54
2020-10-22,4.12,4.15,4.19,4.10,193086,92619849.00,2.18,0.48,0.02,1.42
2020-10-23,4.14,4.14,4.22,4.11,279696,135238559.00,2.65,-0.24,-0.01,2.05
2020-10-26,4.14,4.05,4.19,4.02,226116,106980589.00,4.11,-2.17,-0.09,1.66
2020-10-27,4.04,3.99,4.05,3.96,125142,58271359.00,2.22,-1.48,-0.06,0.92
2020-10-28,3.98,3.94,3.99,3.92,117631,54200372.00,1.75,-1.25,-0.05,0.86
2020-10-29,3.93,4.02,4.03,3.92,192991,89905324.00,2.79,2.03,0.08,1.42
2020-10-30,4.02,4.03,4.18,4.00,403860,192815991.00,4.48,0.25,0.01,2.96
2020-11-02,4.12,4.18,4.23,4.05,407421,196546044.00,4.47,3.72,0.15,2.99
2020-11-03,4.18,4.18,4.23,4.14,256566,124244545.00,2.15,0.00,0.00,1.88
2020-11-04,4.19,4.17,4.23,4.14,183107,88806516.00,2.15,-0.24,-0.01,1.34
2020-11-05,4.20,4.19,4.20,4.15,179787,86789018.00,1.20,0.48,0.02,1.32
2020-11-06,4.19,4.14,4.19,4.11,131976,63227137.00,1.91,-1.19,-0.05,0.97
2020-11-09,4.15,4.20,4.22,4.12,253798,122649042.00,2.42,1.45,0.06,1.86
2020-11-10,4.25,4.18,4.29,4.17,277407,135752477.00,2.86,-0.48,-0.02,2.04
2020-11-11,4.17,4.21,4.25,4.16,204633,99647564.00,2.15,0.72,0.03,1.50
2020-11-12,4.19,4.15,4.21,4.12,168808,81230845.00,2.14,-1.43,-0.06,1.24
2020-11-13,4.12,4.06,4.12,4.05,138778,65771162.00,1.69,-2.17,-0.09,1.02
2020-11-16,4.07,4.11,4.11,4.04,127049,60227003.00,1.72,1.23,0.05,0.93
2020-11-17,4.11,4.17,4.18,4.08,148101,71031579.00,2.43,1.46,0.06,1.09
2020-11-18,4.15,4.25,4.28,4.14,356605,174377973.00,3.36,1.92,0.08,2.62
2020-11-19,4.24,4.31,4.34,4.20,464351,229635083.00,3.29,1.41,0.06,3.41
2020-11-20,4.28,4.25,4.29,4.23,231402,113783826.00,1.39,-1.39,-0.06,1.70
2020-11-23,4.26,4.27,4.31,4.23,380931,187979670.00,1.88,0.47,0.02,2.80
2020-11-24,4.25,4.17,4.26,4.16,269817,131408155.00,2.34,-2.34,-0.10,1.98
2020-11-25,4.19,4.24,4.34,4.18,429963,211420715.00,3.84,1.68,0.07,3.16
2020-11-26,4.24,4.26,4.28,4.18,291919,143237351.00,2.36,0.47,0.02,2.14
2020-11-27,4.27,4.41,4.45,4.26,718481,358944720.00,4.46,3.52,0.15,5.27
2020-11-30,4.45,4.37,4.63,4.37,1115138,577561024.00,5.90,-0.91,-0.04,7.74
2020-12-01,4.34,4.80,4.87,4.31,1891778,1008882928.00,12.81,9.84,0.43,13.14
2020-12-02,4.82,4.68,4.85,4.62,1289607,695111008.00,4.79,-2.50,-0.12,8.96
2020-12-03,4.66,4.81,4.99,4.55,1501026,817790496.00,9.40,2.78,0.13,10.42
2020-12-04,4.75,4.56,4.76,4.55,852365,450505712.00,4.37,-5.20,-0.25,5.92
2020-12-07,4.58,4.51,4.64,4.48,478460,249387834.00,3.51,-1.10,-0.05,3.32
2020-12-08,4.51,4.39,4.55,4.36,529505,269851008.00,4.21,-2.66,-0.12,3.68
2020-12-09,4.40,4.35,4.55,4.35,619469,316696960.00,4.56,-0.91,-0.04,4.30
2020-12-10,4.35,4.37,4.44,4.30,402137,202063046.00,3.22,0.46,0.02,2.79
2020-12-11,4.35,4.25,4.38,4.21,445433,220121735.00,3.89,-2.75,-0.12,3.09
2020-12-14,4.28,4.27,4.31,4.22,221783,109217194.00,2.12,0.47,0.02,1.54
2020-12-15,4.25,4.20,4.26,4.17,254768,123966948.00,2.11,-1.64,-0.07,1.77
2020-12-16,4.21,4.22,4.30,4.19,292834,143809709.00,2.62,0.48,0.02,2.03
2020-12-17,4.20,4.33,4.37,4.17,383388,189491356.00,4.74,2.61,0.11,2.66
2020-12-18,4.30,4.22,4.34,4.22,295809,145735508.00,2.77,-2.54,-0.11,2.05
2020-12-21,4.22,4.28,4.30,4.18,269999,132283047.00,2.84,1.42,0.06,1.88
2020-12-22,4.24,4.12,4.29,4.11,310814,151230226.00,4.21,-3.74,-0.16,2.16
2020-12-23,4.13,4.11,4.15,4.07,229916,109601556.00,1.94,-0.24,-0.01,1.60
2020-12-24,4.10,4.06,4.18,4.05,236824,112933771.00,3.16,-1.22,-0.05,1.64
2020-12-25,4.05,4.09,4.13,4.03,212415,100779585.00,2.46,0.74,0.03,1.48
2020-12-28,4.08,4.11,4.19,4.04,223026,106541697.00,3.67,0.49,0.02,1.55
2020-12-29,4.10,4.19,4.28,4.10,367321,178603352.00,4.38,1.95,0.08,2.55
2020-12-30,4.16,4.24,4.25,4.14,238376,115628600.00,2.63,1.19,0.05,1.66
2020-12-31,4.24,4.30,4.39,4.22,442599,219719155.00,4.01,1.42,0.06,3.07
2021-01-04,4.29,4.22,4.30,4.16,374928,182770651.00,3.26,-1.86,-0.08,2.60
2021-01-05,4.19,4.26,4.27,4.13,362081,175729375.00,3.32,0.95,0.04,2.51
2021-01-06,4.23,4.24,4.28,4.19,245580,120101895.00,2.11,-0.47,-0.02,1.71
2021-01-07,4.25,4.12,4.28,4.08,286698,138326538.00,4.72,-2.83,-0.12,1.99
2021-01-08,4.10,4.13,4.17,4.06,194534,92891730.00,2.67,0.24,0.01,1.35
2021-01-11,4.12,4.03,4.17,4.02,246299,117251108.00,3.63,-2.42,-0.10,1.71
2021-01-12,4.04,4.12,4.12,4.00,209406,98725148.00,2.98,2.23,0.09,1.45
2021-01-13,4.12,4.09,4.14,4.04,175500,83258427.00,2.43,-0.73,-0.03,1.22
2021-01-14,4.07,4.16,4.25,4.06,274132,132542236.00,4.65,1.71,0.07,1.90
2021-01-15,4.20,4.19,4.36,4.19,452484,222806608.00,4.09,0.72,0.03,3.14
2021-01-18,4.18,4.21,4.26,4.17,282154,137204317.00,2.15,0.48,0.02,1.96
2021-01-19,4.19,4.24,4.26,4.15,306460,149202171.00,2.61,0.71,0.03,2.13
2021-01-20,4.24,4.20,4.32,4.18,253729,124454269.00,3.30,-0.94,-0.04,1.76
2021-01-21,4.20,4.21,4.27,4.16,294136,143396300.00,2.62,0.24,0.01,2.04
2021-01-22,4.20,4.09,4.21,4.09,248630,119193052.00,2.85,-2.85,-0.12,1.73
2021-01-25,4.09,4.06,4.11,4.05,175232,82893487.00,1.47,-0.73,-0.03,1.22
2021-01-26,4.07,4.04,4.12,4.03,190757,90220961.00,2.22,-0.49,-0.02,1.32
2021-01-27,4.03,4.09,4.17,4.03,251646,119920082.00,3.47,1.24,0.05,1.75
2021-01-28,4.05,4.01,4.07,4.01,178158,83656146.00,1.47,-1.96,-0.08,1.24
2021-01-29,4.04,4.02,4.08,3.98,190680,89359142.00,2.49,0.25,0.01,1.32
2021-02-01,4.02,4.03,4.04,3.98,162903,76111348.00,1.49,0.25,0.01,1.13
2021-02-02,4.02,3.98,4.07,3.97,171576,80192198.00,2.48,-1.24,-0.05,1.19
2021-02-03,3.98,3.89,3.98,3.78,339080,154523986.00,5.03,-2.26,-0.09,2.35
2021-02-04,3.87,3.90,4.00,3.87,238409,109569216.00,3.34,0.26,0.01,1.66
2021-02-05,3.91,4.14,4.16,3.89,547824,259052145.00,6.92,6.15,0.24,3.80
2021-02-08,4.10,4.14,4.16,4.07,330525,158083918.00,2.17,0.00,0.00,2.30
2021-02-09,4.14,4.11,4.14,4.05,245102,116389104.00,2.17,-0.72,-0.03,1.70
2021-02-10,4.11,4.09,4.18,4.06,225676,107663467.00,2.92,-0.49,-0.02,1.57
2021-02-18,4.13,4.18,4.20,4.11,345351,166373692.00,2.20,2.20,0.09,2.40
2021-02-19,4.20,4.28,4.29,4.17,314513,154323050.00,2.87,2.39,0.10,2.18
2021-02-22,4.28,4.22,4.31,4.22,346950,171052051.00,2.10,-1.40,-0.06,2.41
2021-02-23,4.24,4.23,4.30,4.21,310134,152430733.00,2.13,0.24,0.01,2.15
2021-02-24,4.22,4.19,4.26,4.17,240476,117271223.00,2.13,-0.95,-0.04,1.67
2021-02-25,4.22,4.20,4.25,4.16,252174,122718065.00,2.15,0.24,0.01,1.75
2021-02-26,4.16,4.10,4.20,4.10,259680,124561033.00,2.38,-2.38,-0.10,1.80
2021-03-01,4.12,4.10,4.14,4.08,206632,98421275.00,1.46,0.00,0.00,1.43
2021-03-02,4.12,4.06,4.13,4.04,178336,84545255.00,2.20,-0.98,-0.04,1.24
2021-03-03,4.06,4.25,4.26,4.06,454569,219931741.00,4.93,4.68,0.19,3.16
2021-03-04,4.22,4.24,4.31,4.21,417756,205842100.00,2.35,-0.24,-0.01,2.90
2021-03-05,4.22,4.26,4.30,4.18,315994,154584364.00,2.83,0.47,0.02,2.19
2021-03-08,4.26,4.21,4.31,4.21,268574,132168279.00,2.35,-1.17,-0.05,1.87
2021-03-09,4.24,4.15,4.28,4.12,299535,145006060.00,3.80,-1.43,-0.06,2.08
2021-03-10,4.15,4.08,4.16,4.06,209574,99903316.00,2.41,-1.69,-0.07,1.46
2021-03-11,4.10,4.20,4.20,4.09,234410,113024271.00,2.70,2.94,0.12,1.63
2021-03-12,4.18,4.22,4.22,4.16,218527,106046051.00,1.43,0.48,0.02,1.52
2021-03-15,4.22,4.29,4.35,4.20,484851,239959314.00,3.55,1.66,0.07,3.37
2021-03-16,4.29,4.32,4.34,4.26,275311,136489132.00,1.86,0.70,0.03,1.91
2021-03-17,4.32,4.29,4.33,4.24,248689,122787057.00,2.08,-0.69,-0.03,1.73
2021-03-18,4.28,4.26,4.31,4.25,199499,98387538.00,1.40,-0.70,-0.03,1.39
2021-03-19,4.27,4.19,4.28,4.18,203685,99462788.00,2.35,-1.64,-0.07,1.41
2021-03-22,4.17,4.22,4.23,4.17,148722,72370092.00,1.43,0.72,0.03,1.03
2021-03-23,4.20,4.20,4.22,4.16,147389,71478688.00,1.42,-0.47,-0.02,1.02
2021-03-24,4.18,4.18,4.23,4.16,156114,75677348.00,1.67,-0.48,-0.02,1.08
2021-03-25,4.18,4.10,4.20,4.10,199696,95767810.00,2.39,-1.91,-0.08,1.39
2021-03-26,4.11,4.11,4.13,4.08,186640,88953027.00,1.22,0.24,0.01,1.30
2021-03-29,4.12,4.12,4.13,4.09,119547,57028879.00,0.97,0.24,0.01,0.83
2021-03-30,4.11,4.09,4.11,4.07,120358,57133874.00,0.97,-0.73,-0.03,0.84
2021-03-31,4.09,4.09,4.12,4.07,123934,58876995.00,1.22,0.00,0.00,0.86
2021-04-01,4.09,4.07,4.10,4.05,144148,68135381.00,1.22,-0.49,-0.02,1.00
2021-04-02,4.07,4.09,4.12,4.05,130934,61962948.00,1.72,0.49,0.02,0.91
2021-04-06,4.10,4.10,4.11,4.08,78796,37448218.00,0.73,0.24,0.01,0.55
2021-04-07,4.09,4.09,4.10,4.07,75985,36052302.00,0.73,-0.24,-0.01,0.53
2021-04-08,4.08,4.08,4.12,4.07,88457,42035150.00,1.22,-0.24,-0.01,0.61
2021-04-09,4.08,4.07,4.09,4.06,82814,39176210.00,0.74,-0.25,-0.01,0.58
2021-04-12,4.06,4.09,4.11,4.06,113470,53803927.00,1.23,0.49,0.02,0.79
2021-04-13,4.09,4.01,4.10,3.99,141026,66160571.00,2.69,-1.96,-0.08,0.98
2021-04-14,4.00,4.00,4.02,3.97,99456,46278807.00,1.25,-0.25,-0.01,0.69
2021-04-15,4.00,3.98,4.00,3.95,78149,36168717.00,1.25,-0.50,-0.02,0.54
2021-04-16,3.98,4.01,4.02,3.96,69114,32206435.00,1.51,0.75,0.03,0.48
2021-04-19,4.01,4.04,4.05,3.99,114528,53683343.00,1.50,0.75,0.03,0.80
2021-04-20,4.03,4.01,4.06,4.00,68454,32068428.00,1.49,-0.74,-0.03,0.48
2021-04-21,4.01,4.03,4.04,3.99,69660,32612971.00,1.25,0.50,0.02,0.48
2021-04-22,4.03,3.98,4.04,3.98,95704,44639519.00,1.49,-1.24,-0.05,0.66
2021-04-23,3.98,3.95,4.00,3.92,111120,51291411.00,2.01,-0.75,-0.03,0.77
2021-04-26,3.95,3.92,3.98,3.91,77986,35892206.00,1.77,-0.76,-0.03,0.54
2021-04-27,3.93,3.92,3.94,3.89,52385,23901720.00,1.28,0.00,0.00,0.36
2021-04-28,3.92,3.91,3.94,3.88,83013,37900319.00,1.53,-0.26,-0.01,0.58
2021-04-29,3.85,3.92,3.96,3.85,167615,76485551.00,2.81,0.26,0.01,1.16
2021-04-30,3.89,3.82,3.91,3.80,173820,78382131.00,2.81,-2.55,-0.10,1.21
2021-05-06,3.83,3.84,3.88,3.82,104483,47107819.00,1.57,0.52,0.02,0.73
2021-05-07,3.84,3.84,3.86,3.82,140967,63453561.00,1.04,0.00,0.00,0.98
2021-05-10,3.84,3.85,3.85,3.80,99277,44574884.00,1.30,0.26,0.01,0.69
2021-05-11,3.83,3.90,3.91,3.82,108325,49022480.00,2.34,1.30,0.05,0.75
2021-05-12,3.91,3.91,3.92,3.87,86203,39294793.00,1.28,0.26,0.01,0.60
2021-05-13,3.88,3.87,3.91,3.86,77596,35275632.00,1.28,-1.02,-0.04,0.54
2021-05-14,3.88,3.94,3.95,3.87,161931,74022291.00,2.07,1.81,0.07,1.12
2021-05-17,3.92,3.86,3.95,3.85,165599,75485506.00,2.54,-2.03,-0.08,1.15
2021-05-18,3.86,3.86,3.88,3.85,90554,40923076.00,0.78,0.00,0.00,0.63
2021-05-19,3.86,3.83,3.86,3.81,103891,46628143.00,1.30,-0.78,-0.03,0.72
2021-05-20,3.83,3.86,3.88,3.82,83407,37581473.00,1.57,0.78,0.03,0.58
2021-05-21,3.85,3.84,3.87,3.83,59917,26956617.00,1.04,-0.52,-0.02,0.42
2021-05-24,3.84,3.86,3.86,3.83,65331,29458150.00,0.78,0.52,0.02,0.45
2021-05-25,3.86,3.93,3.95,3.86,196408,89934158.00,2.33,1.81,0.07,1.36
2021-05-26,3.92,3.93,3.98,3.90,170324,78288057.00,2.04,0.00,0.00,1.18
2021-05-27,3.90,3.92,3.94,3.89,109390,50009390.00,1.27,-0.25,-0.01,0.76
2021-05-28,3.92,3.91,3.94,3.88,124073,56705056.00,1.53,-0.26,-0.01,0.86
2021-05-31,3.90,3.89,3.90,3.86,109080,49500923.00,1.02,-0.51,-0.02,0.76
2021-06-01,3.89,3.89,3.92,3.87,109268,49780416.00,1.29,0.00,0.00,0.76
2021-06-02,3.90,3.89,3.91,3.86,120436,54731488.00,1.29,0.00,0.00,0.84
2021-06-03,3.89,3.87,3.92,3.87,117648,53665030.00,1.29,-0.51,-0.02,0.82
2021-06-04,3.88,3.91,3.93,3.87,160125,73019854.00,1.55,1.03,0.04,1.11
2021-06-07,3.91,3.89,3.94,3.89,148558,67833078.00,1.28,-0.51,-0.02,1.03
2021-06-08,3.87,3.89,3.90,3.84,124084,54363849.00,1.54,0.00,0.00,0.86
2021-06-09,3.89,3.87,3.89,3.86,71144,31179739.00,0.77,-0.51,-0.02,0.49
2021-06-10,3.87,3.86,3.89,3.85,100392,43978362.00,1.03,-0.26,-0.01,0.70
2021-06-11,3.86,3.85,3.87,3.83,104239,45449122.00,1.04,-0.26,-0.01,0.72
2021-06-15,3.85,3.81,3.85,3.79,128584,55556565.00,1.56,-1.04,-0.04,0.89
2021-06-16,3.80,3.81,3.83,3.79,82247,35524124.00,1.05,0.00,0.00,0.57
2021-06-17,3.80,3.80,3.82,3.79,65507,28241814.00,0.79,-0.26,-0.01,0.45
2021-06-18,3.80,3.79,3.81,3.77,56772,24366727.00,1.05,-0.26,-0.01,0.39
2021-06-21,3.80,3.81,3.81,3.78,59881,25809935.00,0.79,0.53,0.02,0.42
2021-06-22,3.82,3.82,3.83,3.80,71884,31117919.00,0.79,0.26,0.01,0.50
2021-06-23,3.82,3.80,3.82,3.79,63937,27547699.00,0.79,-0.52,-0.02,0.44
2021-06-24,3.80,3.78,3.81,3.77,97753,41982230.00,1.05,-0.53,-0.02,0.68
2021-06-25,3.78,3.83,3.84,3.77,138843,59988874.00,1.85,1.32,0.05,0.96
2021-06-28,3.83,3.87,3.88,3.81,235096,102598887.00,1.83,1.04,0.04,1.63
2021-06-29,3.87,3.90,3.97,3.87,270922,120247337.00,2.58,0.78,0.03,1.88
2021-06-30,3.92,3.87,3.94,3.86,116720,51338679.00,2.05,-0.77,-0.03,0.81
2021-07-01,3.88,3.92,3.98,3.88,229827,102361513.00,2.58,1.29,0.05,1.60
2021-07-02,3.94,4.00,4.03,3.92,372492,167638377.00,2.81,2.04,0.08,2.59
2021-07-05,4.00,4.03,4.08,3.93,342651,155389197.00,3.75,0.75,0.03,2.38
2021-07-06,4.01,4.12,4.15,3.99,374092,172661665.00,3.97,2.23,0.09,2.60
2021-07-07,4.16,4.10,4.17,4.06,212135,97782853.00,2.67,-0.49,-0.02,1.47
2021-07-08,4.14,4.10,4.16,4.06,256190,118194901.00,2.44,0.00,0.00,1.78
2021-07-09,4.06,4.12,4.15,4.02,287461,132245898.00,3.17,0.49,0.02,2.00
2021-07-12,4.15,4.11,4.18,4.09,195402,90520002.00,2.18,-0.24,-0.01,1.36
2021-07-13,4.10,4.11,4.14,4.01,195371,90026136.00,3.16,0.00,0.00,1.36
2021-07-14,4.11,4.06,4.15,4.04,148124,68204240.00,2.68,-1.22,-0.05,1.03
2021-07-15,4.05,4.19,4.21,4.02,314301,146744219.00,4.68,3.20,0.13,2.18
2021-07-16,4.16,4.15,4.20,4.12,195127,91032288.00,1.91,-0.95,-0.04,1.36
2021-07-19,4.16,4.18,4.20,4.11,168625,78813787.00,2.17,0.72,0.03,1.17
2021-07-20,4.16,4.26,4.29,4.11,267579,126508749.00,4.31,1.91,0.08,1.86
2021-07-21,4.30,4.24,4.33,4.16,243537,115189959.00,3.99,-0.47,-0.02,1.69
2021-07-22,4.23,4.22,4.27,4.19,116954,55398514.00,1.89,-0.47,-0.02,0.81
2021-07-23,4.20,4.21,4.24,4.18,95675,45089058.00,1.42,-0.24,-0.01,0.66
2021-07-26,4.22,4.18,4.23,4.05,258617,120151390.00,4.28,-0.71,-0.03,1.80
2021-07-27,4.14,4.12,4.28,4.12,223260,105617711.00,3.83,-1.44,-0.06,1.55
2021-07-28,4.12,4.15,4.25,4.12,259803,122200707.00,3.16,0.73,0.03,1.80
2021-07-29,4.15,4.09,4.20,4.08,154804,71489165.00,2.89,-1.45,-0.06,1.08
2021-07-30,4.11,4.06,4.12,4.01,167263,76342164.00,2.69,-0.73,-0.03,1.16
2021-08-02,4.02,4.16,4.21,3.98,240275,111143055.00,5.67,2.46,0.10,1.67
2021-08-03,4.14,4.11,4.17,4.10,117945,54744682.00,1.68,-1.20,-0.05,0.82
2021-08-04,4.12,4.09,4.12,4.06,100381,46116211.00,1.46,-0.49,-0.02,0.70
2021-08-05,4.09,4.17,4.21,4.07,172065,80383973.00,3.42,1.96,0.08,1.19
2021-08-06,4.16,4.22,4.22,4.13,148272,69670648.00,2.16,1.20,0.05,1.03
2021-08-09,4.21,4.21,4.27,4.19,192219,91143014.00,1.90,-0.24,-0.01,1.33
2021-08-10,4.19,4.24,4.26,4.14,153169,72217134.00,2.85,0.71,0.03,1.06
2021-08-11,4.23,4.35,4.39,4.22,312185,151388768.00,4.01,2.59,0.11,2.17
2021-08-12,4.33,4.35,4.40,4.31,129910,63124244.00,2.07,0.00,0.00,0.90
2021-08-13,4.35,4.34,4.38,4.27,135990,65628469.00,2.53,-0.23,-0.01,0.94
2021-08-16,4.34,4.45,4.48,4.29,261630,128985533.00,4.38,2.53,0.11,1.82
2021-08-17,4.44,4.36,4.47,4.33,151166,74120176.00,3.15,-2.02,-0.09,1.05
2021-08-18,4.34,4.47,4.47,4.33,182805,89990547.00,3.21,2.52,0.11,1.27
2021-08-19,4.44,4.41,4.45,4.36,133633,65543667.00,2.01,-1.34,-0.06,0.93
2021-08-20,4.44,4.42,4.47,4.38,148768,73408208.00,2.04,0.23,0.01,1.03
2021-08-23,4.42,4.52,4.55,4.42,289729,145284548.00,2.94,2.26,0.10,2.01
2021-08-24,4.51,4.48,4.57,4.47,186483,93508390.00,2.21,-0.88,-0.04,1.30
2021-08-25,4.48,4.48,4.51,4.43,106370,52962491.00,1.79,0.00,0.00,0.74
2021-08-26,4.48,4.39,4.48,4.35,157772,77530403.00,2.90,-2.01,-0.09,1.10
2021-08-27,4.38,4.35,4.40,4.34,93110,45431302.00,1.37,-0.91,-0.04,0.65
2021-08-30,4.36,4.27,4.38,4.24,187866,90081449.00,3.22,-1.84,-0.08,1.30
2021-08-31,4.26,4.32,4.33,4.24,122606,58859727.00,2.11,1.17,0.05,0.85
2021-09-01,4.32,4.40,4.44,4.29,181933,88808524.00,3.47,1.85,0.08,1.26
2021-09-02,4.42,4.46,4.46,4.37,145119,71647239.00,2.05,1.36,0.06,1.01
2021-09-03,4.46,4.44,4.51,4.39,122994,61062558.00,2.69,-0.45,-0.02,0.85
2021-09-06,4.46,4.53,4.54,4.45,195234,98239659.00,2.03,2.03,0.09,1.36
2021-09-07,4.56,4.68,4.69,4.51,330946,169400952.00,3.97,3.31,0.15,2.30
2021-09-08,4.66,4.63,4.70,4.60,195087,100610295.00,2.14,-1.07,-0.05,1.35
2021-09-09,4.59,4.64,4.66,4.58,137130,70451133.00,1.73,0.22,0.01,0.95
2021-09-10,4.64,4.74,4.80,4.62,313002,163793125.00,3.88,2.16,0.10,2.17
2021-09-13,4.72,4.82,4.83,4.62,320217,167861156.00,4.43,1.69,0.08,2.22
2021-09-14,4.81,4.71,4.84,4.66,342643,179820769.00,3.73,-2.28,-0.11,2.38
2021-09-15,4.71,4.86,4.89,4.68,341994,182858039.00,4.46,3.18,0.15,2.37
2021-09-16,4.87,4.83,4.92,4.76,268161,143163192.00,3.29,-0.62,-0.03,1.86
2021-09-17,4.80,4.72,4.86,4.63,247382,129778446.00,4.76,-2.28,-0.11,1.72
2021-09-22,4.59,4.73,4.80,4.51,271054,139640881.00,6.14,0.21,0.01,1.88
2021-09-23,4.73,4.88,5.00,4.72,218167,117423309.00,5.92,3.17,0.15,1.52
2021-09-24,4.91,4.67,4.91,4.63,216920,113245101.00,5.74,-4.30,-0.21,1.51
2021-09-27,4.66,4.60,4.66,4.54,152060,77674763.00,2.57,-1.50,-0.07,1.06
2021-09-28,4.60,4.84,4.87,4.56,393486,208204830.00,6.74,5.22,0.24,2.73
2021-09-29,4.83,4.73,4.84,4.70,220754,116279670.00,2.89,-2.27,-0.11,1.53
2021-09-30,4.71,4.69,4.74,4.61,147487,76482064.00,2.75,-0.85,-0.04,1.02
2021-10-08,4.69,4.78,4.81,4.67,163030,85679796.00,2.99,1.92,0.09,1.13
2021-10-11,4.76,4.90,4.94,4.75,259618,139619136.00,3.97,2.51,0.12,1.80
2021-10-12,4.85,4.86,4.88,4.74,210523,112183260.00,2.86,-0.82,-0.04,1.46
2021-10-13,4.83,4.70,4.85,4.66,184062,96489838.00,3.91,-3.29,-0.16,1.28
2021-10-14,4.72,4.69,4.83,4.69,135370,71407052.00,2.98,-0.21,-0.01,0.94
2021-10-15,4.69,4.59,4.76,4.58,185194,95596724.00,3.84,-2.13,-0.10,1.29
2021-10-18,4.59,4.66,4.66,4.57,128818,66107967.00,1.96,1.53,0.07,0.89
2021-10-19,4.65,4.81,4.91,4.64,254233,134890753.00,5.79,3.22,0.15,1.77
2021-10-20,4.83,4.85,4.86,4.75,173161,92133788.00,2.29,0.83,0.04,1.20
2021-10-21,4.86,4.88,4.96,4.85,226062,122489801.00,2.27,0.62,0.03,1.57
2021-10-22,4.93,4.94,5.09,4.91,406202,223826047.00,3.69,1.23,0.06,2.82
2021-10-25,4.89,4.99,5.00,4.78,230723,125458164.00,4.45,1.01,0.05,1.60
2021-10-26,4.98,5.10,5.14,4.91,313702,174683794.00,4.61,2.20,0.11,2.18
2021-10-27,5.06,5.11,5.14,5.02,212508,118779472.00,2.35,0.20,0.01,1.48
2021-10-28,5.12,5.03,5.13,5.00,204896,114015968.00,2.54,-1.57,-0.08,1.42
2021-10-29,5.05,4.96,5.06,4.93,167851,92176202.00,2.58,-1.39,-0.07,1.17
2021-11-01,4.97,4.90,5.04,4.82,208008,112920100.00,4.44,-1.21,-0.06,1.44
2021-11-02,4.86,4.71,4.94,4.63,439955,232130025.00,6.33,-3.88,-0.19,3.06
2021-11-03,4.71,4.69,4.78,4.66,127416,66408985.00,2.55,-0.42,-0.02,0.88
2021-11-04,4.70,4.72,4.73,4.63,164059,85147166.00,2.13,0.64,0.03,1.14
2021-11-05,4.71,4.31,4.71,4.31,508173,250215213.00,8.47,-8.69,-0.41,3.53
2021-11-08,4.34,4.44,4.49,4.27,294305,144650176.00,5.10,3.02,0.13,2.04
2021-11-09,4.46,4.36,4.48,4.34,136347,66684307.00,3.15,-1.80,-0.08,0.95
2021-11-10,4.34,4.37,4.38,4.27,126900,61295720.00,2.52,0.23,0.01,0.88
2021-11-11,4.34,4.52,4.55,4.33,241138,119453770.00,5.03,3.43,0.15,1.67
2021-11-12,4.51,4.47,4.52,4.38,165578,82211519.00,3.10,-1.11,-0.05,1.15
2021-11-15,4.47,4.47,4.49,4.40,136103,67412340.00,2.01,0.00,0.00,0.95
2021-11-16,4.41,4.34,4.45,4.34,115130,56447144.00,2.46,-2.91,-0.13,0.80
2021-11-17,4.35,4.33,4.36,4.32,84305,40854494.00,0.92,-0.23,-0.01,0.59
2021-11-18,4.34,4.27,4.38,4.27,135934,65613278.00,2.54,-1.39,-0.06,0.94
2021-11-19,4.27,4.35,4.39,4.26,123033,59432241.00,3.04,1.87,0.08,0.85
2021-11-22,4.36,4.33,4.37,4.31,74563,36085099.00,1.38,-0.46,-0.02,0.52
2021-11-23,4.33,4.33,4.35,4.30,91286,44110934.00,1.15,0.00,0.00,0.63
2021-11-24,4.33,4.32,4.35,4.30,78484,37896847.00,1.15,-0.23,-0.01,0.55
2021-11-25,4.33,4.29,4.33,4.29,54038,26039234.00,0.93,-0.69,-0.03,0.38
2021-11-26,4.30,4.26,4.30,4.24,69638,33196303.00,1.40,-0.70,-0.03,0.48
2021-11-29,4.22,4.27,4.28,4.21,134282,63748347.00,1.64,0.23,0.01,0.88
2021-11-30,4.27,4.29,4.31,4.25,75992,36442849.00,1.41,0.47,0.02,0.50
2021-12-01,4.29,4.33,4.34,4.27,80000,38551404.00,1.63,0.93,0.04,0.53
2021-12-02,4.33,4.34,4.35,4.29,87278,42220149.00,1.39,0.23,0.01,0.58
2021-12-03,4.35,4.33,4.36,4.31,85962,41622748.00,1.15,-0.23,-0.01,0.57
2021-12-06,4.35,4.39,4.41,4.32,152857,74685590.00,2.08,1.39,0.06,1.01
2021-12-07,4.42,4.42,4.43,4.35,125256,61478770.00,1.82,0.68,0.03,0.83
2021-12-08,4.42,4.44,4.45,4.37,109644,53846390.00,1.81,0.45,0.02,0.72
2021-12-09,4.42,4.46,4.47,4.38,238916,118076407.00,2.03,0.45,0.02,1.57
2021-12-10,4.42,4.39,4.44,4.35,153683,75320703.00,2.02,-1.57,-0.07,1.01
2021-12-13,4.38,4.38,4.43,4.36,103999,50986828.00,1.59,-0.23,-0.01,0.69
2021-12-14,4.37,4.34,4.37,4.32,74680,36219928.00,1.14,-0.91,-0.04,0.49
2021-12-15,4.34,4.36,4.38,4.32,87106,42320609.00,1.38,0.46,0.02,0.57
2021-12-16,4.35,4.41,4.42,4.33,88610,43378909.00,2.06,1.15,0.05,0.58
2021-12-17,4.41,4.37,4.43,4.36,66271,32428401.00,1.59,-0.91,-0.04,0.44
2021-12-20,4.35,4.32,4.37,4.31,88780,43072561.00,1.37,-1.14,-0.05,0.58
2021-12-21,4.32,4.44,4.52,4.31,167668,82749188.00,4.86,2.78,0.12,1.10
2021-12-22,4.43,4.38,4.48,4.38,171002,84052066.00,2.25,-1.35,-0.06,1.13
2021-12-23,4.39,4.36,4.42,4.35,109170,53273257.00,1.60,-0.46,-0.02,0.72
2021-12-24,4.36,4.35,4.40,4.35,108698,53098868.00,1.15,-0.23,-0.01,0.72
2021-12-27,4.35,4.18,4.38,4.12,430512,204423823.00,5.98,-3.91,-0.17,2.84
2021-12-28,4.18,4.24,4.26,4.16,189562,89564251.00,2.39,1.44,0.06,1.25
2021-12-29,4.26,4.32,4.34,4.22,252408,121255894.00,2.83,1.89,0.08,1.66
2021-12-30,4.33,4.37,4.38,4.31,174821,85072244.00,1.62,1.16,0.05,1.15
2021-12-31,4.35,4.36,4.38,4.33,108547,52803952.00,1.14,-0.23,-0.01,0.72
2022-01-04,4.37,4.40,4.41,4.36,117125,57361698.00,1.15,0.92,0.04,0.77
2022-01-05,4.40,4.46,4.49,4.38,196304,97253659.00,2.50,1.36,0.06,1.29
2022-01-06,4.44,4.44,4.49,4.42,144731,71781382.00,1.57,-0.45,-0.02,0.95
2022-01-07,4.44,4.56,4.61,4.43,240173,121521174.00,4.05,2.70,0.12,1.58
2022-01-10,4.56,4.71,4.85,4.56,377322,197273652.00,6.36,3.29,0.15,2.49
2022-01-11,4.77,4.80,4.91,4.69,390386,207503166.00,4.67,1.91,0.09,2.57
2022-01-12,4.84,4.92,4.94,4.79,439891,237551571.00,3.13,2.50,0.12,2.90
2022-01-13,4.87,5.01,5.19,4.87,499714,277604576.00,6.50,1.83,0.09,3.29
2022-01-14,5.01,4.82,5.01,4.77,352573,189249807.00,4.79,-3.79,-0.19,2.32
2022-01-17,4.77,4.76,4.89,4.69,270759,142737018.00,4.15,-1.24,-0.06,1.78
2022-01-18,4.77,4.91,4.96,4.77,239020,128543908.00,3.99,3.15,0.15,1.57
2022-01-19,4.90,4.91,4.97,4.85,186007,100787435.00,2.44,0.00,0.00,1.23
2022-01-20,4.91,4.88,4.99,4.82,264201,142858802.00,3.46,-0.61,-0.03,1.74
2022-01-21,4.90,4.83,4.90,4.78,196838,105046073.00,2.46,-1.02,-0.05,1.30
2022-01-24,4.80,4.90,4.96,4.74,293508,157946536.00,4.55,1.45,0.07,1.93
2022-01-25,4.94,4.72,4.94,4.72,269299,142879996.00,4.49,-3.67,-0.18,1.77
2022-01-26,4.78,4.74,4.82,4.68,172702,90696751.00,2.97,0.42,0.02,1.14
2022-01-27,4.73,4.85,5.00,4.69,531536,286832208.00,6.54,2.32,0.11,3.50
2022-01-28,4.84,4.76,4.94,4.73,284862,151440415.00,4.33,-1.86,-0.09,1.88
2022-02-07,4.85,4.99,5.01,4.79,317360,172401402.00,4.62,4.83,0.23,2.09
2022-02-08,4.95,5.22,5.33,4.95,762025,434508592.00,7.62,4.61,0.23,5.02
2022-02-09,5.20,5.11,5.25,5.10,357984,203121466.00,2.87,-2.11,-0.11,2.36
2022-02-10,5.12,5.18,5.19,5.06,281478,158843810.00,2.54,1.37,0.07,1.85
2022-02-11,5.16,5.19,5.30,5.12,375602,214551453.00,3.47,0.19,0.01,2.47
2022-02-14,5.19,5.01,5.19,4.98,259132,144308562.00,4.05,-3.47,-0.18,1.71
2022-02-15,5.02,4.95,5.07,4.89,265998,145555048.00,3.59,-1.20,-0.06,1.75
2022-02-16,4.97,5.01,5.11,4.96,160757,89284448.00,3.03,1.21,0.06,1.06
2022-02-17,4.99,4.99,5.13,4.95,249953,138420248.00,3.59,-0.40,-0.02,1.65
2022-02-18,4.94,5.14,5.18,4.90,305947,171804832.00,5.61,3.01,0.15,2.02
2022-02-21,5.14,5.11,5.16,5.04,205826,115223925.00,2.33,-0.58,-0.03,1.36
2022-02-22,5.05,5.12,5.13,5.01,197306,110226292.00,2.35,0.20,0.01,1.30
2022-02-23,5.12,5.00,5.12,4.97,231316,127488556.00,2.93,-2.34,-0.12,1.52
2022-02-24,4.99,4.86,4.99,4.81,241814,130944625.00,3.60,-2.80,-0.14,1.59
2022-02-25,4.88,4.82,4.94,4.78,177251,94801368.00,3.29,-0.82,-0.04,1.17
2022-02-28,4.80,4.86,4.86,4.70,153312,81364053.00,3.32,0.83,0.04,1.01
2022-03-01,4.86,4.96,4.98,4.85,200959,109229797.00,2.67,2.06,0.10,1.32
2022-03-02,4.93,4.95,5.02,4.91,153580,84196010.00,2.22,-0.20,-0.01,1.01
2022-03-03,5.00,5.04,5.05,4.94,187641,103717766.00,2.22,1.82,0.09,1.24
2022-03-04,5.02,4.95,5.03,4.89,131370,71731346.00,2.78,-1.79,-0.09,0.87
2022-03-07,4.92,4.90,4.98,4.88,125622,68385215.00,2.02,-1.01,-0.05,0.83
2022-03-08,4.87,4.75,4.93,4.73,193693,103185196.00,4.08,-3.06,-0.15,1.28
2022-03-09,4.75,4.64,4.83,4.45,296184,152539025.00,8.00,-2.32,-0.11,1.95
2022-03-10,4.71,4.73,4.79,4.65,180881,94538819.00,3.02,1.94,0.09,1.19
2022-03-11,4.69,4.68,4.72,4.52,217960,111512109.00,4.23,-1.06,-0.05,1.44
2022-03-14,4.63,4.48,4.65,4.47,155990,79089912.00,3.85,-4.27,-0.20,1.03
2022-03-15,4.48,4.23,4.50,4.19,262873,127196471.00,6.92,-5.58,-0.25,1.73
2022-03-16,4.29,4.36,4.50,4.14,281632,136399145.00,8.51,3.07,0.13,1.86
2022-03-17,4.39,4.37,4.42,4.29,277632,135039897.00,2.98,0.23,0.01,1.83
2022-03-18,4.34,4.46,4.52,4.33,206432,102283454.00,4.35,2.06,0.09,1.36
2022-03-21,4.46,4.36,4.48,4.33,207232,101331685.00,3.36,-2.24,-0.10,1.37
2022-03-22,4.36,4.45,4.48,4.33,170410,83964934.00,3.44,2.06,0.09,1.12
2022-03-23,4.46,4.46,4.49,4.37,179670,88860708.00,2.70,0.22,0.01,1.18
2022-03-24,4.45,4.49,4.54,4.43,175571,87860894.00,2.47,0.67,0.03,1.16
2022-03-25,4.49,4.49,4.55,4.44,126504,63343419.00,2.45,0.00,0.00,0.83
2022-03-28,4.46,4.53,4.61,4.39,207849,104394891.00,4.90,0.89,0.04,1.37
2022-03-29,4.53,4.58,4.59,4.48,125808,63642404.00,2.43,1.10,0.05,0.83
2022-03-30,4.57,4.62,4.64,4.49,179579,91448413.00,3.28,0.87,0.04,1.18
2022-03-31,4.57,4.77,4.85,4.56,305378,160715378.00,6.28,3.25,0.15,2.01
2022-04-01,4.76,5.02,5.02,4.74,429196,234026944.00,5.87,5.24,0.25,2.83
2022-04-06,5.02,5.34,5.44,4.97,827553,480675984.00,9.36,6.37,0.32,5.45
2022-04-07,5.34,5.21,5.46,5.16,628040,364922576.00,5.62,-2.43,-0.13,4.14
2022-04-08,5.13,5.19,5.27,5.00,514091,290274448.00,5.18,-0.38,-0.02,3.39
2022-04-11,5.12,4.99,5.15,4.94,317393,176341934.00,4.05,-3.85,-0.20,2.09
2022-04-12,4.97,5.01,5.08,4.89,291583,159944001.00,3.81,0.40,0.02,1.92
2022-04-13,5.00,5.02,5.12,4.95,242874,135295843.00,3.39,0.20,0.01,1.60
2022-04-14,5.08,5.04,5.16,5.00,171835,95757443.00,3.19,0.40,0.02,1.13
2022-04-15,5.01,5.29,5.32,4.98,557043,319493696.00,6.75,4.96,0.25,3.67
2022-04-18,5.12,5.10,5.25,4.95,430623,241457640.00,5.67,-3.59,-0.19,2.84
2022-04-19,5.14,5.18,5.19,4.96,282039,157901734.00,4.51,1.57,0.08,1.86
2022-04-20,5.15,4.97,5.22,4.94,226589,125742849.00,5.41,-4.05,-0.21,1.49
2022-04-21,4.95,4.94,5.15,4.90,295354,163304183.00,5.03,-0.60,-0.03,1.95
2022-04-22,4.91,5.14,5.19,4.90,353666,198411994.00,5.87,4.05,0.20,2.33
2022-04-25,5.05,4.96,5.19,4.89,450804,248633021.00,5.84,-3.50,-0.18,2.97
2022-04-26,4.92,4.68,5.00,4.59,426694,225445342.00,8.27,-5.65,-0.28,2.81
2022-04-27,4.61,4.66,4.76,4.49,329952,170057678.00,5.77,-0.43,-0.02,2.17
2022-04-28,4.70,4.80,4.90,4.66,381272,202094774.00,5.15,3.00,0.14,2.51
2022-04-29,4.89,4.77,4.91,4.69,447825,237290949.00,4.58,-0.63,-0.03,2.95
2022-05-05,4.77,4.96,4.97,4.76,272965,147243577.00,4.40,3.98,0.19,1.80
2022-05-06,4.89,4.95,5.11,4.75,378062,205867612.00,7.26,-0.20,-0.01,2.49
2022-05-09,4.91,4.72,4.92,4.68,218129,115120933.00,4.85,-4.65,-0.23,1.44
2022-05-10,4.69,4.79,4.79,4.57,211834,109923443.00,4.66,1.48,0.07,1.40
2022-05-11,4.77,4.62,4.81,4.62,221492,115665888.00,3.97,-3.55,-0.17,1.46
2022-05-12,4.62,4.65,4.75,4.58,182666,94455437.00,3.68,0.65,0.03,1.20
2022-05-13,4.66,4.74,4.79,4.65,136247,71394524.00,3.01,1.94,0.09,0.90
2022-05-16,4.74,4.68,4.77,4.67,174353,90868950.00,2.11,-1.27,-0.06,1.15
2022-05-17,4.66,4.65,4.70,4.59,182266,93759561.00,2.35,-0.64,-0.03,1.20
2022-05-18,4.65,4.55,4.68,4.53,241541,122899022.00,3.23,-2.15,-0.10,1.59
2022-05-19,4.49,4.52,4.54,4.47,164041,82326276.00,1.54,-0.66,-0.03,1.08
2022-05-20,4.53,4.55,4.59,4.51,194285,98375121.00,1.77,0.66,0.03,1.28
2022-05-23,4.56,4.52,4.57,4.47,291907,146387375.00,2.20,-0.66,-0.03,1.92
2022-05-24,4.52,4.36,4.52,4.36,298668,146959830.00,3.54,-3.54,-0.16,1.97
2022-05-25,4.36,4.46,4.47,4.35,194538,95600782.00,2.75,2.29,0.10,1.28
2022-05-26,4.44,4.50,4.53,4.44,201845,100801977.00,2.02,0.90,0.04,1.33
2022-05-27,4.49,4.51,4.52,4.45,147867,73859030.00,1.56,0.22,0.01,0.97
2022-05-30,4.51,4.52,4.60,4.48,253116,127647969.00,2.66,0.22,0.01,1.67
2022-05-31,4.51,4.54,4.54,4.46,176949,88581590.00,1.77,0.44,0.02,1.17
2022-06-01,4.52,4.49,4.53,4.44,148724,74307796.00,1.98,-1.10,-0.05,0.98
2022-06-02,4.49,4.47,4.50,4.41,174558,86438256.00,2.00,-0.45,-0.02,1.15
2022-06-06,4.45,4.45,4.46,4.39,205278,101321421.00,1.57,-0.45,-0.02,1.35
2022-06-07,4.44,4.51,4.52,4.40,373234,185898671.00,2.70,1.35,0.06,2.46
2022-06-08,4.51,4.53,4.53,4.46,199559,99875061.00,1.55,0.44,0.02,1.31
2022-06-09,4.52,4.69,4.71,4.51,517611,266559867.00,4.42,3.53,0.16,3.41
2022-06-10,4.66,4.71,4.71,4.62,290910,150290039.00,1.92,0.43,0.02,1.92
2022-06-13,4.65,4.60,4.68,4.54,275738,140725061.00,2.97,-2.34,-0.11,1.82
2022-06-14,4.55,4.69,4.70,4.53,213040,109378681.00,3.70,1.96,0.09,1.40
2022-06-15,4.70,4.84,4.97,4.67,546154,292284624.00,6.40,3.20,0.15,3.60
2022-06-16,4.85,4.72,4.89,4.70,311979,159738293.00,3.93,-2.48,-0.12,2.06
2022-06-17,4.70,4.72,4.76,4.63,253349,127852977.00,2.75,0.00,0.00,1.67
2022-06-20,4.70,4.65,4.75,4.64,182176,91434150.00,2.33,-1.48,-0.07,1.20
2022-06-21,4.65,4.65,4.70,4.60,195311,97590633.00,2.15,0.00,0.00,1.29
2022-06-22,4.65,4.62,4.65,4.60,112586,56069696.00,1.08,-0.65,-0.03,0.74
2022-06-23,4.63,4.65,4.66,4.58,140904,69976958.00,1.73,0.65,0.03,0.93
2022-06-24,4.65,4.62,4.67,4.60,173779,86595551.00,1.51,-0.65,-0.03,1.14
2022-06-27,4.63,4.66,4.66,4.62,171161,85480941.00,0.87,0.87,0.04,1.13
2022-06-28,4.65,4.69,4.77,4.64,493031,248198990.00,2.79,0.64,0.03,3.25
2022-06-29,4.67,4.67,4.73,4.66,278933,140760856.00,1.49,-0.43,-0.02,1.84
2022-06-30,4.67,4.75,4.76,4.66,296631,150486993.00,2.14,1.71,0.08,1.95
2022-07-01,4.74,4.75,4.79,4.71,147724,75248841.00,1.68,0.00,0.00,0.97
2022-07-04,4.74,4.73,4.75,4.67,156335,79138985.00,1.68,-0.42,-0.02,1.03
2022-07-05,4.73,4.75,4.80,4.68,268568,136628995.00,2.54,0.42,0.02,1.77
2022-07-06,4.83,4.82,4.90,4.75,445518,230617347.00,3.16,1.47,0.07,2.94
2022-07-07,4.84,4.91,5.02,4.82,375208,198655555.00,4.15,1.87,0.09,2.47
2022-07-08,4.95,5.01,5.09,4.88,393924,210695054.00,4.28,2.04,0.10,2.60
2022-07-11,5.01,5.11,5.15,4.91,527577,285053878.00,4.79,2.00,0.10,3.48
2022-07-12,5.10,5.09,5.21,5.05,411267,225111314.00,3.13,-0.39,-0.02,2.71
2022-07-13,5.10,5.03,5.13,4.98,333191,179436831.00,2.95,-1.18,-0.06,2.20
2022-07-14,5.00,4.98,5.01,4.87,269982,143137395.00,2.78,-0.99,-0.05,1.78
2022-07-15,4.97,4.86,4.99,4.84,218684,114766974.00,3.01,-2.41,-0.12,1.44
2022-07-18,4.87,4.92,4.92,4.85,245745,128567041.00,1.44,1.23,0.06,1.62
2022-07-19,4.94,5.07,5.10,4.92,259504,139799249.00,3.66,3.05,0.15,1.71
2022-07-20,5.09,5.12,5.24,5.08,354907,195226531.00,3.16,0.99,0.05,2.34
2022-07-21,5.13,4.98,5.17,4.94,324280,173877586.00,4.49,-2.73,-0.14,2.14
2022-07-22,4.98,5.03,5.09,4.97,191345,102909311.00,2.41,1.00,0.05,1.26
2022-07-25,5.03,5.07,5.09,5.00,189307,102207730.00,1.79,0.80,0.04,1.25
2022-07-26,5.07,5.12,5.16,5.02,172252,93801345.00,2.76,0.99,0.05,1.13
2022-07-27,5.11,5.09,5.11,5.02,169929,91962683.00,1.76,-0.59,-0.03,1.12
2022-07-28,5.11,5.03,5.14,5.03,113482,61578491.00,2.16,-1.18,-0.06,0.75
2022-07-29,5.05,4.98,5.07,4.95,163528,87469986.00,2.39,-0.99,-0.05,1.08
2022-08-01,4.96,4.95,5.00,4.92,117355,62235111.00,1.61,-0.60,-0.03,0.77
2022-08-02,4.92,4.74,4.93,4.68,309190,158151985.00,5.05,-4.24,-0.21,2.04
2022-08-03,4.74,4.66,4.80,4.64,218368,110729658.00,3.38,-1.69,-0.08,1.44
2022-08-04,4.67,4.69,4.75,4.65,200851,101283088.00,2.15,0.64,0.03,1.32
2022-08-05,4.68,4.72,4.75,4.60,251086,126144240.00,3.20,0.64,0.03,1.65
2022-08-08,4.71,4.71,4.79,4.68,181955,92093365.00,2.33,-0.21,-0.01,1.20
2022-08-09,4.70,4.68,4.72,4.61,199813,100188178.00,2.34,-0.64,-0.03,1.32
2022-08-10,4.66,4.68,4.69,4.63,165863,83031612.00,1.28,0.00,0.00,1.09
2022-08-11,4.69,4.79,4.82,4.67,245737,125364023.00,3.21,2.35,0.11,1.62
2022-08-12,4.78,4.82,4.85,4.74,192342,99024895.00,2.30,0.63,0.03,1.27
2022-08-15,4.80,4.74,4.80,4.71,168825,86089145.00,1.87,-1.66,-0.08,1.11
2022-08-16,4.75,4.81,4.82,4.72,157198,80485713.00,2.11,1.48,0.07,1.04
2022-08-17,4.82,4.85,4.86,4.75,160801,83058044.00,2.29,0.83,0.04,1.06
2022-08-18,4.88,4.77,4.88,4.76,176077,90581561.00,2.47,-1.65,-0.08,1.16
2022-08-19,4.78,4.81,4.87,4.76,208513,107984496.00,2.31,0.84,0.04,1.37
2022-08-22,4.81,4.86,4.92,4.80,198408,103665332.00,2.49,1.04,0.05,1.31
2022-08-23,4.85,4.81,4.86,4.77,172484,88852266.00,1.85,-1.03,-0.05,1.14
2022-08-24,4.80,4.75,4.85,4.75,199728,102526919.00,2.08,-1.25,-0.06,1.32
2022-08-25,4.77,4.86,4.87,4.74,234961,121089375.00,2.74,2.32,0.11,1.55
2022-08-26,4.85,4.81,4.86,4.79,148882,76972142.00,1.44,-1.03,-0.05,0.98
2022-08-29,4.79,4.86,4.86,4.76,153488,79377856.00,2.08,1.04,0.05,1.01
2022-08-30,4.84,4.87,4.90,4.78,205741,106873360.00,2.47,0.21,0.01,1.36
2022-08-31,4.85,4.80,4.89,4.80,308180,159979178.00,1.85,-1.44,-0.07,2.03
2022-09-01,4.79,4.94,4.99,4.79,406012,213609769.00,4.17,2.92,0.14,2.68
2022-09-02,4.93,4.92,4.98,4.87,203364,107112477.00,2.23,-0.40,-0.02,1.34
2022-09-05,4.91,4.95,4.97,4.86,247650,130405736.00,2.24,0.61,0.03,1.63
2022-09-06,4.95,4.92,5.00,4.88,200994,105931929.00,2.42,-0.61,-0.03,1.32
2022-09-07,4.91,4.89,4.92,4.85,176968,92625998.00,1.42,-0.61,-0.03,1.17
2022-09-08,4.91,5.01,5.05,4.88,262746,139495767.00,3.48,2.45,0.12,1.73
2022-09-09,4.99,5.05,5.11,4.97,306142,165544756.00,2.79,0.80,0.04,2.02
2022-09-13,5.08,5.08,5.17,5.03,259277,141276031.00,2.77,0.59,0.03,1.71
2022-09-14,5.04,5.01,5.07,4.98,179776,96507442.00,1.77,-1.38,-0.07,1.18
2022-09-15,5.04,5.02,5.20,4.94,288981,155551868.00,5.19,0.20,0.01,1.90
2022-09-16,5.00,4.90,5.03,4.90,189474,100841274.00,2.59,-2.39,-0.12,1.25
2022-09-19,4.90,4.90,4.99,4.84,215544,112965204.00,3.06,0.00,0.00,1.42
2022-09-20,4.95,4.83,4.95,4.81,192457,100179732.00,2.86,-1.43,-0.07,1.27
2022-09-21,4.83,4.93,4.98,4.79,227623,119635182.00,3.93,2.07,0.10,1.50
2022-09-22,4.89,4.98,5.00,4.82,253624,133286776.00,3.65,1.01,0.05,1.67
2022-09-23,4.94,4.99,5.01,4.88,230967,122601504.00,2.61,0.20,0.01,1.52
2022-09-26,4.96,4.83,5.01,4.80,248198,130236981.00,4.21,-3.21,-0.16,1.64
2022-09-27,4.85,4.97,4.97,4.79,218189,114632630.00,3.73,2.90,0.14,1.44
2022-09-28,4.93,4.89,5.04,4.89,201912,107040689.00,3.02,-1.61,-0.08,1.33
2022-09-29,4.91,4.81,4.95,4.77,203748,106027581.00,3.68,-1.64,-0.08,1.34
2022-09-30,4.81,4.83,4.87,4.77,148490,76808412.00,2.08,0.42,0.02,0.98
2022-10-10,4.80,4.72,4.88,4.69,211657,108740966.00,3.93,-2.28,-0.11,1.39
2022-10-11,4.72,4.83,4.86,4.70,236136,121165921.00,3.39,2.33,0.11,1.56
2022-10-12,4.80,4.83,4.90,4.74,216543,111697981.00,3.31,0.00,0.00,1.43
2022-10-13,4.83,4.74,4.83,4.71,237440,120898723.00,2.48,-1.86,-0.09,1.56
2022-10-14,4.76,4.87,4.89,4.75,321920,167330692.00,2.95,2.74,0.13,2.12
2022-10-17,4.83,4.81,4.86,4.78,221691,114524005.00,1.64,-1.23,-0.06,1.46
2022-10-18,4.83,4.79,4.86,4.78,176378,90995333.00,1.66,-0.42,-0.02,1.16
2022-10-19,4.78,4.74,4.80,4.73,117106,59850393.00,1.46,-1.04,-0.05,0.77
2022-10-20,4.72,4.66,4.74,4.64,213268,107463072.00,2.11,-1.69,-0.08,1.41
2022-10-21,4.67,4.61,4.68,4.57,189656,94341533.00,2.36,-1.07,-0.05,1.25
2022-10-24,4.59,4.44,4.63,4.42,243395,118342768.00,4.56,-3.69,-0.17,1.60
2022-10-25,4.45,4.38,4.47,4.36,185420,88154168.00,2.48,-1.35,-0.06,1.22
2022-10-26,4.38,4.30,4.42,4.26,332871,156346483.00,3.65,-1.83,-0.08,2.19
2022-10-27,4.30,4.27,4.32,4.23,214040,98956109.00,2.09,-0.70,-0.03,1.41
2022-10-28,4.27,4.12,4.27,4.10,300986,136097009.00,3.98,-3.51,-0.15,1.98
2022-10-31,4.10,4.12,4.16,4.06,239295,106568017.00,2.43,0.00,0.00,1.58
2022-11-01,4.10,4.16,4.17,4.10,208218,93393573.00,1.70,0.97,0.04,1.37
2022-11-02,4.15,4.13,4.15,4.08,297625,132696013.00,1.68,-0.72,-0.03,1.96
2022-11-03,4.10,4.10,4.12,4.07,172181,76531310.00,1.21,-0.73,-0.03,1.13
2022-11-04,4.09,4.18,4.19,4.08,293735,132240956.00,2.68,1.95,0.08,1.94
2022-11-07,4.16,4.18,4.18,4.13,324111,145931972.00,1.20,0.00,0.00,2.14
2022-11-08,4.16,4.13,4.18,4.08,264820,118501505.00,2.39,-1.20,-0.05,1.74
2022-11-09,4.12,4.14,4.16,4.11,152276,68384388.00,1.21,0.24,0.01,1.00
2022-11-10,4.12,4.14,4.17,4.09,174118,78176728.00,1.93,0.00,0.00,1.15
2022-11-11,4.19,4.27,4.31,4.16,413000,189059514.00,3.62,3.14,0.13,2.72
2022-11-14,4.27,4.29,4.37,4.26,364702,170274312.00,2.58,0.47,0.02,2.40
2022-11-15,4.27,4.29,4.34,4.26,274252,127482465.00,1.86,0.00,0.00,1.81
2022-11-16,4.29,4.24,4.30,4.23,177209,81699848.00,1.63,-1.17,-0.05,1.17
2022-11-17,4.24,4.25,4.25,4.21,137801,63111968.00,0.94,0.24,0.01,0.91
2022-11-18,4.25,4.20,4.26,4.20,151268,69228439.00,1.41,-1.18,-0.05,1.00
2022-11-21,4.18,4.19,4.21,4.15,139778,63202169.00,1.43,-0.24,-0.01,0.92
2022-11-22,4.19,4.25,4.30,4.19,233146,107227990.00,2.63,1.43,0.06,1.54
2022-11-23,4.27,4.28,4.32,4.25,213892,99039695.00,1.65,0.71,0.03,1.41
2022-11-24,4.29,4.29,4.35,4.28,205858,95916810.00,1.64,0.23,0.01,1.36
2022-11-25,4.29,4.39,4.44,4.27,345803,163256184.00,3.96,2.33,0.10,2.28
2022-11-28,4.35,4.38,4.40,4.31,296361,139458382.00,2.05,-0.23,-0.01,1.95
2022-11-29,4.40,4.48,4.55,4.37,458825,221030630.00,4.11,2.28,0.10,2.97
2022-11-30,4.47,4.46,4.52,4.43,283898,136974378.00,2.01,-0.45,-0.02,1.84
2022-12-01,4.49,4.39,4.52,4.38,308970,147808220.00,3.14,-1.57,-0.07,2.00
2022-12-02,4.40,4.40,4.42,4.33,188496,89179721.00,2.05,0.23,0.01,1.22
2022-12-05,4.42,4.53,4.55,4.40,307566,148896152.00,3.41,2.95,0.13,1.99
2022-12-06,4.51,4.52,4.54,4.46,232147,112475799.00,1.77,-0.22,-0.01,1.50
2022-12-07,4.51,4.48,4.53,4.46,192080,92927547.00,1.55,-0.88,-0.04,1.24
2022-12-08,4.48,4.51,4.53,4.46,161941,78586912.00,1.56,0.67,0.03,1.05
2022-12-09,4.51,4.52,4.55,4.47,184573,89723173.00,1.77,0.22,0.01,1.20
2022-12-12,4.50,4.41,4.51,4.41,161338,77529150.00,2.21,-2.43,-0.11,1.05
2022-12-13,4.43,4.47,4.51,4.42,139363,67225972.00,2.04,1.36,0.06,0.90
2022-12-14,4.47,4.44,4.49,4.42,101302,48670843.00,1.57,-0.67,-0.03,0.66
2022-12-15,4.45,4.41,4.47,4.40,95320,45495529.00,1.58,-0.68,-0.03,0.62
2022-12-16,4.39,4.43,4.46,4.38,140385,67031468.00,1.81,0.45,0.02,0.91
2022-12-19,4.43,4.33,4.49,4.31,143229,67853311.00,4.06,-2.26,-0.10,0.93
2022-12-20,4.33,4.28,4.37,4.27,100240,46813274.00,2.31,-1.15,-0.05,0.65
2022-12-21,4.29,4.30,4.35,4.28,72685,33891919.00,1.64,0.47,0.02,0.47
2022-12-22,4.31,4.25,4.35,4.23,96218,44552410.00,2.79,-1.16,-0.05,0.62
2022-12-23,4.23,4.22,4.27,4.18,109847,50206695.00,2.12,-0.71,-0.03,0.71
2022-12-26,4.21,4.24,4.26,4.20,83821,38396857.00,1.42,0.47,0.02,0.54
2022-12-27,4.25,4.29,4.31,4.24,129662,60106342.00,1.65,1.18,0.05,0.84
2022-12-28,4.29,4.31,4.36,4.28,152601,71318720.00,1.86,0.47,0.02,0.99
2022-12-29,4.30,4.33,4.35,4.24,150754,70093998.00,2.55,0.46,0.02,0.98
2022-12-30,4.35,4.34,4.37,4.30,108593,50922784.00,1.62,0.23,0.01,0.70
2023-01-03,4.35,4.34,4.37,4.31,139181,65234930.00,1.38,0.00,0.00,0.90
2023-01-04,4.33,4.45,4.45,4.33,222723,106273035.00,2.76,2.53,0.11,1.44
2023-01-05,4.46,4.43,4.51,4.40,309907,148650045.00,2.47,-0.45,-0.02,2.01
2023-01-06,4.43,4.39,4.45,4.38,135087,64123837.00,1.58,-0.90,-0.04,0.88
2023-01-09,4.40,4.43,4.45,4.37,172290,82038795.00,1.82,0.91,0.04,1.12
2023-01-10,4.42,4.36,4.42,4.34,119967,56673394.00,1.81,-1.58,-0.07,0.78
2023-01-11,4.35,4.37,4.40,4.35,117064,55308156.00,1.15,0.23,0.01,0.76
2023-01-12,4.37,4.35,4.39,4.30,129016,60532006.00,2.06,-0.46,-0.02,0.84
2023-01-13,4.34,4.37,4.37,4.32,128283,60274472.00,1.15,0.46,0.02,0.83
2023-01-16,4.39,4.40,4.49,4.38,362750,173529179.00,2.52,0.69,0.03,2.35
2023-01-17,4.40,4.42,4.44,4.38,160518,76458454.00,1.36,0.45,0.02,1.04
2023-01-18,4.45,4.54,4.63,4.43,369277,180270474.00,4.52,2.71,0.12,2.39
2023-01-19,4.53,4.52,4.55,4.47,216763,105264769.00,1.76,-0.44,-0.02,1.40
2023-01-20,4.52,4.52,4.54,4.49,166428,80885143.00,1.11,0.00,0.00,1.08
2023-01-30,4.64,4.51,4.70,4.50,545632,267553732.00,4.42,-0.22,-0.01,3.53
2023-01-31,4.53,4.57,4.61,4.52,377422,185779294.00,2.00,1.33,0.06,2.44
2023-02-01,4.59,4.58,4.60,4.53,252029,123819109.00,1.53,0.22,0.01,1.63
2023-02-02,4.58,4.53,4.58,4.52,180617,88327608.00,1.31,-1.09,-0.05,1.17
2023-02-03,4.52,4.50,4.53,4.47,166783,80765399.00,1.32,-0.66,-0.03,1.08
2023-02-06,4.47,4.44,4.50,4.43,240963,115720576.00,1.56,-1.33,-0.06,1.56
2023-02-07,4.45,4.47,4.48,4.44,144224,69363659.00,0.90,0.68,0.03,0.93
2023-02-08,4.47,4.42,4.47,4.42,136982,65745935.00,1.12,-1.12,-0.05,0.89
2023-02-09,4.42,4.50,4.50,4.41,210585,101615608.00,2.04,1.81,0.08,1.36
2023-02-10,4.50,4.51,4.52,4.46,145687,70481667.00,1.33,0.22,0.01,0.94
2023-02-13,4.50,4.48,4.51,4.45,221036,106656099.00,1.33,-0.67,-0.03,1.43
2023-02-14,4.49,4.51,4.56,4.48,252160,122549778.00,1.79,0.67,0.03,1.63
2023-02-15,4.51,4.48,4.51,4.47,203053,98146349.00,0.89,-0.67,-0.03,1.32
2023-02-16,4.48,4.44,4.52,4.42,234120,113138925.00,2.23,-0.89,-0.04,1.52
2023-02-17,4.44,4.42,4.47,4.42,158567,75960770.00,1.13,-0.45,-0.02,1.03
2023-02-20,4.43,4.55,4.56,4.43,377004,183376570.00,2.94,2.94,0.13,2.44
2023-02-21,4.56,4.61,4.62,4.55,369052,182391949.00,1.54,1.32,0.06,2.39
2023-02-22,4.60,4.60,4.61,4.56,167512,82713097.00,1.08,-0.22,-0.01,1.09
2023-02-23,4.60,4.64,4.69,4.60,223648,111650891.00,1.96,0.87,0.04,1.45
2023-02-24,4.64,4.63,4.66,4.58,183315,91180212.00,1.72,-0.22,-0.01,1.19
2023-02-27,4.62,4.63,4.65,4.60,149980,74602087.00,1.08,0.00,0.00,0.97
2023-02-28,4.63,4.62,4.64,4.58,171967,85302230.00,1.30,-0.22,-0.01,1.11
2023-03-01,4.63,4.62,4.64,4.61,150481,74831392.00,0.65,0.00,0.00,0.97
2023-03-02,4.63,4.65,4.74,4.61,241798,121268328.00,2.81,0.65,0.03,1.57
2023-03-03,4.66,4.69,4.70,4.62,165330,82782241.00,1.72,0.86,0.04,1.07
2023-03-06,4.69,4.62,4.70,4.60,206179,102701865.00,2.13,-1.49,-0.07,1.34
2023-03-07,4.62,4.64,4.73,4.60,267456,134400801.00,2.81,0.43,0.02,1.73
2023-03-08,4.61,4.60,4.63,4.56,225498,111307428.00,1.51,-0.86,-0.04,1.46
2023-03-09,4.62,4.61,4.65,4.59,173351,86183419.00,1.30,0.22,0.01,1.12
2023-03-10,4.58,4.51,4.59,4.51,181478,88830837.00,1.74,-2.17,-0.10,1.18
2023-03-13,4.46,4.50,4.51,4.45,145509,70214362.00,1.33,-0.22,-0.01,0.94
2023-03-14,4.48,4.39,4.49,4.38,209565,99945899.00,2.44,-2.44,-0.11,1.36
2023-03-15,4.43,4.45,4.47,4.42,136992,65667849.00,1.14,1.37,0.06,0.89
2023-03-16,4.42,4.41,4.49,4.41,194214,93309657.00,1.80,-0.90,-0.04,1.26
2023-03-17,4.46,4.41,4.47,4.39,159669,76369278.00,1.81,0.00,0.00,1.03
2023-03-20,4.41,4.39,4.45,4.38,181892,86675515.00,1.59,-0.45,-0.02,1.18
2023-03-21,4.39,4.39,4.42,4.37,131020,62109057.00,1.14,0.00,0.00,0.85
2023-03-22,4.40,4.42,4.44,4.39,125503,59766622.00,1.14,0.68,0.03,0.81
2023-03-23,4.40,4.42,4.43,4.38,128644,61142729.00,1.13,0.00,0.00,0.83
2023-03-24,4.42,4.35,4.43,4.34,214823,101682705.00,2.04,-1.58,-0.07,1.39
2023-03-27,4.35,4.31,4.37,4.30,148000,69186077.00,1.61,-0.92,-0.04,0.96
2023-03-28,4.34,4.29,4.35,4.28,186133,86762477.00,1.62,-0.46,-0.02,1.21
2023-03-29,4.30,4.26,4.33,4.25,122987,56953752.00,1.86,-0.70,-0.03,0.80
2023-03-30,4.28,4.29,4.30,4.24,159929,73863301.00,1.41,0.70,0.03,1.04
2023-03-31,4.30,4.30,4.33,4.28,114291,53177344.00,1.17,0.23,0.01,0.74
2023-04-03,4.29,4.33,4.34,4.29,132119,61717462.00,1.16,0.70,0.03,0.86
2023-04-04,4.33,4.34,4.35,4.31,117586,54985479.00,0.92,0.23,0.01,0.76
2023-04-06,4.34,4.30,4.34,4.28,145554,67607165.00,1.38,-0.92,-0.04,0.94
2023-04-07,4.30,4.32,4.33,4.28,108152,50389138.00,1.16,0.47,0.02,0.70
2023-04-10,4.32,4.29,4.33,4.27,171513,79553565.00,1.39,-0.69,-0.03,1.11
2023-04-11,4.29,4.26,4.29,4.24,150299,69240974.00,1.17,-0.70,-0.03,0.97
2023-04-12,4.26,4.27,4.29,4.25,141700,65508469.00,0.94,0.23,0.01,0.92
2023-04-13,4.27,4.30,4.34,4.25,195151,90616455.00,2.11,0.70,0.03,1.26
2023-04-14,4.31,4.31,4.34,4.29,153233,71411956.00,1.16,0.23,0.01,0.99
2023-04-17,4.30,4.39,4.40,4.29,220319,103748371.00,2.55,1.86,0.08,1.43
2023-04-18,4.39,4.45,4.47,4.39,246807,118321439.00,1.82,1.37,0.06,1.60
2023-04-19,4.45,4.43,4.50,4.42,247646,119042385.00,1.80,-0.45,-0.02,1.60
2023-04-20,4.43,4.43,4.46,4.38,245245,116873437.00,1.81,0.00,0.00,1.59
2023-04-21,4.43,4.38,4.47,4.37,205226,97919454.00,2.26,-1.13,-0.05,1.33
2023-04-24,4.38,4.38,4.42,4.35,203654,96394512.00,1.60,0.00,0.00,1.32
2023-04-25,4.37,4.41,4.45,4.35,323226,153360559.00,2.28,0.68,0.03,2.09
2023-04-26,4.40,4.43,4.44,4.31,288266,136347288.00,2.95,0.45,0.02,1.87
2023-04-27,4.43,4.46,4.46,4.40,204368,97740283.00,1.35,0.68,0.03,1.32
2023-04-28,4.41,4.39,4.43,4.36,484830,229940234.00,1.57,-1.57,-0.07,3.14
2023-05-04,4.37,4.49,4.50,4.34,430924,206471524.00,3.64,2.28,0.10,2.79
2023-05-05,4.48,4.52,4.60,4.47,476618,233042522.00,2.90,0.67,0.03,3.09
2023-05-08,4.52,4.66,4.69,4.50,569069,283673907.00,4.20,3.10,0.14,3.69
2023-05-09,4.70,4.62,4.76,4.60,592571,298713274.00,3.43,-0.86,-0.04,3.84
2023-05-10,4.63,4.51,4.64,4.49,368751,180233597.00,3.25,-2.38,-0.11,2.39
2023-05-11,4.53,4.51,4.56,4.49,225162,109673782.00,1.55,0.00,0.00,1.46
2023-05-12,4.49,4.50,4.54,4.48,151825,73766727.00,1.33,-0.22,-0.01,0.98
2023-05-15,4.49,4.50,4.52,4.41,247168,118852033.00,2.44,0.00,0.00,1.60
2023-05-16,4.50,4.47,4.53,4.46,155773,75309275.00,1.56,-0.67,-0.03,1.01
2023-05-17,4.45,4.48,4.50,4.43,126581,61099250.00,1.57,0.22,0.01,0.82
2023-05-18,4.48,4.51,4.56,4.48,169376,82470029.00,1.79,0.67,0.03,1.10
2023-05-19,4.51,4.48,4.51,4.44,144054,69551162.00,1.55,-0.67,-0.03,0.93
2023-05-22,4.47,4.46,4.49,4.44,124745,60115063.00,1.12,-0.45,-0.02,0.81
2023-05-23,4.45,4.39,4.48,4.39,128946,61637238.00,2.02,-1.57,-0.07,0.84
2023-05-24,4.39,4.36,4.40,4.32,223859,105377831.00,1.82,-0.68,-0.03,1.45
2023-05-25,4.35,4.34,4.37,4.31,104101,48809645.00,1.38,-0.46,-0.02,0.67
2023-05-26,4.34,4.34,4.37,4.30,114633,53621678.00,1.61,0.00,0.00,0.74
2023-05-29,4.34,4.30,4.36,4.28,168560,78588867.00,1.84,-0.92,-0.04,1.09
2023-05-30,4.31,4.28,4.31,4.24,127954,59124210.00,1.63,-0.47,-0.02,0.83
2023-05-31,4.29,4.25,4.29,4.24,108683,50065602.00,1.17,-0.70,-0.03,0.70
2023-06-01,4.24,4.24,4.25,4.19,174124,79689411.00,1.41,-0.24,-0.01,1.13
2023-06-02,4.23,4.24,4.26,4.22,180691,82930420.00,0.94,0.00,0.00,1.17
2023-06-05,4.24,4.24,4.26,4.22,168049,77161976.00,0.94,0.00,0.00,1.09
2023-06-06,4.24,4.17,4.26,4.16,215234,98381029.00,2.36,-1.65,-0.07,1.39
2023-06-07,4.18,4.21,4.22,4.17,120281,54757373.00,1.20,0.96,0.04,0.78
2023-06-08,4.20,4.27,4.28,4.19,147889,67861232.00,2.14,1.43,0.06,0.96
2023-06-09,4.26,4.23,4.27,4.22,113306,52019944.00,1.17,-0.94,-0.04,0.73
2023-06-12,4.23,4.19,4.23,4.17,137269,62349396.00,1.42,-0.95,-0.04,0.89
2023-06-13,4.19,4.19,4.21,4.17,95437,43322856.00,0.95,0.00,0.00,0.62
2023-06-14,4.20,4.13,4.21,4.13,160137,72312871.00,1.91,-1.43,-0.06,1.04
2023-06-15,4.14,4.14,4.16,4.11,109513,49111577.00,1.21,0.24,0.01,0.71
2023-06-16,4.14,4.14,4.16,4.13,103786,46652321.00,0.72,0.00,0.00,0.67
2023-06-19,4.15,4.08,4.15,4.06,208860,92752527.00,2.17,-1.45,-0.06,1.35
2023-06-20,4.08,4.05,4.09,4.05,155673,68793497.00,0.98,-0.74,-0.03,1.01
2023-06-21,4.05,4.03,4.07,4.01,156815,68873604.00,1.48,-0.49,-0.02,1.02
2023-06-26,4.01,3.93,4.01,3.91,240024,103295800.00,2.48,-2.48,-0.10,1.55
2023-06-27,3.94,3.97,3.97,3.92,172549,74243431.00,1.27,1.02,0.04,1.12
2023-06-28,3.99,3.99,4.00,3.97,119827,49923568.00,0.76,0.50,0.02,0.78
2023-06-29,3.99,3.98,4.01,3.97,105186,43851248.00,1.00,-0.25,-0.01,0.68
2023-06-30,3.98,4.03,4.05,3.97,121020,50839392.00,2.01,1.26,0.05,0.78
2023-07-03,4.03,4.11,4.13,4.03,257469,109977329.00,2.48,1.99,0.08,1.67
2023-07-04,4.11,4.11,4.13,4.08,164840,70521991.00,1.22,0.00,0.00,1.07
2023-07-05,4.10,4.13,4.14,4.08,138765,59755122.00,1.46,0.49,0.02,0.90
2023-07-06,4.13,4.08,4.13,4.06,112630,48033902.00,1.69,-1.21,-0.05,0.73
2023-07-07,4.07,4.10,4.12,4.07,78314,33451688.00,1.23,0.49,0.02,0.51
2023-07-10,4.11,4.09,4.11,4.07,83363,35554076.00,0.98,-0.24,-0.01,0.54
2023-07-11,4.09,4.10,4.11,4.08,115955,49541839.00,0.73,0.24,0.01,0.75
2023-07-12,4.10,4.08,4.11,4.07,108288,46236266.00,0.98,-0.49,-0.02,0.70
2023-07-13,4.08,4.14,4.15,4.08,131158,56422177.00,1.72,1.47,0.06,0.85
2023-07-14,4.14,4.11,4.14,4.10,90924,39068530.00,0.97,-0.72,-0.03,0.59
2023-07-17,4.10,4.09,4.11,4.07,85916,36593059.00,0.97,-0.49,-0.02,0.56
2023-07-18,4.08,4.09,4.10,4.07,64377,27477967.00,0.73,0.00,0.00,0.42
2023-07-19,4.10,4.11,4.11,4.08,96291,41178158.00,0.73,0.49,0.02,0.62
2023-07-20,4.11,4.09,4.12,4.08,116713,50018447.00,0.97,-0.49,-0.02,0.76
2023-07-21,4.09,4.12,4.12,4.08,99433,42560307.00,0.98,0.73,0.03,0.64
2023-07-24,4.10,4.10,4.11,4.08,74509,31849225.00,0.73,-0.49,-0.02,0.48
2023-07-25,4.12,4.17,4.18,4.11,244104,105818750.00,1.71,1.71,0.07,1.58
2023-07-26,4.16,4.17,4.18,4.15,129777,56376653.00,0.72,0.00,0.00,0.84
2023-07-27,4.17,4.19,4.23,4.16,179960,78789716.00,1.68,0.48,0.02,1.17
2023-07-28,4.17,4.33,4.34,4.16,396401,177005344.00,4.30,3.34,0.14,2.57
2023-07-31,4.33,4.43,4.45,4.32,473290,216808051.00,3.00,2.31,0.10,3.07
2023-08-01,4.42,4.42,4.45,4.39,305594,140406175.00,1.35,-0.23,-0.01,1.98
2023-08-02,4.39,4.36,4.42,4.33,280288,127538607.00,2.04,-1.36,-0.06,1.82
2023-08-03,4.37,4.42,4.44,4.33,265546,121394853.00,2.52,1.38,0.06,1.72
2023-08-04,4.45,4.47,4.56,4.42,395830,184406312.00,3.17,1.13,0.05,2.56
2023-08-07,4.46,4.41,4.47,4.39,202181,93087702.00,1.79,-1.34,-0.06,1.31
2023-08-08,4.42,4.40,4.43,4.37,150874,69034904.00,1.36,-0.23,-0.01,0.98
2023-08-09,4.38,4.40,4.41,4.37,178401,81519083.00,0.91,0.00,0.00,1.16
2023-08-10,4.38,4.39,4.41,4.35,140396,64015126.00,1.36,-0.23,-0.01,0.91
2023-08-11,4.41,4.32,4.42,4.32,189076,85767795.00,2.28,-1.59,-0.07,1.22
2023-08-14,4.29,4.27,4.31,4.24,142906,63637192.00,1.62,-1.16,-0.05,0.93
2023-08-15,4.27,4.28,4.31,4.23,199801,88846808.00,1.87,0.23,0.01,1.29
2023-08-16,4.27,4.28,4.33,4.22,136315,60803785.00,2.57,0.00,0.00,0.88
2023-08-17,4.28,4.28,4.29,4.22,200398,88802798.00,1.64,0.00,0.00,1.30
2023-08-18,4.26,4.28,4.34,4.26,186401,83636911.00,1.87,0.00,0.00,1.21
2023-08-21,4.31,4.24,4.33,4.24,166466,74233573.00,2.10,-0.93,-0.04,1.08
2023-08-22,4.26,4.27,4.28,4.22,144335,63915180.00,1.42,0.71,0.03,0.93
2023-08-23,4.25,4.27,4.32,4.24,142247,63519220.00,1.87,0.00,0.00,0.92
2023-08-24,4.26,4.20,4.30,4.19,185340,81638787.00,2.58,-1.64,-0.07,1.20
2023-08-25,4.19,4.22,4.29,4.17,160811,71078030.00,2.86,0.48,0.02,1.04
2023-08-28,4.44,4.36,4.48,4.33,439788,201568889.00,3.55,3.32,0.14,2.85
2023-08-29,4.39,4.30,4.41,4.26,456737,205349379.00,3.44,-1.38,-0.06,2.96
2023-08-30,4.29,4.17,4.31,4.17,374617,164925226.00,3.26,-3.02,-0.13,2.43
2023-08-31,4.17,4.16,4.21,4.16,195355,85130347.00,1.20,-0.24,-0.01,1.27
2023-09-01,4.19,4.24,4.26,4.18,243011,107245612.00,1.92,1.92,0.08,1.57
2023-09-04,4.26,4.37,4.40,4.25,375471,170008910.00,3.54,3.07,0.13,2.43
2023-09-05,4.36,4.26,4.37,4.25,241005,107590979.00,2.75,-2.52,-0.11,1.56
2023-09-06,4.25,4.27,4.29,4.24,108442,48213457.00,1.17,0.23,0.01,0.70
2023-09-07,4.26,4.23,4.30,4.22,115978,51504318.00,1.87,-0.94,-0.04,0.75
2023-09-08,4.22,4.23,4.25,4.21,117029,51559222.00,0.95,0.00,0.00,0.76
2023-09-11,4.23,4.28,4.29,4.23,164495,73225314.00,1.42,1.18,0.05,1.07
2023-09-12,4.26,4.26,4.29,4.25,103181,45887203.00,0.93,-0.47,-0.02,0.67
2023-09-13,4.26,4.25,4.29,4.23,98873,43846470.00,1.41,-0.23,-0.01,0.64
2023-09-14,4.24,4.28,4.29,4.24,133154,59276654.00,1.18,0.71,0.03,0.86
2023-09-15,4.29,4.27,4.32,4.25,160725,71800572.00,1.64,-0.23,-0.01,1.04
2023-09-18,4.27,4.26,4.28,4.22,175638,77671863.00,1.41,-0.23,-0.01,1.14
2023-09-19,4.25,4.25,4.28,4.24,245086,108727612.00,0.94,-0.23,-0.01,1.59
2023-09-20,4.25,4.28,4.29,4.23,285181,126950432.00,1.41,0.71,0.03,1.85
2023-09-21,4.28,4.27,4.30,4.24,248883,110745860.00,1.40,-0.23,-0.01,1.61
2023-09-22,4.27,4.30,4.30,4.24,247956,110465862.00,1.41,0.70,0.03,1.61
2023-09-25,4.30,4.30,4.32,4.27,186280,83396615.00,1.16,0.00,0.00,1.21
2023-09-26,4.30,4.30,4.34,4.29,237507,106788544.00,1.16,0.00,0.00,1.54
2023-09-27,4.30,4.27,4.31,4.26,175959,78500378.00,1.16,-0.70,-0.03,1.14
2023-09-28,4.27,4.27,4.29,4.26,150767,67147479.00,0.70,0.00,0.00,0.98
2023-10-09,4.26,4.22,4.27,4.19,276532,121510454.00,1.87,-1.17,-0.05,1.79
2023-10-10,4.21,4.20,4.25,4.19,170071,74766090.00,1.42,-0.47,-0.02,1.10
2023-10-11,4.21,4.14,4.23,4.13,306822,133682566.00,2.38,-1.43,-0.06,1.99
2023-10-12,4.19,4.17,4.23,4.17,309114,135283404.00,1.45,0.72,0.03,2.00
2023-10-13,4.16,4.16,4.19,4.13,172986,75015607.00,1.44,-0.24,-0.01,1.12
2023-10-16,4.16,4.15,4.17,4.12,177952,76917408.00,1.20,-0.24,-0.01,1.15
2023-10-17,4.15,4.20,4.21,4.14,179542,78291791.00,1.69,1.20,0.05,1.16
2023-10-18,4.19,4.14,4.21,4.13,166350,72288622.00,1.90,-1.43,-0.06,1.08
2023-10-19,4.13,4.04,4.14,4.04,244436,104024411.00,2.42,-2.42,-0.10,1.58
2023-10-20,4.04,4.06,4.10,4.00,182375,77362259.00,2.48,0.50,0.02,1.18
2023-10-23,4.04,3.97,4.05,3.95,206164,86251647.00,2.46,-2.22,-0.09,1.34
2023-10-24,3.98,4.00,4.02,3.96,207503,86486582.00,1.51,0.76,0.03,1.34
2023-10-25,4.01,4.02,4.04,4.00,188808,79291762.00,1.00,0.50,0.02,1.22
2023-10-26,4.01,4.03,4.05,3.99,130906,55016848.00,1.49,0.25,0.01,0.85
2023-10-27,4.03,4.06,4.07,4.02,184102,77789012.00,1.24,0.74,0.03,1.19
2023-10-30,4.04,4.03,4.04,3.99,333218,139743998.00,1.23,-0.74,-0.03,2.16
2023-10-31,4.05,4.08,4.10,4.03,309731,131275595.00,1.74,1.24,0.05,2.01
2023-11-01,4.09,4.10,4.12,4.07,250360,107100812.00,1.23,0.49,0.02,1.62
2023-11-02,4.09,4.13,4.16,4.08,233388,100677806.00,1.95,0.73,0.03,1.51
2023-11-03,4.12,4.13,4.16,4.10,194698,83831295.00,1.45,0.00,0.00,1.26
2023-11-06,4.14,4.15,4.17,4.13,183317,79383512.00,0.97,0.48,0.02,1.19
2023-11-07,4.14,4.14,4.16,4.11,129217,55758142.00,1.20,-0.24,-0.01,0.84
2023-11-08,4.12,4.10,4.14,4.08,143354,61457355.00,1.45,-0.97,-0.04,0.93
2023-11-09,4.09,4.10,4.12,4.09,99201,42500003.00,0.73,0.00,0.00,0.64
2023-11-10,4.08,4.05,4.10,4.05,143514,60941190.00,1.22,-1.22,-0.05,0.93
2023-11-13,4.06,4.07,4.08,4.04,103303,43780172.00,0.99,0.49,0.02,0.67
2023-11-14,4.06,4.08,4.10,4.05,110187,46929184.00,1.23,0.25,0.01,0.71
2023-11-15,4.11,4.10,4.12,4.08,120530,51609736.00,0.98,0.49,0.02,0.78
2023-11-16,4.10,4.09,4.11,4.08,97569,41714279.00,0.73,-0.24,-0.01,0.63
2023-11-17,4.08,4.06,4.09,4.05,109317,46420975.00,0.98,-0.73,-0.03,0.71
2023-11-20,4.07,4.08,4.08,4.04,110111,46739650.00,0.99,0.49,0.02,0.71
2023-11-21,4.09,4.09,4.12,4.08,203537,87086857.00,0.98,0.25,0.01,1.32
2023-11-22,4.08,4.08,4.10,4.07,104936,44773940.00,0.73,-0.24,-0.01,0.68
2023-11-23,4.08,4.09,4.10,4.06,113841,48518084.00,0.98,0.25,0.01,0.74
2023-11-24,4.08,4.10,4.11,4.08,152955,65459133.00,0.73,0.24,0.01,0.99
2023-11-27,4.10,4.08,4.11,4.04,204784,86909974.00,1.71,-0.49,-0.02,1.33
2023-11-28,4.07,4.06,4.08,4.05,102959,43690909.00,0.74,-0.49,-0.02,0.67
2023-11-29,4.06,4.01,4.07,4.01,170335,71898970.00,1.48,-1.23,-0.05,1.10
2023-11-30,4.01,4.00,4.03,3.99,145526,60954228.00,1.00,-0.25,-0.01,0.94
2023-12-01,4.01,4.03,4.05,4.00,159968,67263600.00,1.25,0.75,0.03,1.04
2023-12-04,4.03,4.02,4.04,4.02,104817,44129798.00,0.50,-0.25,-0.01,0.68
2023-12-05,4.02,3.98,4.04,3.98,157978,66216540.00,1.49,-1.00,-0.04,1.02
2023-12-06,3.98,3.98,4.00,3.94,117204,48721208.00,1.51,0.00,0.00,0.76
2023-12-07,3.97,3.98,4.00,3.95,120696,50166669.00,1.26,0.00,0.00,0.78
2023-12-08,3.98,3.96,4.00,3.96,113589,47258781.00,1.01,-0.50,-0.02,0.74
2023-12-11,3.96,4.01,4.02,3.89,220765,91223734.00,3.28,1.26,0.05,1.43
2023-12-12,4.00,4.03,4.04,3.98,110575,46402945.00,1.50,0.50,0.02,0.72
2023-12-13,4.03,4.01,4.05,4.00,156449,65839038.00,1.24,-0.50,-0.02,1.01
2023-12-14,4.02,4.02,4.03,4.00,105054,44091707.00,0.75,0.25,0.01,0.68
2023-12-15,4.02,4.00,4.04,3.99,84625,35513542.00,1.24,-0.50,-0.02,0.55
2023-12-18,4.00,3.97,4.03,3.95,194542,81120690.00,2.00,-0.75,-0.03,1.26
2023-12-19,3.96,3.95,3.98,3.93,159774,65951813.00,1.26,-0.50,-0.02,1.03
2023-12-20,3.96,3.93,3.99,3.92,121035,50120232.00,1.77,-0.51,-0.02,0.78
2023-12-21,3.93,3.92,3.93,3.87,200848,82032759.00,1.53,-0.25,-0.01,1.30
2023-12-22,3.92,3.91,3.94,3.89,136533,55832470.00,1.28,-0.26,-0.01,0.88
2023-12-25,3.90,3.90,3.91,3.88,149108,60725073.00,0.77,-0.26,-0.01,0.97
2023-12-26,3.89,3.88,3.91,3.87,89378,36383793.00,1.03,-0.51,-0.02,0.58
2023-12-27,3.88,3.91,3.92,3.86,116278,47291883.00,1.55,0.77,0.03,0.75
2023-12-28,3.90,3.97,3.98,3.89,165948,68607324.00,2.30,1.53,0.06,1.07
2023-12-29,3.96,3.98,4.00,3.96,117936,49089864.00,1.01,0.25,0.01,0.76
2024-01-02,3.99,4.02,4.03,3.98,175908,73817317.00,1.26,1.01,0.04,1.14
2024-01-03,4.01,4.03,4.05,4.00,162939,68567237.00,1.24,0.25,0.01,1.06
2024-01-04,4.03,4.03,4.05,4.01,128952,54262388.00,0.99,0.00,0.00,0.84
2024-01-05,4.04,4.07,4.14,4.02,311981,133191600.00,2.98,0.99,0.04,2.02
2024-01-08,4.08,4.08,4.11,4.04,290209,123495352.00,1.72,0.25,0.01,1.88
2024-01-09,4.09,4.11,4.12,4.04,203858,86987214.00,1.96,0.74,0.03,1.32
2024-01-10,4.10,4.08,4.13,4.07,160626,68718005.00,1.46,-0.73,-0.03,1.04
2024-01-11,4.07,4.12,4.15,4.06,160731,68940147.00,2.21,0.98,0.04,1.04
2024-01-12,4.11,4.19,4.22,4.11,270902,118137211.00,2.67,1.70,0.07,1.75
2024-01-15,4.18,4.22,4.23,4.16,268857,117939031.00,1.67,0.72,0.03,1.74
2024-01-16,4.21,4.26,4.29,4.19,340316,150328553.00,2.37,0.95,0.04,2.20
2024-01-17,4.26,4.20,4.29,4.19,196750,87194003.00,2.35,-1.41,-0.06,1.27
2024-01-18,4.17,4.19,4.20,4.07,285627,123377529.00,3.10,-0.24,-0.01,1.85
2024-01-19,4.20,4.16,4.22,4.11,205382,89293432.00,2.63,-0.72,-0.03,1.33
2024-01-22,4.17,4.04,4.17,4.01,276946,118703657.00,3.85,-2.88,-0.12,1.79
2024-01-23,4.02,4.08,4.10,3.99,308197,130164640.00,2.72,0.99,0.04,2.00
2024-01-24,4.09,4.16,4.16,4.02,279614,119860679.00,3.43,1.96,0.08,1.81
2024-01-25,4.14,4.20,4.21,4.13,334125,145330378.00,1.92,0.96,0.04,2.16
2024-01-26,4.20,4.29,4.33,4.19,369678,164812548.00,3.33,2.14,0.09,2.39
2024-01-29,4.31,4.24,4.34,4.23,371799,165729398.00,2.56,-1.17,-0.05,2.41
2024-01-30,4.22,4.17,4.26,4.15,224459,98395571.00,2.59,-1.65,-0.07,1.45
2024-01-31,4.16,4.12,4.21,4.09,263954,114058158.00,2.88,-1.20,-0.05,1.71
2024-02-01,4.12,4.11,4.18,4.04,293290,125916359.00,3.40,-0.24,-0.01,1.90
2024-02-02,4.09,4.00,4.14,3.92,339781,143552790.00,5.35,-2.68,-0.11,2.20
2024-02-05,3.97,3.95,4.04,3.86,477097,196491106.00,4.50,-1.25,-0.05,3.09
2024-02-06,3.92,4.09,4.13,3.91,406939,171092848.00,5.57,3.54,0.14,2.64
2024-02-07,4.08,4.18,4.19,4.07,440301,190426193.00,2.93,2.20,0.09,2.85
2024-02-08,4.18,4.16,4.25,4.13,457293,199164916.00,2.87,-0.48,-0.02,2.96
2024-02-19,4.18,4.22,4.24,4.15,366259,160227882.00,2.16,1.44,0.06,2.37
2024-02-20,4.20,4.24,4.26,4.18,251695,110739030.00,1.90,0.47,0.02,1.63
2024-02-21,4.23,4.34,4.45,4.18,477324,216380942.00,6.37,2.36,0.10,3.09
2024-02-22,4.33,4.40,4.40,4.29,253804,114914768.00,2.53,1.38,0.06,1.64
2024-02-23,4.39,4.38,4.46,4.35,199313,91121631.00,2.50,-0.45,-0.02,1.29
2024-02-26,4.38,4.28,4.38,4.26,246198,110525286.00,2.74,-2.28,-0.10,1.59
2024-02-27,4.27,4.29,4.30,4.24,222778,99061002.00,1.40,0.23,0.01,1.44
2024-02-28,4.28,4.24,4.33,4.24,245523,109736895.00,2.10,-1.17,-0.05,1.59
2024-02-29,4.24,4.30,4.31,4.23,201167,89712091.00,1.89,1.42,0.06,1.30
2024-03-01,4.30,4.30,4.32,4.25,201665,90155130.00,1.63,0.00,0.00,1.31
2024-03-04,4.28,4.30,4.31,4.24,197979,88151844.00,1.63,0.00,0.00,1.28
2024-03-05,4.28,4.33,4.34,4.27,173669,77877526.00,1.63,0.70,0.03,1.12
2024-03-06,4.31,4.30,4.35,4.28,176207,79234418.00,1.62,-0.69,-0.03,1.14
2024-03-07,4.29,4.30,4.33,4.28,158050,70944096.00,1.16,0.00,0.00,1.02
2024-03-08,4.29,4.30,4.31,4.27,108071,48301279.00,0.93,0.00,0.00,0.70
2024-03-11,4.30,4.29,4.31,4.26,136133,60743112.00,1.16,-0.23,-0.01,0.88
2024-03-12,4.28,4.28,4.30,4.25,161415,71850387.00,1.17,-0.23,-0.01,1.05
2024-03-13,4.27,4.23,4.27,4.23,147595,65321385.00,0.93,-1.17,-0.05,0.96
2024-03-14,4.23,4.25,4.29,4.23,188774,83839703.00,1.42,0.47,0.02,1.22
2024-03-15,4.26,4.29,4.32,4.25,184135,82314919.00,1.65,0.94,0.04,1.19
2024-03-18,4.31,4.31,4.32,4.28,171383,76812553.00,0.93,0.47,0.02,1.11
2024-03-19,4.31,4.27,4.32,4.26,144679,64578535.00,1.39,-0.93,-0.04,0.94
2024-03-20,4.27,4.32,4.33,4.25,174154,78004906.00,1.87,1.17,0.05,1.13
2024-03-21,4.32,4.38,4.38,4.31,183438,83104187.00,1.62,1.39,0.06,1.19
2024-03-22,4.37,4.33,4.38,4.28,185712,83705941.00,2.28,-1.14,-0.05,1.20
2024-03-25,4.31,4.34,4.38,4.29,185485,83996341.00,2.08,0.23,0.01,1.20
2024-03-26,4.34,4.41,4.41,4.33,207721,94504769.00,1.84,1.61,0.07,1.35
2024-03-27,4.40,4.37,4.44,4.35,213869,98083141.00,2.04,-0.91,-0.04,1.39
2024-03-28,4.36,4.29,4.37,4.28,265970,119755114.00,2.06,-1.83,-0.08,1.72
2024-03-29,4.28,4.33,4.36,4.28,211585,95438453.00,1.86,0.93,0.04,1.37
2024-04-01,4.33,4.41,4.41,4.33,293852,133585938.00,1.85,1.85,0.08,1.90
2024-04-02,4.40,4.42,4.47,4.37,249747,114979876.00,2.27,0.23,0.01,1.62
2024-04-03,4.41,4.42,4.45,4.38,139408,64101417.00,1.58,0.00,0.00,0.90
2024-04-08,4.41,4.46,4.51,4.41,238637,110944488.00,2.26,0.90,0.04,1.55
2024-04-09,4.45,4.48,4.52,4.45,149396,69574721.00,1.57,0.45,0.02,0.97
2024-04-10,4.48,4.45,4.51,4.42,174220,80962104.00,2.01,-0.67,-0.03,1.13
2024-04-11,4.44,4.47,4.49,4.41,156087,72421741.00,1.80,0.45,0.02,1.01
2024-04-12,4.47,4.48,4.53,4.47,270284,126651143.00,1.34,0.22,0.01,1.75
2024-04-15,4.51,4.57,4.57,4.43,357485,168314103.00,3.13,2.01,0.09,2.32
2024-04-16,4.55,4.47,4.57,4.46,309008,144830091.00,2.41,-2.19,-0.10,2.00
2024-04-17,4.47,4.59,4.59,4.44,374112,175310074.00,3.36,2.68,0.12,2.42
2024-04-18,4.58,4.60,4.68,4.57,294590,141238343.00,2.40,0.22,0.01,1.91
2024-04-19,4.58,4.66,4.66,4.55,247800,119087766.00,2.39,1.30,0.06,1.61
2024-04-22,4.67,4.65,4.72,4.61,192425,92922362.00,2.36,-0.21,-0.01,1.25
2024-04-23,4.63,4.77,4.81,4.63,442650,216935031.00,3.87,2.58,0.12,2.87
2024-04-24,4.76,4.63,4.77,4.58,429064,207059954.00,3.98,-2.94,-0.14,2.78
2024-04-25,4.61,4.72,4.73,4.60,276697,134313080.00,2.81,1.94,0.09,1.79
2024-04-26,4.70,4.56,4.71,4.49,457921,217178555.00,4.66,-3.39,-0.16,2.97
2024-04-29,4.59,4.72,4.75,4.59,575883,280336902.00,3.51,3.51,0.16,3.73
2024-04-30,4.72,4.72,4.77,4.67,300635,147341131.00,2.12,0.00,0.00,1.95
2024-05-06,4.74,4.63,4.80,4.61,479603,232534582.00,4.03,-1.91,-0.09,3.11
2024-05-07,4.63,4.60,4.64,4.56,282568,134914541.00,1.73,-0.65,-0.03,1.83
2024-05-08,4.60,4.57,4.64,4.55,237659,113491436.00,1.96,-0.65,-0.03,1.54
2024-05-09,4.57,4.68,4.69,4.56,344071,166153442.00,2.84,2.41,0.11,2.23
2024-05-10,4.66,4.73,4.76,4.66,290370,142067833.00,2.14,1.07,0.05,1.88
2024-05-13,4.72,4.86,4.89,4.68,402774,200845254.00,4.44,2.75,0.13,2.61
2024-05-14,4.86,4.82,4.89,4.80,169007,84829953.00,1.85,-0.82,-0.04,1.09
2024-05-15,4.82,4.88,4.98,4.80,310176,157263065.00,3.73,1.24,0.06,2.01
2024-05-16,4.91,4.96,5.00,4.89,376704,193560608.00,2.25,1.64,0.08,2.44
2024-05-17,4.96,5.01,5.01,4.91,234255,120516995.00,2.02,1.01,0.05,1.52
2024-05-20,5.01,4.96,5.05,4.93,239922,123871695.00,2.40,-1.00,-0.05,1.55
2024-05-21,4.95,5.08,5.13,4.94,336443,175765163.00,3.83,2.42,0.12,2.18
2024-05-22,5.08,5.12,5.19,5.07,340553,180496953.00,2.36,0.79,0.04,2.21
2024-05-23,5.10,5.10,5.21,5.05,379816,201949270.00,3.13,-0.39,-0.02,2.46
2024-05-24,5.10,5.10,5.24,5.07,312112,166653047.00,3.33,0.00,0.00,2.02
2024-05-27,5.10,5.21,5.22,5.09,330483,176115117.00,2.55,2.16,0.11,2.14
2024-05-28,5.20,5.12,5.25,5.10,236477,126025391.00,2.88,-1.73,-0.09,1.53
2024-05-29,5.13,5.06,5.16,5.03,247055,130167998.00,2.54,-1.17,-0.06,1.60
2024-05-30,5.06,5.01,5.11,4.99,246375,128653918.00,2.37,-0.99,-0.05,1.59
2024-05-31,5.03,5.06,5.09,5.01,210381,109930430.00,1.60,1.00,0.05,1.36
2024-06-03,5.07,4.94,5.08,4.84,536648,273598099.00,4.74,-2.37,-0.12,3.47
2024-06-04,4.91,4.99,5.00,4.90,258040,132623540.00,2.02,1.01,0.05,1.67
2024-06-05,4.98,4.87,5.01,4.84,224621,114152247.00,3.41,-2.40,-0.12,1.45
2024-06-06,4.86,4.78,4.87,4.74,238600,118768529.00,2.67,-1.85,-0.09,1.54
2024-06-07,4.83,4.87,4.89,4.81,200330,97076149.00,1.67,1.88,0.09,1.30
2024-06-11,4.85,4.78,4.90,4.75,195761,93953151.00,3.08,-1.85,-0.09,1.27
2024-06-12,4.76,4.74,4.77,4.68,200630,94766755.00,1.88,-0.84,-0.04,1.30
2024-06-13,4.76,4.64,4.78,4.63,202914,94898035.00,3.16,-2.11,-0.10,1.31
